tree
version=v4
num_class=1
num_tree_per_iteration=1
label_index=0
max_feature_idx=15
objective=regression
feature_names=Column_0 Column_1 Column_2 Column_3 Column_4 Column_5 Column_6 Column_7 Column_8 Column_9 Column_10 Column_11 Column_12 Column_13 Column_14 Column_15
feature_infos=[0.0010224948875255625:1] [0.00097465886939571145:1] [0.0010729613733905579:1] [0.0010224948875255625:1] [0.00097465886939571145:1] [0.0010224948875255625:1] [0.0012787723785166241:1] [0.0010070493454179255:1] [0.00097465886939571145:1] [0.0011312217194570137:1] [0.0010070493454179255:1] [0.0010070493454179255:1] [0.0043227665706051877:1] [0.0010277492291880781:1] [0.50048732943469787:0.58333333333333337] [0.00097465886939571145:1]
tree_sizes=1527 1608 1608 1615 1607 1619 1605 1610 1627 1623 1613 1610 1620 1611 1621 1612 1633 1603 1626 1606 1631 1608 1601 1629 1614 1626 1587 1624 1618 1637 1620 1621 1615 1640 1594 1609 1607 1609 1567 1605 1605 1591 1602 1601 1622 1615 1600 1585 1593 1606 1617 1604 1599 1596 1626 1594 1613 1606 1593 1613 1618 1624 1601 1612 1626 1592 1609 1609 1583 1614 1599 1621 1615 1620 1617 1569 1580 1620 1594 1605 1600

Tree=0
num_leaves=15
num_cat=0
split_feature=1 0 1 8 8 3 1 3 2 5 9 3 0 13
split_gain=161.856 29.946 25.1123 14.7659 12.8409 6.44228 6.20867 6.16125 5.22089 6.74111 4.52405 4.49721 4.33295 4.20435
threshold=0.38406312490980687 0.67501568381430377 0.069028199709417523 0.60277992443757522 0.30227940076675408 0.70518693221523421 0.84412360085734706 0.88372922403211374 0.2976564109102679 0.89567887674593161 0.20039686445582719 0.89952528674333199 0.017075484796593699 0.052725675027959745
decision_type=2 2 2 2 2 2 2 2 2 2 2 2 2 2
left_child=2 8 3 12 11 -6 -3 13 -2 -10 -8 -4 -1 -5
right_child=1 6 4 7 5 -7 10 -9 9 -11 -12 -13 -14 -15
leaf_value=0.50591965974742792 0.50171683045445359 0.50069632811739029 0.50296576317941422 0.50015506082680472 0.50218591443005456 0.50147866478325132 0.49952827344381479 0.5006810763440207 0.50099043517129616 0.50195096136126716 0.50033365986003242 0.5014504770651359 0.50406810619474463 0.50315228787258404
leaf_weight=3737 53044 114342 54806 1261 103601 46718 22122 3664 120818 21520 82324 5377 20455 16220
leaf_count=3737 53044 114342 54806 1261 103601 46718 22122 3664 120818 21520 82324 5377 20455 16220
internal_value=0.501454 0.500844 0.502443 0.503511 0.502213 0.501966 0.500442 0.502545 0.501293 0.501136 0.500163 0.50283 0.504354 0.502936
internal_weight=670009 414170 255839 45337 210502 150319 218788 21145 195382 142338 104446 60183 24192 17481
internal_count=670009 414170 255839 45337 210502 150319 218788 21145 195382 142338 104446 60183 24192 17481
is_linear=0
shrinkage=1


Tree=1
num_leaves=15
num_cat=0
split_feature=1 1 8 0 1 2 9 14 8 1 3 14 3 3
split_gain=146.708 35.4103 17.9336 13.7571 12.6283 7.89947 6.7167 6.75981 5.54644 6.50391 4.46584 4.18985 4.06214 3.58655
threshold=0.5139266530223211 0.22309222409068266 0.47600738007380078 0.76201474591052043 0.040621977756286273 0.17137067947759521 0.18841472121082317 0.50111482858733702 0.86261065413239335 0.056936904174351252 0.85984337989054982 0.50070274103573076 0.90762106874147452 0.75723187043783879
decision_type=2 2 2 2 2 2 2 2 2 2 2 2 2 2
left_child=1 2 4 -2 13 -3 7 -5 9 -4 -7 -10 -6 -1
right_child=3 5 8 6 12 10 -8 -9 11 -11 -12 -13 -14 -15
leaf_value=0.0041361961712314422 -0.00043417902769250045 0.0010287432143929558 0.0019559329068464066 -0.0023034805776660414 0.0017691231286095449 0.00025741227453523482 -0.00091554113635392009 -0.00087334847020158375 0.0016221258393074468 0.00077283040489652208 -0.00046831285939280987 -0.00013299108865782503 0.00028738284542061853 0.0020725406575146932
leaf_weight=7311 166201 30058 15679 19818 49329 139739 126524 14171 4123 44831 24989 19401 5104 2957
leaf_count=7311 166201 30058 15679 19818 49329 139739 126524 14171 4123 44831 24989 19401 5104 2957
internal_value=5.50571e-06 0.00072693 0.00130787 -0.00075303 0.00193357 0.000283336 -0.00108318 -0.00170722 0.000826114 0.00107939 0.000147321 0.000174624 0.00163019 0.0035419
internal_weight=670235 343521 148735 326714 64701 194786 160513 33989 84034 60510 164728 23524 54433 10268
internal_count=670235 343521 148735 326714 64701 194786 160513 33989 84034 60510 164728 23524 54433 10268
is_linear=0
shrinkage=0.05


Tree=2
num_leaves=15
num_cat=0
split_feature=15 15 1 8 8 3 9 14 10 15 3 13 1 1
split_gain=133.814 25.0293 20.2024 10.955 10.1592 6.25112 5.51676 9.12577 5.47194 5.3487 5.10531 4.6312 4.85653 4.36388
threshold=0.44242816260927526 0.076740024745256943 0.76107455438716254 0.21535965845162686 0.66683902102723203 0.82069468181361227 0.43178290469532493 0.50111482858733702 0.72706678570695582 0.23888078307086533 0.91912489848010226 0.30639291656240814 0.020903122444178052 0.25794021658507643
decision_type=2 2 2 2 2 2 2 2 2 2 2 2 2 2
left_child=1 4 -2 13 8 9 7 -4 11 -5 -6 -1 -13 -3
right_child=2 3 6 5 10 -7 -8 -9 -10 -11 -12 12 -14 -15
leaf_value=0.0015594816073393029 -0.00029875003652889501 0.0017421125687038113 -0.0018393145270147954 0.00089176962139706222 0.0012523429845723015 -0.00015097401472143662 -0.0007741659419931695 -0.00070675781674866764 0.0014358112073531691 0.00030475668006664752 -0.0010991382546053229 0.0049301350204453143 0.0028097694735905281 0.00080925494411942145
leaf_weight=5161 213740 23971 42192 69739 17242 37802 88230 30749 10119 87486 2665 3491 11926 26282
leaf_count=5161 213740 23971 42192 69739 17242 37802 88230 30749 10119 87486 2665 3491 11926 26282
internal_value=9.89957e-06 0.000804831 -0.000617469 0.000595951 0.00181728 0.00042633 -0.00104014 -0.00136187 0.00238779 0.000565133 0.000937544 0.00285591 0.0032899 0.00125423
internal_weight=670795 295884 374911 245280 50604 195027 161171 72941 30697 157225 19907 20578 15417 50253
internal_count=670795 295884 374911 245280 50604 195027 161171 72941 30697 157225 19907 20578 15417 50253
is_linear=0
shrinkage=0.05


Tree=3
num_leaves=15
num_cat=0
split_feature=15 1 1 8 8 15 1 3 3 9 14 3 3 8
split_gain=121.004 22.1523 21.6269 11.4708 8.15598 7.46948 6.2244 4.98255 3.83823 3.83066 6.23463 3.71126 3.54324 3.44243
threshold=0.38407286895608389 0.63125422868741554 0.044681398210907226 0.58697012570060414 0.52800862068965537 0.2074168919239342 0.84412360085734706 0.88372922403211374 0.83206588788649871 0.41981439570982271 0.50111482858733702 0.70518693221523421 0.70518693221523421 0.97483749103034911
decision_type=2 2 2 2 2 2 2 2 2 2 2 2 2 2
left_child=2 -2 4 5 -1 8 -3 13 -4 10 -8 -5 -7 -6
right_child=1 6 3 11 7 12 9 -9 -10 -11 -12 -13 -14 -15
leaf_value=0.0030645400915425077 -9.4938363244049129e-05 -0.00062704741712635574 0.0015737956115464064 0.00047876111410042628 0.0019744976004225194 0.00085662284603171552 -0.0019722811723826609 -0.00057110903333059402 0.00053036495347647103 -0.00087128563580239355 -0.00078158446194607145 -0.00017970538462618035 6.3256814780332537e-05 -0.001419991188417529
leaf_weight=12860 165407 143015 49899 67104 12588 48724 26611 2729 10704 59936 18733 31418 19789 794
leaf_count=12860 165407 143015 49899 67104 12588 48724 26611 2729 10704 59936 18733 31418 19789 794
internal_value=-1.41283e-05 -0.000543212 0.000838854 0.000675101 0.00212554 0.000985143 -0.000841839 0.00137601 0.0013895 -0.00113362 -0.00148037 0.000268781 0.00062747 0.00177309
internal_weight=670311 413702 256609 227638 28971 129116 248295 16111 60603 105280 45344 98522 68513 13382
internal_count=670311 413702 256609 227638 28971 129116 248295 16111 60603 105280 45344 98522 68513 13382
is_linear=0
shrinkage=0.05


Tree=4
num_leaves=15
num_cat=0
split_feature=1 1 8 0 0 2 13 14 0 4 3 9 14 14
split_gain=108.572 25.3722 13.7255 11.2438 10.5639 5.41352 5.1662 6.26784 4.99072 4.86251 4.21851 4.10497 7.68006 4.3467
threshold=0.50194363643232232 0.23502649079720747 0.47600738007380078 0.044829606545259061 0.76585593374590466 0.17137067947759521 0.27070260524513245 0.50067249526042357 0.033100409037787305 0.81592480077488672 0.68926999233634545 0.18841472121082317 0.50064641268122123 0.50289857507729552
decision_type=2 2 2 2 2 2 2 2 2 2 2 2 2 2
left_child=1 2 3 -1 -2 -3 7 -4 -8 -5 -7 12 -6 -14
right_child=4 5 6 9 11 10 8 -9 -10 -11 -12 -13 13 -15
leaf_value=0.003330480549527864 -0.00036784008416266569 0.00087693986427138122 0.0022472353141032245 0.0016027882456055812 -0.0037811545097301718 0.00029662982344205269 0.002041196544191032 -0.00017827532488956949 0.0007577226692733665 0.000423158192136079 -0.00026897959650861553 -0.00079836765072943509 -0.0013430224630299368 0.001005587591209716
leaf_weight=8563 176807 27588 3011 49199 3128 102876 8828 23078 53323 10622 48511 124397 28203 2118
leaf_count=8563 176807 27588 3011 49199 3128 102876 8828 23078 53323 10622 48511 124397 28203 2118
internal_value=3.99805e-06 0.000639471 0.00110421 0.0016359 -0.000633271 0.000232774 0.000692157 0.000101659 0.000940029 0.00139333 0.000115384 -0.000930587 -0.00142231 -0.00117897
internal_weight=670252 335599 156624 68384 334653 178975 88240 26089 62151 59821 151387 157846 33449 30321
internal_count=670252 335599 156624 68384 334653 178975 88240 26089 62151 59821 151387 157846 33449 30321
is_linear=0
shrinkage=0.05


Tree=5
num_leaves=15
num_cat=0
split_feature=15 15 8 1 0 2 10 3 3 10 14 0 14 3
split_gain=100.609 25.0529 14.1759 11.3478 9.09805 5.95082 4.96089 5.25214 4.91244 4.68291 4.98591 4.56301 3.76012 3.59702
threshold=0.51412928470184271 0.2351071938778086 0.64216026216311783 0.020903122444178052 0.72242669445083429 0.25808462714182295 0.69501195245038805 0.79724079061961095 0.64674618859401478 0.21130586755586758 0.50065919606759357 0.10075096808150684 0.50259742012089814 0.71333773667987688
decision_type=2 2 2 2 2 2 2 2 2 2 2 2 2 2
left_child=1 2 3 -1 -2 -3 7 11 -4 10 -6 -5 -12 -7
right_child=4 5 8 6 9 13 -8 -9 -10 -11 12 -13 -14 -15
leaf_value=0.0033642963811930278 -0.00032720977778600484 0.00070018502359315378 0.00081447942676453377 0.0026367129543502944 -0.0029852884564023911 0.00020886287222443426 0.00075257806775760481 0.00065730171630690659 -0.00010572477061550593 -0.00072947686823531606 -0.0013167426390386164 0.0015042882477242121 0.00041472521216285658 -0.00033932801985559109
leaf_weight=7118 139773 45448 38992 12082 4125 98677 28930 12799 23093 146661 32620 33729 3469 42948
leaf_count=7118 139773 45448 38992 12082 4125 98677 28930 12799 23093 146661 32620 33729 3469 42948
internal_value=-3.94746e-06 0.000593056 0.00105934 0.00144443 -0.000632328 0.000202373 0.00128832 0.00155277 0.000472202 -0.000860541 -0.00133853 0.00180295 -0.00115031 4.26231e-05
internal_weight=670464 343816 156743 94658 326648 187073 87540 58610 62085 186875 40214 45811 36089 141625
internal_count=670464 343816 156743 94658 326648 187073 87540 58610 62085 186875 40214 45811 36089 141625
is_linear=0
shrinkage=0.05


Tree=6
num_leaves=15
num_cat=0
split_feature=15 1 1 8 8 5 2 15 9 14 6 9 14 9
split_gain=90.9767 16.6215 15.3028 10.1048 6.72403 5.29688 6.17615 5.08828 4.95266 6.37051 4.11221 4.0578 3.69 3.53331
threshold=0.38407286895608389 0.7690940656565658 0.048885785226567356 0.58296453678500804 0.86261065413239335 0.89567887674593161 0.15930052825573696 0.23888078307086533 0.18841472121082317 0.50064641268122123 0.88075013225604792 0.31821121956956372 0.50072306617702422 0.58833198271204767
decision_type=2 2 2 2 2 2 2 2 2 2 2 2 2 2
left_child=2 5 4 7 10 6 -2 13 9 -3 11 -1 -6 -4
right_child=1 8 3 -5 12 -7 -8 -9 -10 -11 -12 -13 -14 -15
leaf_value=0.0033932213322148117 0.00024603286821198904 -0.0036339729087743349 0.0014107219315630983 0.00021417182095238168 0.0026792552965752194 0.00046556622047275723 -0.00041251547798708049 0.0005338408101619429 -0.00072378917922876645 -0.00119662054521916 0.00049919118553646527 0.0019223277130226508 -0.00041408617330392842 0.00064871757917054089
leaf_weight=6664 43911 2957 48510 98350 1219 25931 188166 56052 124311 28710 3428 15820 4610 22163
leaf_count=6664 43911 2957 48510 98350 1219 25931 188166 56052 124311 28710 3428 15820 4610 22163
internal_value=1.03481e-07 -0.00045852 0.000739402 0.000594461 0.00176718 -0.000212184 -0.000287912 0.000889599 -0.000865991 -0.00142422 0.00211234 0.00235828 0.000232814 0.00117176
internal_weight=670802 413986 256816 225075 31741 258008 232077 126725 155978 31667 25912 22484 5829 70673
internal_count=670802 413986 256816 225075 31741 258008 232077 126725 155978 31667 25912 22484 5829 70673
is_linear=0
shrinkage=0.05


Tree=7
num_leaves=15
num_cat=0
split_feature=15 0 15 8 9 3 0 6 2 13 10 14 3 8
split_gain=85.2075 15.2966 15.2951 8.37225 6.6849 4.69721 4.60675 4.36145 4.22746 4.05251 3.77957 4.94431 3.83612 3.5632
threshold=0.38407286895608389 0.71064148776675506 0.053035203261593951 0.58697012570060414 0.34164144798146984 0.90357862850025872 0.2345318848853219 0.85916402809622605 0.38489887335414691 0.38592953213292586 0.21923683571948557 0.50065919606759357 0.71736231884057988 0.88930939661716069
decision_type=2 2 2 2 2 2 2 2 2 2 2 2 2 2
left_child=2 8 4 5 7 6 -4 9 -2 -1 11 -3 -12 -6
right_child=1 10 3 -5 13 -7 -8 -9 -10 -11 12 -13 -14 -15
leaf_value=0.001581970994483964 0.00013431817089642125 -0.0027453241436815896 0.0012797460804438313 0.00021138565053992152 0.0015679414827148739 -0.00014276325419540695 0.00064267876110359902 0.00047900561712314058 -0.00032259358130498086 0.0040852022632666112 -0.00049559951093224833 -0.0009956425972021414 -0.0010639121074653005 8.5731051116546078e-05
leaf_weight=2310 79425 4505 51225 95901 20296 11272 63620 1619 139605 5388 110747 38920 40571 5067
leaf_count=2310 79425 4505 51225 95901 20296 11272 63620 1619 139605 5388 110747 38920 40571 5067
internal_value=3.99223e-07 -0.000443566 0.00071603 0.000563491 0.00169257 0.000831236 0.000926834 0.00283792 -0.000156908 0.00333404 -0.000765975 -0.00117716 -0.000647974 0.00127183
internal_weight=670471 413773 256698 222018 34680 126117 114845 9317 219030 7698 194743 43425 151318 25363
internal_count=670471 413773 256698 222018 34680 126117 114845 9317 219030 7698 194743 43425 151318 25363
is_linear=0
shrinkage=0.05


Tree=8
num_leaves=15
num_cat=0
split_feature=1 1 0 3 3 9 1 9 5 14 14 10 10 14
split_gain=73.9186 15.7705 10.6058 7.78691 6.90212 5.81421 3.80531 4.60041 3.40816 4.37263 3.20473 3.18654 3.08487 4.67653
threshold=0.44623323630660455 0.096245497057704799 0.72242669445083429 0.62323797737117304 0.83206588788649871 0.32225248732315248 0.25794021658507643 0.12389934320555564 0.80961018543490715 0.50101317226597486 0.50072306617702422 0.32430838857725658 0.41516605777614451 0.50065616910907396
decision_type=2 2 2 2 2 2 2 2 2 2 2 2 2 2
left_child=1 3 8 5 6 -1 7 -3 10 -10 11 -2 13 -4
right_child=2 4 12 -5 -6 -7 -8 -9 9 -11 -12 -13 -14 -15
leaf_value=0.0028037460740543414 -0.0015213342840924874 0.0017983409368258685 -0.0021041533837675933 0.00061118038140819128 -0.00018746035988927723 0.001382211498437153 0.00032274534275059276 0.00064156557219449152 0.00076766300679138129 -0.00031365850888590642 -0.00019333915337079393 -0.00039941239410295581 -0.00055672217999360677 -0.00083824188790843383
leaf_weight=9617 9679 9648 8124 25442 41095 28539 105151 78739 18752 18645 119944 18286 107418 71541
leaf_count=9617 9679 9648 8124 25442 41095 28539 105151 78739 18752 18645 119944 18286 107418 71541
internal_value=3.76352e-06 0.000590348 -0.000466008 0.00128872 0.000401052 0.0017405 0.000526014 0.000767835 -0.000197897 0.000228549 -0.000305719 -0.000787722 -0.000731573 -0.000967336
internal_weight=670620 298231 372389 63598 234633 38156 193538 88387 185306 37397 147909 27965 187083 79665
internal_count=670620 298231 372389 63598 234633 38156 193538 88387 185306 37397 147909 27965 187083 79665
is_linear=0
shrinkage=0.05


Tree=9
num_leaves=15
num_cat=0
split_feature=15 15 4 9 15 0 9 14 1 8 13 14 8 2
split_gain=73.51 17.2051 9.21583 7.38608 5.97864 5.08249 4.20737 6.12225 4.15795 4.08031 3.41917 3.13932 2.73911 2.68086
threshold=0.51787395749260168 0.2351071938778086 0.71010010444437033 0.30250240847784204 0.82053038285915003 0.10075096808150684 0.42376930000692381 0.50111482858733702 0.0092189506685804948 0.43693400813036709 0.084166750008334193 0.50064641268122123 0.70626176551140774 0.12791604687443314
decision_type=2 2 2 2 2 2 2 2 2 2 2 2 2 2
left_child=1 2 3 5 13 -1 7 11 -5 -3 -10 -6 -4 -2
right_child=4 9 12 8 6 -7 -8 -9 10 -11 -12 -13 -14 -15
leaf_value=0.0028136049232311989 4.8609476064038188e-05 0.00044564494430237027 0.00058850586566066199 0.002778596413534114 -0.0027647129503593198 0.0013809211766550788 -0.00056326980338344942 -0.00052355163193150769 -0.00027175985739158167 -2.1959233495054798e-05 0.00093091079316948264 -0.001391279008056125 -0.00020343294013714706 -0.00045704991760840404
leaf_weight=9083 30932 82642 31854 2838 4951 19438 68104 22246 6453 107128 70195 26063 16613 171770
leaf_count=9083 30932 82642 31854 2838 4951 19438 68104 22246 6453 107128 70195 26063 16613 171770
internal_value=-4.83651e-06 0.000501724 0.000889875 0.00114692 -0.000546064 0.00183718 -0.000823612 -0.00115651 0.000899244 0.000181675 0.000829658 -0.00161053 0.000317054 -0.000379887
internal_weight=670310 346244 156474 108007 324066 28521 121364 53260 79486 189770 76648 31014 48467 202702
internal_count=670310 346244 156474 108007 324066 28521 121364 53260 79486 189770 76648 31014 48467 202702
is_linear=0
shrinkage=0.05


Tree=10
num_leaves=15
num_cat=0
split_feature=1 1 1 8 13 9 3 3 10 13 0 2 0 3
split_gain=65.6736 12.3491 11.8937 8.61146 6.0291 3.82865 3.70997 3.67045 3.66217 3.41032 3.02576 2.94765 2.82264 2.79004
threshold=0.38406312490980687 0.62746721205038314 0.028899203304212268 0.29047913355700755 0.18379754472806079 0.38427623650758691 0.89568940873791048 0.70518693221523421 0.21923683571948557 0.22228492600953101 0.22642238488233066 0.18704138933242437 0.93450130446307755 0.63907665372611722
decision_type=2 2 2 2 2 2 2 2 2 2 2 2 2 2
left_child=2 11 4 6 -1 -6 10 9 -3 -5 -4 -2 -10 -7
right_child=1 8 3 7 5 13 -8 -9 12 -11 -12 -13 -14 -15
leaf_value=7.8291852803701314e-05 0.00038623301505027915 -0.00095430897777229744 0.0015680171713091933 4.6563782985689519e-06 0.0035143955508718651 0.002400492455612024 -0.00013404608334984924 1.3137688129847141e-05 -0.0004105316681224983 0.00065035942477948327 0.00083934939588944544 -0.00015200273631115093 -0.0009030711353884527 0.0006602366998786208
leaf_weight=3776 31523 58212 25225 26173 4595 6356 6161 54186 157015 93501 32735 131761 35702 3612
leaf_count=3776 31523 58212 25225 26173 4595 6356 6161 54186 157015 93501 32735 131761 35702 3612
internal_value=2.72462e-06 -0.000386531 0.000631761 0.000537213 0.00185869 0.00232033 0.00103248 0.000354555 -0.000606759 0.000509143 0.00115648 -4.80929e-05 -0.000501778 0.00176989
internal_weight=670533 414213 256320 237981 18339 14563 64121 173860 250929 119674 57960 163284 192717 9968
internal_count=670533 414213 256320 237981 18339 14563 64121 173860 250929 119674 57960 163284 192717 9968
is_linear=0
shrinkage=0.05


Tree=11
num_leaves=15
num_cat=0
split_feature=15 15 15 8 10 15 13 4 14 15 5 13 14 8
split_gain=58.2581 11.3322 10.936 8.33522 4.54583 3.75449 3.74123 3.3774 3.14364 3.06723 3.07208 3.00423 2.99769 2.99617
threshold=0.3723328375876408 0.63130986449227078 0.040643224453445953 0.20777295266866078 0.19144373497733988 0.9153301374668027 0.31026447347202074 0.67873659457726165 0.50064641268122123 0.2351071938778086 0.89181875070903438 0.16790306899271737 0.50072306617702422 0.93274515335155594
decision_type=2 2 2 2 2 2 2 2 2 2 2 2 2 2
left_child=2 -2 6 -4 12 -6 8 9 -1 10 11 -5 13 -3
right_child=1 4 3 7 5 -7 -8 -9 -10 -11 -12 -13 -14 -15
leaf_value=0.0038993013739698277 -3.8851140388845986e-05 -0.0020463013556589905 0.001130794335230614 -0.0001546019292130884 -0.00033666121228390517 -0.00084958671902512497 0.0020070353925835793 4.6864318182082499e-05 0.00046312955676631367 0.00020482811169210391 0.0019528085471988484 0.00077669452644385734 -0.00080222955981226491 0.001178721716255217
leaf_weight=725 173778 8847 42679 10271 151151 46699 17416 59881 8126 49337 4709 55196 40446 784
leaf_count=725 173778 8847 42679 10271 151151 46699 17416 59881 8126 49337 4709 55196 40446 784
internal_value=9.33784e-06 -0.000348441 0.000616881 0.000502769 -0.000565441 -0.000457728 0.00158164 0.000353357 0.000744592 0.000506923 0.00071931 0.000630585 -0.000991004 -0.00178377
internal_weight=670045 421705 248340 222073 247927 197850 26267 179394 8851 119513 70176 65467 50077 9631
internal_count=670045 421705 248340 222073 247927 197850 26267 179394 8851 119513 70176 65467 50077 9631
is_linear=0
shrinkage=0.05


Tree=12
num_leaves=15
num_cat=0
split_feature=1 1 8 0 1 2 5 9 10 4 7 2 5 8
split_gain=50.8533 12.0932 9.09593 6.45789 5.73497 4.75646 4.32348 3.54065 3.44164 3.32297 4.13832 3.19559 3.14115 3.38506
threshold=0.50194363643232232 0.21121803769161965 0.71859436097962559 0.017075484796593699 0.84412360085734706 0.17137067947759521 0.77008790614515277 0.65556359543334952 0.6991934959349595 0.74173863946591234 0.10753352738679109 0.17137067947759521 0.89181875070903438 0.68269722856468007
decision_type=2 2 2 2 2 2 2 2 2 2 2 2 2 2
left_child=1 2 3 8 6 -3 11 9 -1 10 -5 -2 13 -7
right_child=4 5 -4 7 -6 12 -8 -9 -10 -11 -12 -13 -14 -15
leaf_value=0.0038525486793340117 -2.7662282357770422e-05 0.00075779196807777708 0.00019177070450179082 6.7789373854930843e-05 -0.00074855714640633937 0.00015932251494985036 0.00010308820016489831 0.00048943571933197146 0.0011257474196234606 0.00056746105757937704 0.0015550532336586131 -0.00053373928469659278 0.00066248247989688204 -0.00035172896529041248
leaf_weight=3057 40330 29508 44631 5278 105354 97022 50997 27745 1862 16938 41091 137685 19625 48650
leaf_count=3057 40330 29508 44631 5278 105354 97022 50997 27745 1862 16938 41091 137685 19625 48650
internal_value=-6.90034e-06 0.000428101 0.000781496 0.00105575 -0.000443256 0.000173036 -0.000302807 0.000960413 0.00282037 0.00116682 0.00138576 -0.000419086 6.86485e-05 -1.13531e-05
internal_weight=669773 335407 140602 95971 334366 194805 229012 91052 4919 63307 46369 178015 165297 145672
internal_count=669773 335407 140602 95971 334366 194805 229012 91052 4919 63307 46369 178015 165297 145672
is_linear=0
shrinkage=0.05


Tree=13
num_leaves=15
num_cat=0
split_feature=0 0 8 8 3 0 14 13 0 2 3 14 3 14
split_gain=45.4119 10.9929 8.17408 7.50489 4.82838 4.80244 4.7811 4.16576 4.79413 3.33084 3.29368 3.08007 3.16912 3.08293
threshold=0.53826365176420776 0.13132004034876815 0.87398702339204337 0.29464867759359287 0.62739013861360748 0.82512435982258825 0.50070274103573076 0.28656243978324319 0.017075484796593699 0.1948140415442868 0.044128838750111928 0.50057703423714284 0.71736231884057988 0.50051441690420528
decision_type=2 2 2 2 2 2 2 2 2 2 2 2 2 2
left_child=1 2 4 -3 7 9 -4 -1 -9 -2 -10 13 -13 -7
right_child=5 3 6 -5 -6 11 -8 8 10 -11 -12 12 -14 -15
leaf_value=0.00070046116015054863 7.171371916152594e-05 0.00063745857797141328 0.0015243550042116129 5.5776899851052934e-05 0.00062031360096031227 0.00061255861914136938 -0.00038704938152582784 0.0037977998744757645 -0.0003334164378510749 -0.00041229408739147872 0.0017723576344914442 -0.00049903999346748488 -0.0010901902386122647 -0.0032018229215609742
leaf_weight=11838 47092 77454 4084 195203 27151 694 16447 2761 2020 144977 23004 84352 31005 2238
leaf_count=11838 47092 77454 4084 195203 27151 694 16447 2761 2020 144977 23004 84352 31005 2238
internal_value=-4.76492e-06 0.00037737 0.000865671 0.000221016 0.00113394 -0.000447976 -6.83529e-06 0.00148589 0.00182053 -0.000293624 0.00160237 -0.000698602 -0.000657926 -0.00229896
internal_weight=670320 359962 87305 272657 66774 310358 20531 39623 27785 192069 25024 118289 115357 2932
internal_count=670320 359962 87305 272657 66774 310358 20531 39623 27785 192069 25024 118289 115357 2932
is_linear=0
shrinkage=0.05


Tree=14
num_leaves=15
num_cat=0
split_feature=15 1 0 3 13 9 5 2 10 9 3 5 3 3
split_gain=41.7125 9.46594 8.17737 6.87447 4.10348 4.08475 3.95635 4.207 3.74926 3.25556 2.9663 2.95144 2.87701 2.60409
threshold=0.38407286895608389 0.040621977756286273 0.67501568381430377 0.71333773667987688 0.23433792970577713 0.24391887449871805 0.89567887674593161 0.3808321981897112 0.21923683571948557 0.71910938532716473 0.89568940873791048 0.91160699752003616 0.27669374114262751 0.047933184222053969
decision_type=2 2 2 2 2 2 2 2 2 2 2 2 2 2
left_child=1 4 6 5 -1 -3 7 -2 -4 10 13 -7 -10 -6
right_child=2 3 8 -5 9 11 -8 -9 12 -11 -12 -13 -14 -15
leaf_value=0.00035522535609531993 0.00016056041555563235 0.0010511506977843059 -0.00090487262739560132 -1.572080794912928e-05 -0.00010839231474074256 0.00037718852667239518 0.00053985518753071405 -0.00034916033974772111 -5.8930341461437359e-05 0.00087652129579545227 0.00041803921259709915 0.0013090120463614381 -0.00052889593644103695 0.0027868812768502074
leaf_weight=6893 65261 35780 48721 69258 842 116088 23211 106609 43933 6622 1895 9169 125850 10004
leaf_count=6893 65261 35780 48721 69258 842 116088 23211 106609 43933 6622 1895 9169 125850 10004
internal_value=2.52633e-06 0.000503387 -0.000308163 0.000400837 0.00140287 0.000579988 -7.28657e-05 -0.000155614 -0.000518237 0.00177582 0.00224322 0.000445399 -0.000407288 0.00256211
internal_weight=670136 256551 413585 230295 26256 161037 195081 171870 218504 19363 12741 125257 169783 10846
internal_count=670136 256551 413585 230295 26256 161037 195081 171870 218504 19363 12741 125257 169783 10846
is_linear=0
shrinkage=0.05


Tree=15
num_leaves=15
num_cat=0
split_feature=0 15 8 10 14 8 0 0 10 13 14 14 13 2
split_gain=36.829 11.6195 6.55965 4.5635 5.68732 4.1477 3.42903 2.84427 2.97154 2.81883 2.63729 2.47678 3.36002 2.24103
threshold=0.55394634729534176 0.13639059635500919 0.53992326097105525 0.26975214334840114 0.50069204185392524 0.21535965845162686 0.017075484796593699 0.076966002747252765 0.23864373305034789 0.34587139892742613 0.50243310442813172 0.50069396286022505 0.12403840463932779 0.30159711185669164
decision_type=2 2 2 2 2 2 2 2 2 2 2 2 2 2
left_child=1 2 6 4 9 -3 -1 -7 13 -2 -6 -4 -13 -9
right_child=3 5 11 -5 10 7 -8 8 -10 -11 -12 12 -14 -15
leaf_value=0.0028029921243759802 -0.00051125427412445452 0.00055632077686898213 0.0012193711857480789 -0.00029798900948160042 -0.0006716746029375878 0.0011091999413784808 0.0011301534074335052 0.00049498462519183338 0.0001404413826908365 -0.0021932881246016071 0.00028296989294225339 -0.00084635088572904355 0.00044066525198765044 -0.00044766014570026479
leaf_weight=3312 3457 55108 7773 216983 62190 6424 40812 7447 169685 8912 8187 6000 32761 41119
leaf_count=3312 3457 55108 7773 216983 62190 6424 40812 7447 169685 8912 8187 6000 32761 41119
internal_value=-6.40202e-06 0.000327007 0.000818946 -0.000418469 -0.000734401 0.000167604 0.00125572 7.22604e-05 4.17391e-05 -0.00172318 -0.00056062 0.000404794 0.000241442 -0.000303117
internal_weight=670170 370441 90658 299729 82746 279783 44124 224675 218251 12369 70377 46534 38761 48566
internal_count=670170 370441 90658 299729 82746 279783 44124 224675 218251 12369 70377 46534 38761 48566
is_linear=0
shrinkage=0.05


Tree=16
num_leaves=15
num_cat=0
split_feature=1 0 8 1 2 5 10 4 0 3 3 11 11 10
split_gain=32.8504 9.80388 6.65293 5.71699 3.93218 4.56101 3.14303 3.03133 2.98731 2.85593 2.84774 2.77092 2.49245 2.21979
threshold=0.27708169806384098 0.60872363046276101 0.50477100974232914 0.040621977756286273 0.23064893205972839 0.89181875070903438 0.19144373497733988 0.68665258651328298 0.10075096808150684 0.67373788949420399 0.91912489848010226 0.62275831967778006 0.93469768504416695 0.7383674269289634
decision_type=2 2 2 2 2 2 2 2 2 2 2 2 2 2
left_child=2 4 3 -1 -2 11 -3 8 -4 12 13 -6 -8 -5
right_child=1 6 7 10 5 -7 9 -9 -10 -11 -12 -13 -14 -15
leaf_value=0.0019467087128468578 0.00045140100390699217 -0.0007780250505065731 0.00090378570428713886 0.00098785672292630721 -0.00034733307465805992 0.00053405929423669906 -0.00027357888976165678 -0.00010951748920579069 0.00021041601202025393 -0.00061197110995271599 -0.00031913249458864041 9.2124326629605064e-05 0.00053988986612945277 0.00034803966408173
leaf_weight=11028 43445 51144 25351 51071 95772 25954 135078 32879 40116 66770 5979 57349 10122 18455
leaf_count=11028 43445 51144 25351 51071 95772 25954 135078 32879 40116 66770 5979 57349 10122 18455
internal_value=-3.67718e-06 -0.000219614 0.000563537 0.000883294 2.46744e-05 -7.88528e-05 -0.000426212 0.000282188 0.000478912 -0.000341327 0.000727976 -0.000182741 -0.000216871 0.000818024
internal_weight=670513 485634 184879 86533 222520 179075 263114 98346 65467 211970 75505 153121 145200 69526
internal_count=670513 485634 184879 86533 222520 179075 263114 98346 65467 211970 75505 153121 145200 69526
is_linear=0
shrinkage=0.05


Tree=17
num_leaves=15
num_cat=0
split_feature=15 1 8 0 4 14 14 5 11 14 13 14 0 14
split_gain=33.9017 8.97587 6.97534 7.15681 3.62549 3.13025 5.12866 5.48931 3.09097 2.96266 2.78623 2.74669 2.74213 2.46437
threshold=0.31684075000906692 0.63125422868741554 0.75440146302151156 0.052932983778469611 0.73794107413105736 0.50057703423714284 0.50051441690420528 0.76626617597536939 0.61470954965527369 0.50070274103573076 0.34167801799377356 0.50719461697722579 0.13132004034876815 0.5005724115334208
decision_type=2 2 2 2 2 2 2 2 2 2 2 2 2 2
left_child=2 8 3 10 11 6 -3 -8 -2 -4 -1 -5 -7 -9
right_child=1 5 9 4 -6 12 7 13 -10 -11 -12 -13 -14 -15
leaf_value=0.00079202170484200102 -0.00017235181383946105 0.0010090757878141858 0.00081644898729024684 0.00067549086357233067 0.00011348965197609235 0.0060460913812090287 -0.003374933661415508 0.0017624279275281832 0.0002216022415863643 -0.00013308383740247921 0.0020434526272112021 0.0031279837195932851 -0.00044124593800383297 -0.0031928353542029692
leaf_weight=7033 130353 1479 9943 98784 35156 163 3532 942 80562 47266 12100 1155 241678 342
leaf_count=7033 130353 1479 9943 98784 35156 163 3532 942 80562 47266 12100 1155 241678 342
internal_value=-2.03931e-05 -0.000261686 0.000503479 0.000678388 0.000550208 -0.000465525 -0.00156626 -0.00235714 -2.18754e-05 3.19462e-05 0.00158345 0.000703834 -0.000436873 0.000442568
internal_weight=670488 459051 211437 154228 135095 248136 6295 4816 210915 57209 19133 99939 241841 1284
internal_count=670488 459051 211437 154228 135095 248136 6295 4816 210915 57209 19133 99939 241841 1284
is_linear=0
shrinkage=0.05


Tree=18
num_leaves=15
num_cat=0
split_feature=15 1 3 3 8 0 9 5 2 3 10 13 8 10
split_gain=28.5104 8.01589 5.22629 4.64584 3.92323 3.83224 3.40105 3.34581 3.36748 2.80122 2.64547 2.61853 2.5678 2.52756
threshold=0.51005868267512067 0.096245497057704799 0.61567895815042439 0.70111216475293259 0.44095855205599305 0.83292663329742478 0.27488771826023822 0.92731553553487245 0.1948140415442868 0.48457186835507321 0.39974291997310246 0.29844355620155044 0.94406187033305689 0.31671789987836046
decision_type=2 2 2 2 2 2 2 2 2 2 2 2 2 2
left_child=1 2 6 4 -3 7 -1 8 -2 10 -7 12 -4 -10
right_child=5 3 11 -5 -6 9 -8 -9 13 -11 -12 -13 -14 -15
leaf_value=0.0021091858958849951 0.0001110440853689467 0.00059265138149670589 -0.00016624584455157619 -0.00010781346815249518 0.00013760187178803372 -0.0007352748424467035 0.00095146206436037785 0.00045185219274687942 -0.00066359012723894392 -0.00081136140646224778 -2.5316677297060755e-05 0.00062237997285849249 -0.0031375884636441215 -0.00023568676349772309
leaf_weight=8073 44849 84273 7514 84530 108155 22063 29615 17457 52329 58517 32376 17636 805 101349
leaf_count=8073 44849 84273 7514 84530 108155 22063 29615 17457 52329 58517 32376 17636 805 101349
internal_value=-3.20241e-06 0.000317438 0.000823443 0.000201162 0.000336889 -0.00033521 0.00119945 -0.000211791 -0.000270147 -0.0005712 -0.000313048 0.000277456 -0.000453772 -0.000381392
internal_weight=669541 340601 63643 276958 192428 328940 37688 215984 198527 112956 54439 25955 8319 153678
internal_count=669541 340601 63643 276958 192428 328940 37688 215984 198527 112956 54439 25955 8319 153678
is_linear=0
shrinkage=0.05


Tree=19
num_leaves=15
num_cat=0
split_feature=0 0 8 0 2 5 3 14 14 3 14 14 14 5
split_gain=27.2311 7.11288 6.15917 5.56137 4.74478 4.67981 3.09527 2.84618 5.09285 2.7175 3.48027 2.60797 4.94614 2.75112
threshold=0.30574393987994325 0.67124466555065676 0.74195899557979883 0.044829606545259061 0.33762702240313858 0.90363295027875767 0.93466341609035297 0.50057703423714284 0.50051441690420528 0.63545483617369991 0.50059171680503745 0.5005724115334208 0.50054831153714818 0.63700399581894451
decision_type=2 2 2 2 2 2 2 2 2 2 2 2 2 2
left_child=2 4 3 -1 -2 -4 -5 8 -3 -9 -11 12 -10 -14
right_child=1 7 5 6 -6 -7 -8 9 11 10 -12 -13 13 -15
leaf_value=0.0015643278691624728 0.00027428207300256091 0.0012544194023354016 -9.9159906660353041e-05 0.00063332760286621695 -0.00018591991364219805 0.00096062047250928975 -0.00036381360727945014 -0.00025415333689336376 -0.0045333470205594813 0.0023785411652682367 -0.00066369837540825678 -0.0043975789101502157 -0.0017089444258444352 0.0019728499984363631
leaf_weight=15706 86837 1262 55873 111426 157769 12804 8367 139655 987 952 75095 1149 1279 841
leaf_count=15706 86837 1262 55873 111426 157769 12804 8367 139655 987 952 75095 1149 1279 841
internal_value=2.6847e-06 -0.000208351 0.00048416 0.000679669 -2.25447e-05 9.84234e-05 0.000563682 -0.000413799 -0.00153511 -0.000385114 -0.000625614 -0.00236227 -0.00160959 -0.000248384
internal_weight=670002 465826 204176 135499 244606 68677 119793 221220 5518 215702 76047 4256 3107 2120
internal_count=670002 465826 204176 135499 244606 68677 119793 221220 5518 215702 76047 4256 3107 2120
is_linear=0
shrinkage=0.05


Tree=20
num_leaves=15
num_cat=0
split_feature=1 15 8 1 4 11 2 10 14 14 3 7 9 3
split_gain=24.1931 6.93524 5.64135 4.17357 3.52554 3.23437 3.5926 2.83542 3.26457 2.64999 2.74385 2.54377 2.66748 2.54225
threshold=0.26554147082561846 0.62746239357209721 0.86261065413239335 0.020903122444178052 0.74963286430535347 0.65455247997751875 0.3808321981897112 0.19144373497733988 0.50147275724449081 0.50070274103573076 0.083380952380952403 0.021216140181657427 0.67965587793033755 0.66611706176598529
decision_type=2 2 2 2 2 2 2 2 2 2 2 2 2 2
left_child=2 5 3 -1 11 6 -2 8 -3 10 -4 -5 -13 -9
right_child=1 7 9 4 -6 -7 -8 13 -10 -11 -12 12 -14 -15
leaf_value=0.0015852503109219894 0.00017045176891982431 -0.00093341889558322139 0.0035859005713752539 -0.0010560520638257615 0.00012612700871957253 0.00026291475652105419 -0.00031475630657047448 -0.00015466130769843721 -1.421777634214014e-05 -0.00037853007229915361 0.00038091274977857437 0.00090872476839643683 0.00035226857658542755 -0.00053496147268091072
leaf_weight=10498 63479 37697 798 2020 36080 83636 95610 134284 12987 22851 4093 69382 31231 65321
leaf_count=10498 63479 37697 798 2020 36080 83636 95610 134284 12987 22851 4093 69382 31231 65321
internal_value=7.64173e-07 -0.000179243 0.000502286 0.000624017 0.00055127 1.11871e-05 -0.000121151 -0.000363917 -0.000697888 -0.000152446 0.000903828 0.000700726 0.000735997 -0.000279115
internal_weight=669967 493014 176953 149211 138713 242725 159089 250289 50684 27742 4891 102633 100613 199605
internal_count=669967 493014 176953 149211 138713 242725 159089 250289 50684 27742 4891 102633 100613 199605
is_linear=0
shrinkage=0.05


Tree=21
num_leaves=15
num_cat=0
split_feature=1 0 13 1 14 9 3 11 11 2 5 3 14 2
split_gain=22.4246 6.34925 5.08893 5.85233 5.15287 3.79532 3.69819 3.63737 3.52636 3.5863 3.18676 2.87392 2.86601 2.74761
threshold=0.26554147082561846 0.67501568381430377 0.17172815107597719 0.028899203304212268 0.50066225281742538 0.6233500916730963 0.89568940873791048 0.85718448218448229 0.72121757139742759 0.3808321981897112 0.88786116041831531 0.0054458840757011257 0.50103734886343598 0.15138740819710972
decision_type=2 2 2 2 2 2 2 2 2 2 2 2 2 2
left_child=2 8 4 -4 -1 6 7 11 9 -2 -10 -5 -12 -13
right_child=1 -3 3 5 -6 -7 -8 -9 10 -11 12 13 -14 -15
leaf_value=0.0018287984330339199 0.00016308839562860703 -0.00036673075704564905 0.0015563651886320974 -0.0048654306014007422 -0.0003294345915422229 0.00016700072848037058 -0.00022835207622978228 0.00197261925226733 0.00014233411215034024 -0.00027961545531556947 0.0017645980948690653 0.0016316475938666468 0.00022481816870533337 0.00062782040240425083
leaf_weight=3085 72121 218909 14718 229 26714 50986 9185 6422 64961 125095 6299 7723 5809 58092
leaf_count=3085 72121 218909 14718 229 26714 50986 9185 6422 64961 125095 6299 7723 5809 58092
internal_value=7.40214e-06 -0.000165918 0.000489922 0.000610433 -0.000105999 0.000505468 0.000716821 0.00083662 -5.64762e-06 -0.000117721 0.000281142 0.000726158 0.00102586 0.000745614
internal_weight=670348 493194 177154 147355 29799 132637 81651 72466 274285 197216 77069 66044 12108 65815
internal_count=670348 493194 177154 147355 29799 132637 81651 72466 274285 197216 77069 66044 12108 65815
is_linear=0
shrinkage=0.05


Tree=22
num_leaves=15
num_cat=0
split_feature=15 3 15 14 8 5 10 14 8 14 14 2 14 3
split_gain=20.0831 6.61806 5.84085 5.01995 3.62528 3.3149 3.25257 4.33257 3.16797 2.8905 2.70271 3.03663 2.57113 2.50148
threshold=0.45460191981931114 0.70111216475293259 0.069035593737878917 0.50058241137985038 0.29842100889221312 0.89973527175379409 0.21923683571948557 0.50220751627616866 0.32630724538619282 0.50143061809250933 0.50065146607453292 0.96243151322689102 0.50063251132199282 0.75299282486361518
decision_type=2 2 2 2 2 2 2 2 2 2 2 2 2 2
left_child=1 2 8 -3 -4 -6 7 10 -1 -7 11 -2 -13 -8
right_child=6 3 4 -5 5 9 13 -9 -10 -11 -12 12 -14 -15
leaf_value=0.0019616150002985957 -0.0018055372525306566 0.0022171925291916308 0.0006933614335581298 -0.0001128326275197517 0.00011729244271204134 0.0015400258622907453 -9.3419881969384808e-05 0.0004345648917299938 0.00079056652951584494 -0.00020741169442035947 -0.00055755625787538149 0.0039291575223482636 -0.0027952281773711246 -0.00044308764839541152
leaf_weight=7796 7517 2371 51824 92318 115628 7887 215420 10212 22281 3381 65678 440 210 67073
leaf_count=7796 7517 2371 51824 92318 115628 7887 215420 10212 22281 3381 65678 440 210 67073
internal_value=-8.60805e-06 0.00029223 0.000449467 -5.44891e-05 0.00034098 0.000197069 -0.000257688 -0.000530733 0.0010941 0.0010157 -0.000664223 -0.00152203 0.00175666 -0.000176442
internal_weight=670036 303486 208797 94689 178720 126896 366550 84057 30077 11268 73845 8167 650 282493
internal_count=670036 303486 208797 94689 178720 126896 366550 84057 30077 11268 73845 8167 650 282493
is_linear=0
shrinkage=0.05


Tree=23
num_leaves=15
num_cat=0
split_feature=15 15 9 13 14 14 1 2 5 9 14 10 14 14
split_gain=16.1777 4.5652 4.53072 4.50763 4.30117 4.61164 4.29851 3.48899 3.65746 3.47016 4.00078 2.97859 5.42893 2.90448
threshold=0.31684075000906692 0.82053038285915003 0.66375163468671383 0.22636237417563349 0.50057703423714284 0.5005724115334208 0.069028199709417523 0.17137067947759521 0.89973527175379409 0.18841472121082317 0.50143885189969872 0.18774196126621612 0.50210527248874237 0.50103734886343598
decision_type=2 2 2 2 2 2 2 2 2 2 2 2 2 2
left_child=2 7 3 -1 5 -4 -5 -2 11 10 -3 12 -9 -10
right_child=1 9 4 6 -6 -7 -8 8 13 -11 -12 -13 -14 -15
leaf_value=-7.2548309818635574e-05 0.00026270785879582616 -0.0013493743733594729 0.0010985985569327195 0.0013124539829110866 -2.8826159811238891e-06 0.0069371960050247997 0.00052053351455343848 -0.00077943056747577168 0.00082961110103574364 -0.00029778578199265353 0.00011268140185563673 -0.00012935968425382979 0.00078178690903888336 -0.00013728646989185131
leaf_weight=24697 62726 17884 1612 21312 76107 428 87438 41388 16000 96959 6337 196431 6434 15094
leaf_count=24697 62726 17884 1612 21312 76107 428 87438 41388 16000 96959 6337 196431 6434 15094
internal_value=-1.54417e-06 -0.000168209 0.000360192 0.000537245 5.78483e-05 0.00232356 0.000675728 -7.38276e-05 -0.000150493 -0.000431516 -0.000966853 -0.000215511 -0.000569383 0.000360249
internal_weight=670847 459253 211594 133447 78147 2040 108750 338073 275347 121180 24221 244253 47822 31094
internal_count=670847 459253 211594 133447 78147 2040 108750 338073 275347 121180 24221 244253 47822 31094
is_linear=0
shrinkage=0.05


Tree=24
num_leaves=15
num_cat=0
split_feature=0 3 1 14 3 14 10 14 14 5 14 9 8 5
split_gain=17.6257 5.03444 5.72164 4.95295 4.84733 5.04006 4.96544 4.60743 4.19975 3.82908 8.16858 3.20823 2.84911 2.61345
threshold=0.30574393987994325 0.65815825347820867 0.028899203304212268 0.50058241137985038 0.71736231884057988 0.50058241137985038 0.59941726475194501 0.50059171680503745 0.50051441690420528 0.46001310615989521 0.50133156028368797 0.580974261836121 0.16782731831275524 0.90363295027875767
decision_type=2 2 2 2 2 2 2 2 2 2 2 2 2 2
left_child=1 2 -1 8 5 6 -2 11 -3 10 -7 -6 -4 -14
right_child=4 3 12 -5 7 9 -8 -9 -10 -11 -12 -13 13 -15
leaf_value=0.0016456189017771663 -0.0020488249282737295 -0.0020177527987430143 0.0011124147580046583 2.6871764214108764e-06 -3.7092011679772726e-05 -0.00045182457214803189 0.00027852466595209722 -0.00048974049302685731 0.0037181354500792786 0.00013980692751715639 0.00028586142036749455 0.0025234281352521804 0.00029611724384682905 0.0011217714997493852
leaf_weight=11550 6156 401 15423 73309 2856 110167 3651 121034 1563 163515 56914 2140 90962 10713
leaf_count=11550 6156 401 15423 73309 2856 110167 3651 121034 1563 163515 56914 2140 90962 10713
internal_value=6.1059e-06 0.000393858 0.000583893 6.90729e-05 -0.000163416 -6.53396e-05 -0.00118239 -0.000428319 0.00254701 -3.22028e-05 -0.000200541 0.00105969 0.000479169 0.000383112
internal_weight=670354 203921 128648 75273 466433 340403 9807 126030 1964 330596 167081 4996 117098 101675
internal_count=670354 203921 128648 75273 466433 340403 9807 126030 1964 330596 167081 4996 117098 101675
is_linear=0
shrinkage=0.05


Tree=25
num_leaves=15
num_cat=0
split_feature=15 4 1 9 3 14 14 9 14 5 14 2 3 14
split_gain=14.4368 5.67856 5.38347 4.31844 3.89123 5.74212 3.33369 3.305 3.73193 3.24094 3.27731 2.63468 2.48699 2.34354
threshold=0.23888078307086533 0.73794107413105736 0.80461920985614988 0.30617140229092116 0.78558844747458811 0.50059171680503745 0.50202840591158959 0.20039686445582719 0.5011806391899728 0.89567887674593161 0.50059171680503745 0.17137067947759521 0.0093530844037499842 0.5007272731119462
decision_type=2 2 2 2 2 2 2 2 2 2 2 2 2 2
left_child=1 3 4 6 9 -6 12 8 -4 10 -2 -12 -1 -11
right_child=2 -3 7 -5 5 -7 -8 -9 -10 13 11 -13 -14 -15
leaf_value=-0.00431766491710094 -0.00088200435661149503 -6.9866753699546511e-05 -0.0013351565560993728 0.00040701809356208504 0.0017879389053471447 -0.00044172030303870529 0.0023398104340197814 -0.00028423410252661704 -0.00014367106277592999 0.0015967844614881385 0.00033268447773150158 -5.6366376765247367e-05 0.00092741892849543912 0.00035162139081205073
leaf_weight=228 10378 45032 17770 83534 3002 75765 4614 104035 10429 4699 54788 211525 25764 19298
leaf_count=228 10378 45032 17770 83534 3002 75765 4614 104035 10429 4699 54788 211525 25764 19298
internal_value=-1.02781e-05 0.000405593 -0.000139644 0.000593178 -4.39048e-05 -0.000356743 0.00110127 -0.000414374 -0.000894503 3.80449e-05 -1.02975e-05 2.36722e-05 0.000881409 0.000595444
internal_weight=670861 159172 511689 114140 379455 78767 30606 132234 28199 300688 276691 266313 25992 23997
internal_count=670861 159172 511689 114140 379455 78767 30606 132234 28199 300688 276691 266313 25992 23997
is_linear=0
shrinkage=0.05


Tree=26
num_leaves=15
num_cat=0
split_feature=0 1 8 4 5 14 6 5 14 14 4 14 14 14
split_gain=15.0749 5.59779 4.14782 3.44142 3.01038 5.23174 3.88759 2.47105 2.45111 5.43434 3.49972 3.69464 2.54649 2.43107
threshold=0.56968027946996569 0.096245497057704799 0.29842100889221312 0.63243798212997404 0.89181875070903438 0.5013986041343913 0.96209041635870918 0.98610233178817264 0.50057703423714284 0.50051441690420528 0.83982119187653625 0.5005724115334208 0.50054831153714818 0.5005724115334208
decision_type=2 2 2 2 2 2 2 2 2 2 2 2 2 2
left_child=1 3 -3 -1 -4 6 7 -6 9 -2 12 -12 -11 -14
right_child=8 2 4 -5 5 -7 -8 -9 -10 10 11 -13 13 -15
leaf_value=0.00092776533315433907 0.001301867673430944 0.00041336295097465071 -6.3314767448606967e-05 0.00017340025440996517 0.00086278769862959889 -0.00049267854079898196 -0.001257206065415383 0.0023982037799952023 -0.00024918718123425525 -0.0046011542791140015 0.0025906249251370543 -0.004200456432791079 -0.00085761209153798151 -0.0036464124298994645
leaf_weight=38871 1687 87534 198255 24742 16703 9864 1912 3108 282090 1120 730 276 2190 1215
leaf_count=38871 1687 87534 198255 24742 16703 9864 1912 3108 282090 1120 730 276 2190 1215
internal_value=-3.60296e-07 0.000206267 0.000120463 0.000634358 8.91365e-06 0.000462253 0.00089587 0.00110367 -0.000272467 -0.00118229 -0.00193998 0.000727465 -0.00253301 -0.00185273
internal_weight=670297 380989 317376 63613 229842 31587 21723 19811 289308 7218 5531 1006 4525 3405
internal_count=670297 380989 317376 63613 229842 31587 21723 19811 289308 7218 5531 1006 4525 3405
is_linear=0
shrinkage=0.05


Tree=27
num_leaves=15
num_cat=0
split_feature=0 8 0 14 14 11 3 13 9 11 8 7 10 13
split_gain=12.7701 6.04888 5.65962 3.25212 3.22387 3.92594 3.9156 3.44355 3.20148 2.76611 2.66032 2.69532 2.56195 2.98837
threshold=0.53826365176420776 0.72245182591865209 0.084877235826018096 0.50051441690420528 0.50098716779318797 0.57547823132807208 0.22586353664824824 0.52062142996701499 0.90748598999071006 0.96244921855673515 0.11700762331470586 0.013375441665382877 0.72706678570695582 0.31026447347202074
decision_type=2 2 2 2 2 2 2 2 2 2 2 2 2 2
left_child=1 2 12 -3 5 -5 -7 -6 10 -2 -4 -12 13 -1
right_child=9 3 8 4 7 6 -8 -9 -10 -11 11 -13 -14 -15
leaf_value=0.00034546834660942793 -0.00026662231212826382 -0.0034275078950114935 0.00071898525108487392 -0.00017067492647813472 -0.00063618928318054011 0.0016858564933892779 0.00026702007003794672 0.00014144150114058583 -0.00041669072007084068 0.00054064887638805611 -0.0020729877061622984 0.00024114001791738701 0.00031305195628596221 0.0016659232675791632
leaf_weight=6012 299581 730 32382 30523 36402 6947 16207 23380 16684 11001 1268 164067 9982 14914
leaf_count=6012 299581 730 32382 30523 36402 6947 16207 23380 16684 11001 1268 164067 9982 14914
internal_value=-3.19247e-06 0.00019969 0.000339621 -0.000100921 -7.95171e-05 0.000201757 0.00069272 -0.000332068 0.000248435 -0.000238028 0.00030456 0.000223392 0.000972157 0.00128656
internal_weight=670080 359498 245309 114189 113459 53677 23154 59782 214401 310582 197717 165335 30908 20926
internal_count=670080 359498 245309 114189 113459 53677 23154 59782 214401 310582 197717 165335 30908 20926
is_linear=0
shrinkage=0.05


Tree=28
num_leaves=15
num_cat=0
split_feature=0 3 14 0 2 10 8 15 10 9 5 8 4 9
split_gain=11.5682 5.30194 6.36331 4.94245 3.69986 2.88578 2.71095 2.62184 2.50837 2.42039 2.40075 2.39008 2.3428 3.14882
threshold=0.56968027946996569 0.70518693221523421 0.50058241137985038 0.076966002747252765 0.23064893205972839 0.96245990017321092 0.34222571079713943 0.83624712186971506 0.013548466765455834 0.20431000607294683 0.84835615204467674 0.82028727629068043 0.033376186790463107 0.97783592374766326
decision_type=2 2 2 2 2 2 2 2 2 2 2 2 2 2
left_child=1 3 -3 6 9 -4 -1 -2 -9 -5 -8 -10 13 -6
right_child=7 2 5 4 12 -7 10 8 11 -11 -12 -13 -14 -15
leaf_value=0.0017610605882609608 -0.00010960187904112949 0.0021414381302122254 -9.8439352114971157e-05 0.0012740076597579759 -0.00082663558995673704 -0.0014220131405463441 0.00041525511813888719 -0.0025225862494096096 -0.00049709330450210668 0.00042966302516085278 0.0016348749078172369 0.000133138410039601 0.00017564430732864859 0.0041927947823380777
leaf_weight=7038 178925 3118 110241 11256 8764 4278 20664 1400 90723 34510 5014 18034 175381 324
leaf_count=7038 178925 3118 110241 11256 8764 4278 20664 1400 90723 34510 5014 18034 175381 324
internal_value=1.06941e-05 0.00019181 -8.7204e-05 0.000316633 0.000234918 -0.000147883 0.000891687 -0.000227752 -0.000419659 0.000637327 0.000653403 -0.000392589 0.000135082 -0.000647686
internal_weight=669670 380588 117637 262951 230235 114519 32716 289082 110157 45766 25678 108757 184469 9088
internal_count=669670 380588 117637 262951 230235 114519 32716 289082 110157 45766 25678 108757 184469 9088
is_linear=0
shrinkage=0.05


Tree=29
num_leaves=15
num_cat=0
split_feature=15 4 14 8 5 15 14 8 13 1 10 5 14 14
split_gain=9.47712 5.74937 5.47091 4.19454 3.62922 3.33163 2.75287 2.44633 2.63721 2.40575 2.58801 2.57271 4.43991 3.16477
threshold=0.52189166605225001 0.72237578552721005 0.5005724115334208 0.10492207319059206 0.89181875070903438 0.069035593737878917 0.50051441690420528 0.83549383456962023 0.1405093717927943 0.84412360085734706 0.017410529557242805 0.47220425470748889 0.50111482858733702 0.50111982223292306
decision_type=2 2 2 2 2 2 2 2 2 2 2 2 2 2
left_child=1 3 6 -1 5 -5 -3 8 -7 11 -11 12 -2 -13
right_child=9 2 -4 4 -6 7 -8 -9 -10 10 -12 13 -14 -15
leaf_value=0.00092974425588603397 -0.0005634297731829331 -0.00032439740826056379 -0.00018610803809633375 0.00071210267756361095 0.0010091424569106846 -0.00041555600792188502 0.0039176895327065779 -0.00028712473401129362 0.00026945645073265812 -0.0022988732374258666 -0.00035500096429411776 0.00029762906322863695 9.7857865731827055e-05 -0.00023785433902853736
leaf_weight=24843 58414 554 97884 26861 14533 15668 1235 31242 136087 1741 103746 64705 44887 48107
leaf_count=24843 58414 554 97884 26861 14533 15668 1235 31242 136087 1741 103746 64705 44887 48107
internal_value=4.45168e-06 0.000184924 -0.000136029 0.000313278 0.000245027 0.000192111 0.00260404 0.000115785 0.000198732 -0.000191344 -0.000387083 -9.58018e-05 -0.000276083 6.92801e-05
internal_weight=670507 348907 99673 249234 224391 209858 1789 182997 151755 321600 105487 216113 103301 112812
internal_count=670507 348907 99673 249234 224391 209858 1789 182997 151755 321600 105487 216113 103301 112812
is_linear=0
shrinkage=0.05


Tree=30
num_leaves=15
num_cat=0
split_feature=15 8 0 2 11 3 8 13 8 0 13 7 11 0
split_gain=10.3518 4.75583 3.25228 3.0361 2.93045 2.82465 3.05752 2.38348 2.27235 2.24575 2.04085 2.13916 1.92577 1.90317
threshold=0.31684075000906692 0.88175429078713763 0.013304904147952806 0.11236870036233211 0.96244921855673515 0.78927441931569553 0.29047913355700755 0.25455732257298841 0.88175429078713763 0.71433511163801633 0.18379754472806079 0.021216140181657427 0.39302904084230017 0.10075096808150684
decision_type=2 2 2 2 2 2 2 2 2 2 2 2 2 2
left_child=1 2 7 -2 9 6 13 -1 -6 12 -8 -12 -5 -4
right_child=3 -3 5 4 8 -7 10 -9 -10 -11 11 -13 -14 -15
leaf_value=1.3110195382095331e-05 0.00019179375024875413 -0.00032291331163689178 0.0014818356882948494 -0.00028900015018469533 0.00015775479150008311 -3.1511458633124456e-05 -0.00022777501576580277 0.0023096992921018355 0.0016027301950812 -0.00036445671293978857 -0.0014133325981348522 0.00043012007659824249 4.6613207103353409e-06 0.00063580019126204424
leaf_weight=1636 60399 27977 8230 95439 12065 39636 15870 3651 3513 152937 1606 78227 134512 34564
leaf_count=1636 60399 27977 8230 95439 12065 39636 15870 3651 3513 152937 1606 78227 134512 34564
internal_value=-5.17889e-06 0.000284322 0.000376943 -0.00013855 -0.000188624 0.000340671 0.000447184 0.00159905 0.000483612 -0.000215974 0.000290089 0.000393035 -0.00011722 0.000798507
internal_weight=670262 211397 183420 458865 398466 178133 138497 5287 15578 382888 95703 79833 229951 42794
internal_count=670262 211397 183420 458865 398466 178133 138497 5287 15578 382888 95703 79833 229951 42794
is_linear=0
shrinkage=0.05


Tree=31
num_leaves=15
num_cat=0
split_feature=0 3 14 1 6 14 9 11 14 2 9 5 9 0
split_gain=8.58806 4.3375 6.19582 5.7153 3.5908 2.86135 2.45156 3.62829 2.99235 2.56329 2.53335 2.28353 2.19556 2.05779
threshold=0.60492145187876356 0.85591144595022994 0.50058241137985038 0.048885785226567356 0.096974514621573457 0.50111982223292306 0.67147204980418251 0.62275831967778006 0.50162602055924543 0.45499391727493926 0.12389934320555564 0.80961018543490715 0.7072989526329142 0.95403012779324625
decision_type=2 2 2 2 2 2 2 2 2 2 2 2 2 2
left_child=1 3 -3 12 5 -5 7 9 11 -6 -9 -8 -1 -2
right_child=13 2 -4 4 6 -7 8 10 -10 -11 -12 -13 -14 -15
leaf_value=0.0012947932685084306 -0.0001737650721151189 0.0027648359181724098 -0.00031761947529783602 -0.00080664649126032262 0.00040152995268554501 0.00016688529921100623 4.4159686532386967e-06 0.0013763045973243916 -0.00053966206521609587 -4.8139835218673507e-05 0.00048969588127945399 0.00068304606008650812 0.00034657914381266291 -0.00060230261586347652
leaf_weight=15782 234215 1674 62327 16568 58878 13863 59158 9514 20163 68637 52610 15682 9956 31819
leaf_count=15782 234215 1674 62327 16568 58878 13863 59158 9514 20163 68637 52610 15682 9956 31819
internal_value=-4.33971e-06 0.000140687 -0.000236995 0.000211612 0.000153091 -0.000363149 0.000208282 0.000312141 9.6378e-07 0.000159488 0.000625476 0.000146616 0.000928004 -0.00022502
internal_weight=670846 404812 64001 340811 315073 30431 284642 189639 95003 127515 62124 74840 25738 266034
internal_count=670846 404812 64001 340811 315073 30431 284642 189639 95003 127515 62124 74840 25738 266034
is_linear=0
shrinkage=0.05


Tree=32
num_leaves=15
num_cat=0
split_feature=15 4 15 3 5 14 2 11 13 14 15 14 8 10
split_gain=9.27942 3.64525 3.41292 3.25265 4.04743 3.92299 3.33634 2.66781 2.60428 3.83749 2.33907 2.24888 2.15008 2.29489
threshold=0.24237893669715391 0.71010010444437033 0.90741798941798957 0.90357862850025872 0.93496649377741592 0.50058241137985038 0.17137067947759521 0.71719103506787341 0.318320649842389 0.50064641268122123 0.0092196256291627986 0.51020833333333349 0.53992326097105525 0.73094704249412779
decision_type=2 2 2 2 2 2 2 2 2 2 2 2 2 2
left_child=1 8 3 4 6 -5 -2 -6 9 -1 -10 12 13 -12
right_child=2 -3 -4 5 7 -7 -8 -9 10 -11 11 -13 -14 -15
leaf_value=0.0018395259218762566 0.00023845014721469377 -2.41555198159518e-05 -0.00045015507311678036 0.0022872253273435463 0.00022692482778178337 -0.00057147168545354423 -0.0001260391541275753 0.0013854556078672442 0.0022521184278405204 -4.6654217053701331e-05 0.0010447994659764643 0.0044837962972524899 0.00029818569954921951 0.00015621148302481834
leaf_weight=2958 79070 50184 62799 1238 13371 39210 304793 7908 2206 30518 30454 371 35501 9543
leaf_count=2958 79070 50184 62799 1238 13371 39210 304793 7908 2206 30518 30454 371 35501 9543
internal_value=-1.25958e-07 0.000329749 -0.00010507 -5.64353e-05 -1.37512e-05 -0.000483975 -5.09598e-05 0.000657474 0.000488961 0.000120012 0.000647155 0.000600488 0.000581405 0.000832789
internal_weight=670124 161735 508389 445590 405142 40448 383863 21279 111551 33476 78075 75869 75498 39997
internal_count=670124 161735 508389 445590 405142 40448 383863 21279 111551 33476 78075 75869 75498 39997
is_linear=0
shrinkage=0.05


Tree=33
num_leaves=15
num_cat=0
split_feature=15 8 3 4 5 5 11 15 7 13 2 8 9 13
split_gain=8.89651 3.68953 3.01097 2.96369 3.23709 2.90752 2.83949 2.74609 2.33656 2.43426 1.90976 1.73564 1.7238 1.65497
threshold=0.27732160171575715 0.15600312012480502 0.90357862850025872 0.65959492635024553 0.82140345589712693 0.92731553553487245 0.81440555865402497 0.56897419870125365 0.091911158548755215 0.22228492600953101 0.22656796328671333 0.33813989271010941 0.45513237304524695 0.40953048821211518
decision_type=2 2 2 2 2 2 2 2 2 2 2 2 2 2
left_child=1 -1 5 4 8 7 -7 11 -3 -10 -9 -2 -12 -4
right_child=2 3 13 -5 -6 6 -8 10 9 -11 12 -13 -14 -15
leaf_value=0.00085632753455305616 0.00026467543700454954 -0.00039066463473748077 -0.00018810208206937714 -8.6258812244271205e-05 0.0011348250571648624 0.00012425914397959183 0.0013009611113060195 -3.3738042013361604e-06 -0.00019929165394538042 0.00049764000460820871 -0.00047649419809843712 -7.1562317695531927e-05 -0.0001593208872949969 -0.00080080477428800829
leaf_weight=25093 59742 11918 21080 56682 12026 19631 6939 75186 15605 63569 79390 107336 93045 23097
leaf_count=25093 59742 11918 21080 56682 12026 19631 6939 75186 15605 63569 79390 107336 93045 23097
internal_value=-2.46995e-06 0.00029268 -0.000114884 0.000204172 0.000363816 -7.54842e-05 0.000431566 -0.000107971 0.000262027 0.000360276 -0.000213659 4.86661e-05 -0.000305349 -0.000508441
internal_weight=670339 184893 485446 159800 103118 441269 26570 414699 91092 79174 247621 167078 172435 44177
internal_count=670339 184893 485446 159800 103118 441269 26570 414699 91092 79174 247621 167078 172435 44177
is_linear=0
shrinkage=0.05


Tree=34
num_leaves=15
num_cat=0
split_feature=0 8 5 0 14 3 7 10 13 3 9 7 5 3
split_gain=6.74387 4.42491 3.61377 3.29964 3.24941 2.9671 2.89615 2.73763 2.35979 2.86614 2.17424 2.29921 2.4567 2.44202
threshold=0.53826365176420776 0.72245182591865209 0.97819965464799452 0.048868899998687827 0.50099700996413554 0.45387724009011693 0.029238049184857697 0.34011359239994848 0.56035030451737289 0.61567895815042439 0.90748598999071006 0.30672792807896232 0.96615244289340108 0.69330924456276066
decision_type=2 2 2 2 2 2 2 2 2 2 2 2 2 2
left_child=1 3 5 6 8 -3 -1 -6 9 -4 11 12 -5 -13
right_child=-2 2 4 10 7 -7 -8 -9 -10 -11 -12 13 -14 -15
leaf_value=-0.002069737110680142 -0.00016453961486091802 9.6279985674018037e-05 0.0049531919010323269 -3.4991979290592266e-05 -0.0015422808970231088 -0.00042905852713337158 0.0011003119775121332 0.0012369638801620984 -0.0004604217677563429 0.0014215455503823952 -0.00030131514332684814 0.0005449530342975774 0.0023779449845686747 0.00013730427500765964
leaf_weight=755 310807 52384 1039 59226 1567 55201 15764 2039 625 1285 18155 87253 1074 63457
leaf_count=755 310807 52384 1039 59226 1567 55201 15764 2039 625 1285 18155 87253 1074 63457
internal_value=6.06173e-06 0.000153423 -0.000103822 0.000272934 0.00103596 -0.000173267 0.000955425 2.92333e-05 0.00226697 0.00300045 0.000223738 0.000268912 7.98471e-06 0.000373311
internal_weight=670631 359824 114140 245684 6555 107585 16519 3606 2949 2324 229165 211010 60300 150710
internal_count=670631 359824 114140 245684 6555 107585 16519 3606 2949 2324 229165 211010 60300 150710
is_linear=0
shrinkage=0.05


Tree=35
num_leaves=15
num_cat=0
split_feature=0 2 8 0 14 2 5 14 8 9 14 14 2 11
split_gain=8.86117 3.61421 3.30522 3.08628 2.88301 3.27499 2.78436 2.73265 2.19046 2.10911 2.43751 3.80609 2.36781 2.1732
threshold=0.29752793621231527 0.30159711185669164 0.88175429078713763 0.013304904147952806 0.50097466257295731 0.97428764739996143 0.89973527175379409 0.50093545451363375 0.045539068791627356 0.67558791773101945 0.50057703423714284 0.5005724115334208 0.16733605389508097 0.71719103506787341
decision_type=2 2 2 2 2 2 2 2 2 2 2 2 2 2
left_child=2 8 3 -1 5 7 -3 -4 -2 12 11 -11 -5 -14
right_child=1 6 4 9 -6 -7 -8 -9 -10 10 -12 -13 13 -15
leaf_value=0.0015675839254557207 0.00073114318874043709 -0.0002608926482030516 -0.00018640828698187218 0.0011733710393948924 -0.00057897178892240447 0.0018332060643513573 0.00020522005550346596 0.0025662320264238122 3.3288425332181974e-05 0.00087632784387618907 2.3746226417493972e-05 0.0076338754222066681 0.00025782684657702301 0.00080299219420628667
leaf_weight=5376 12131 269516 12967 10879 18325 2972 36362 969 153900 1066 48757 259 72434 24451
leaf_count=5376 12131 269516 12967 10879 18325 2972 36362 969 153900 1066 48757 259 72434 24451
internal_value=1.43492e-05 -0.000103537 0.000294672 0.000389475 -0.000144519 0.000326343 -0.000205482 4.9887e-06 8.4277e-05 0.000349351 8.12494e-05 0.00219724 0.000473948 0.000395411
internal_weight=670364 471909 198455 163222 35233 16908 305878 13936 166031 157846 50082 1325 107764 96885
internal_count=670364 471909 198455 163222 35233 16908 305878 13936 166031 157846 50082 1325 107764 96885
is_linear=0
shrinkage=0.05


Tree=36
num_leaves=15
num_cat=0
split_feature=0 4 14 0 6 14 14 5 14 14 5 3 14 13
split_gain=6.73226 3.77132 5.00498 3.66386 3.51748 3.10721 2.56152 3.05338 2.48947 4.33141 3.02497 2.52655 3.61309 3.38849
threshold=0.60492145187876356 0.64046439952722223 0.50058241137985038 0.10075096808150684 0.1731775446246083 0.50111982223292306 0.50051441690420528 0.59064874023063896 0.50057703423714284 0.50051441690420528 0.7581064231313609 0.72135124063670419 0.50104058385308392 0.37795824685094287
decision_type=2 2 2 2 2 2 2 2 2 2 2 2 2 2
left_child=1 3 6 -1 5 -5 7 -3 9 -2 -11 12 13 -10
right_child=8 2 -4 4 -6 -7 -8 -9 11 10 -12 -13 -14 -15
leaf_value=0.00068329191454587017 0.0011639081474355266 0.0025403239437804042 -0.00012117187962598235 -0.00052616216417333903 0.00027693429135061405 0.00024475921577686273 0.0023777928700502806 -0.0034516457973185243 0.00011902648582412063 -0.0025750674759614177 0.0002097829849876696 -0.00043527274912258526 0.00013761089746836948 -0.00050826735055828668
leaf_weight=39851 1547 391 145047 30102 162624 23101 3034 466 32505 3781 1314 67826 95535 63749
leaf_count=39851 1547 391 145047 30102 162624 23101 3034 466 32505 3781 1314 67826 95535 63749
internal_value=-2.18187e-06 0.000126305 -7.36991e-05 0.000242812 0.00016148 -0.000191424 0.00169597 -0.000717853 -0.000197436 -0.00115328 -0.00185685 -0.000172982 -8.02232e-05 -0.00029643
internal_weight=670873 404616 148938 255678 215827 53203 3891 857 266257 6642 5095 259615 191789 96254
internal_count=670873 404616 148938 255678 215827 53203 3891 857 266257 6642 5095 259615 191789 96254
is_linear=0
shrinkage=0.05


Tree=37
num_leaves=15
num_cat=0
split_feature=0 3 2 10 14 14 8 8 0 14 14 0 14 14
split_gain=5.84284 2.95368 2.70246 3.14484 6.02648 2.85458 3.33913 2.50269 2.4265 2.02896 2.73745 2.00008 2.30351 1.86882
threshold=0.32206144023445687 0.75723187043783879 0.23837645130922913 0.31671789987836046 0.50065146607453292 0.50226758535582083 0.49163020703973309 0.33036375661375667 0.93450130446307755 0.50058241137985038 0.50051441690420528 0.037104946030347412 0.50066225281742538 0.50075528873250696
decision_type=2 2 2 2 2 2 2 2 2 2 2 2 2 2
left_child=1 7 13 4 8 -6 -7 -1 -4 10 -3 12 -9 -2
right_child=2 9 3 -5 5 6 -8 11 -10 -11 -12 -13 -14 -15
leaf_value=0.00065745898922007606 -0.00023112942970148929 -0.0024087535739921746 -0.0013257940491277092 -6.7955921478737345e-05 -0.00038294724803239201 0.0012537935328528014 -0.00036770876119500054 0.0025126118308923984 -0.004146591944666299 -0.00013084899878115615 0.0027573863577216363 0.00013128288569455121 0.00053359783207752908 0.00020403859805089442
leaf_weight=42719 33098 323 9359 218824 83693 6184 6525 1686 830 57893 1244 99447 11498 96905
leaf_count=42719 33098 323 9359 218824 83693 6184 6525 1686 830 57893 1244 99447 11498 96905
internal_value=1.93457e-06 0.00021689 -9.94549e-05 -0.000176439 -0.000399148 -0.000276922 0.000421289 0.000331595 -0.00155558 -8.27965e-05 0.00169251 0.000208 0.000786679 9.32474e-05
internal_weight=670228 214810 455418 325415 106591 96402 12709 155350 10189 59460 1567 112631 13184 130003
internal_count=670228 214810 455418 325415 106591 96402 12709 155350 10189 59460 1567 112631 13184 130003
is_linear=0
shrinkage=0.05


Tree=38
num_leaves=15
num_cat=0
split_feature=0 14 14 2 10 14 8 6 14 14 4 0 5 5
split_gain=5.29888 4.08753 7.19898 2.99887 3.14333 5.20534 2.8485 2.60195 3.58807 2.44829 2.39281 2.38773 2.36142 2.13889
threshold=0.2345318848853219 0.50057703423714284 0.5005724115334208 0.23064893205972839 0.17982824708830905 0.50069204185392524 0.51256632323629325 0.3674887524377764 0.50051441690420528 0.50054831153714818 0.52981543497892847 0.10075096808150684 0.82140345589712693 0.98610233178817264
decision_type=2 2 2 2 2 2 2 2 2 2 2 2 2 2
left_child=1 2 7 -2 5 12 -3 10 -9 -10 -1 -4 -5 -6
right_child=3 6 11 4 13 -7 -8 8 9 -11 -12 -13 -14 -15
leaf_value=-0.0022405706518842925 0.00013537625104576069 0.00047881095630499703 0.0091297269303556843 -0.0017981626883349002 -8.4773685095110914e-05 -0.00025644164895543815 4.0939405708502379e-05 -0.0011837247293752576 0.0062258688278172677 0.0017658753467888211 0.0036368989872914512 0.0036671889997871958 9.1808111926465613e-05 0.0010308751704091175
leaf_weight=926 135823 64069 354 8836 302451 60653 88373 657 472 884 213 460 2033 4358
leaf_count=926 135823 64069 354 8836 302451 60653 88373 657 472 884 213 460 2033 4358
internal_value=1.13629e-05 0.000266198 0.0018509 -6.61592e-05 -0.000138512 -0.000437011 0.00022497 0.000768346 0.00184895 0.00331832 -0.00114145 0.00604279 -0.00144465 -6.89267e-05
internal_weight=670562 156408 3966 514154 378331 71522 152442 3152 2013 1356 1139 814 10869 306809
internal_count=670562 156408 3966 514154 378331 71522 152442 3152 2013 1356 1139 814 10869 306809
is_linear=0
shrinkage=0.05


Tree=39
num_leaves=15
num_cat=0
split_feature=15 13 14 10 14 13 2 4 14 0 0 8 13 0
split_gain=4.8202 3.05329 5.51107 2.59506 4.02991 3.326 2.62081 2.62789 2.54956 2.54949 2.16054 2.33101 2.09384 1.92388
threshold=0.2351071938778086 0.29051010408218442 0.50066225281742538 0.27376737517920596 0.50066622281402584 0.27465727699530523 0.46670078471511439 0.99746514168219502 0.50199601593625509 0.95014256586055368 0.017075484796593699 0.53992326097105525 0.48073371050750308 0.092719955409018354
decision_type=2 2 2 2 2 2 2 2 2 2 2 2 2 2
left_child=1 2 -1 4 5 13 -6 -8 10 -7 -3 -12 -10 -2
right_child=3 8 -4 -5 6 9 7 -9 12 -11 11 -13 -14 -15
leaf_value=0.0015125101424705021 0.005026033124655928 0.0012550176988947283 -0.00030194445120676158 -1.3859334090347964e-05 8.9420742813634273e-05 -0.0011983461525099407 -0.00039914937077097567 0.0025528602696389324 2.2727716794862416e-05 -0.004091111281641838 0.00045559101519698493 -5.6046119051386498e-05 0.0012828508310526667 1.7932332100074793e-05
leaf_weight=4668 202 5287 40436 369540 55724 12064 70897 762 4516 813 47300 42055 12208 3785
leaf_count=4668 202 5287 40436 369540 55724 12064 70897 762 4516 813 47300 42055 12208 3785
internal_value=-1.00698e-05 0.000232903 -0.000114159 -8.40654e-05 -0.000263923 -0.000990263 -0.000167764 -0.000367759 0.000373466 -0.00138098 0.000272899 0.000214789 0.000942578 0.000271666
internal_weight=670257 156470 45104 513787 144247 16864 127383 71659 111366 12877 94642 89355 16724 3987
internal_count=670257 156470 45104 513787 144247 16864 127383 71659 111366 12877 94642 89355 16724 3987
is_linear=0
shrinkage=0.05


Tree=40
num_leaves=15
num_cat=0
split_feature=0 4 14 6 14 0 9 14 10 14 0 14 10 8
split_gain=4.66979 3.46583 5.30405 4.73236 4.28051 3.62726 2.99123 2.12935 3.80063 2.12497 2.11794 2.06417 1.99977 2.15215
threshold=0.76201474591052043 0.62809133250740989 0.50056180413614104 0.09052028971370045 0.50111482858733702 0.10075096808150684 0.580974261836121 0.50060132834624949 0.75807494887952276 0.50051441690420528 0.17925003325162933 0.5005882361082854 0.013548466765455834 0.83923504778439562
decision_type=2 2 2 2 2 2 2 2 2 2 2 2 2 2
left_child=1 3 9 4 -1 6 -5 8 -7 -3 -11 -10 -2 -14
right_child=12 2 -4 5 -6 7 -8 -9 11 10 -12 -13 13 -15
leaf_value=-0.00083642700208912319 -0.0018439228053571519 0.00040148026708964165 -0.00012488631125368247 0.0012133445996705605 0.00022263731935289775 -0.00095572782968928306 0.00027345639498855103 0.00021366872178595466 0.0019156068096001088 0.0070513205568842737 0.0023990585778809739 -0.0011480090743492895 -0.0002840773814875059 0.00027846320680076023
leaf_weight=20572 1908 1071 189050 16527 17793 9299 17354 233499 2131 302 1288 741 139501 19362
leaf_count=20572 1908 1071 189050 16527 17793 9299 17354 233499 2131 302 1288 741 139501 19362
internal_value=1.08229e-07 7.42273e-05 -9.36842e-05 0.000175482 -0.000345252 0.000246946 0.00073193 0.000180061 -0.000464697 0.00212306 0.0032827 0.00112517 -0.000234841 -0.000215516
internal_weight=670398 509627 191711 317916 38365 279551 33881 245670 12171 2661 1590 2872 160771 158863
internal_count=670398 509627 191711 317916 38365 279551 33881 245670 12171 2661 1590 2872 160771 158863
is_linear=0
shrinkage=0.05


Tree=41
num_leaves=15
num_cat=0
split_feature=0 4 14 14 11 0 14 4 10 14 14 13 6 6
split_gain=5.17601 2.34286 2.11111 2.67376 1.98117 1.97477 1.96366 1.83475 1.82121 2.68618 2.05107 2.05045 2.0591 1.73813
threshold=0.32206144023445687 0.72237578552721005 0.50056180413614104 0.50051441690420528 0.13183376900806704 0.93450130446307755 0.50057703423714284 0.92624425050123849 0.18774196126621612 0.50265253855679404 0.50065146607453292 0.19935165920601899 0.86177983810075698 0.094153528354669599
decision_type=2 2 2 2 2 2 2 2 2 2 2 2 2 2
left_child=1 13 3 7 -4 8 -7 -3 9 10 11 12 -2 -1
right_child=5 2 4 -5 -6 6 -8 -9 -10 -11 -12 -13 -14 -15
leaf_value=-0.00016330426808239872 -0.0003049778256734664 0.0017614701545232388 -0.00082636443856753516 0.0050327205491267598 2.5038658077700714e-05 -0.0024701502763652995 -0.00035628688254296523 -0.0058111039833596148 -8.7361939087736907e-06 0.00067097418948809358 -0.00027659029574066037 -0.0015199084311585524 0.0048782284073995361 0.00037460524306470749
leaf_weight=16946 935 244 7759 455 57233 1127 43647 119 332372 6820 63922 6203 241 131980
leaf_count=16946 935 244 7759 455 57233 1127 43647 119 332372 6820 63922 6203 241 131980
internal_value=1.25739e-06 0.00020361 -4.48345e-05 0.00247942 -7.66052e-05 -9.41866e-05 -0.000409495 -0.000720999 -5.97947e-05 -0.000277027 -0.000367704 -0.001157 0.000757227 0.000313398
internal_weight=670003 214736 65810 818 64992 455267 44774 363 410493 78121 71301 7379 1176 148926
internal_count=670003 214736 65810 818 64992 455267 44774 363 410493 78121 71301 7379 1176 148926
is_linear=0
shrinkage=0.05


Tree=42
num_leaves=15
num_cat=0
split_feature=3 14 5 7 14 10 14 1 3 9 8 10 1 1
split_gain=3.24603 4.88092 3.45032 3.07419 3.83405 5.65883 2.93672 2.8863 2.76413 2.48886 2.46499 2.43367 2.28585 2.21645
threshold=0.66611706176598529 0.5005882361082854 0.89973527175379409 0.64246560941911468 0.5005882361082854 0.68713977543005711 0.50051441690420528 0.36786328961813081 0.087521768393349228 0.580974261836121 0.73800129701686135 0.96245990017321092 0.45464181727917996 0.028899203304212268
decision_type=2 2 2 2 2 2 2 2 2 2 2 2 2 2
left_child=2 9 3 4 5 7 -4 -1 -8 -2 12 -3 -5 -6
right_child=1 11 6 10 13 -7 8 -9 -10 -11 -12 -13 -14 -15
leaf_value=-0.00040039512770997758 0.00028793874416338316 -0.00017316342214673542 -0.0051941436963530924 0.00091124151651749514 0.00079628553507517415 0.00079956174222775502 0.0015913828989990654 -0.0023307696020725701 0.00038621172514560873 0.0021278920333152266 -0.00022514359558027785 -0.0010361640596302103 0.00020715322316331269 -1.7274164785906133e-05
leaf_weight=3067 4200 208689 221 21534 8589 3409 5716 5253 28380 3268 13885 8502 24807 331070
leaf_count=3067 4200 208689 221 21534 8589 3409 5716 5253 28380 3268 13885 8502 24807 331070
internal_value=-8.7452e-06 -0.00016373 6.93359e-05 2.91776e-05 -2.73928e-05 -0.000916177 0.000551013 -0.00161918 0.000588252 0.0010931 0.000359237 -0.000206946 0.000534333 3.29842e-06
internal_weight=670590 224659 445931 411614 351388 11729 34317 8320 34096 7468 60226 217191 46341 339659
internal_count=670590 224659 445931 411614 351388 11729 34317 8320 34096 7468 60226 217191 46341 339659
is_linear=0
shrinkage=0.05


Tree=43
num_leaves=15
num_cat=0
split_feature=0 4 14 14 6 14 14 8 0 14 4 13 11 8
split_gain=4.55708 3.23454 4.53393 3.6962 3.16437 2.38143 2.21373 2.08075 2.10744 2.37305 2.04658 1.89354 1.85265 2.02866
threshold=0.56968027946996569 0.64046439952722223 0.50058241137985038 0.50900974025974033 0.096974514621573457 0.50116959224320967 0.50051441690420528 0.045539068791627356 0.10075096808150684 0.50070274103573076 0.92624425050123849 0.27849132066136156 0.94669313620970785 0.81646857027545161
decision_type=2 2 2 2 2 2 2 2 2 2 2 2 2 2
left_child=1 3 6 4 5 -1 10 -6 9 -9 -3 -8 -2 -14
right_child=12 2 -4 -5 7 -7 11 8 -10 -11 -12 -13 13 -15
leaf_value=-0.00064737100120964208 -0.00018327652837865044 0.000701223229237013 -0.00012701380309880142 0.0027107229079272356 0.0010447351811937317 0.00024199606993730914 0.0040522027900898221 0.0014793473504154549 0.00017026754693848846 0.00040138123091934021 -0.0054532103079426714 0.0013532965988697163 9.8201698894423959e-05 0.0015707903734946517
leaf_weight=17649 274974 581 137408 1481 8428 13124 1009 6315 166308 26656 176 1826 11482 2937
leaf_count=17649 274974 581 137408 1481 8428 13124 1009 6315 166308 26656 176 1826 11482 2937
internal_value=-4.73231e-06 0.00010889 -8.11722e-05 0.00022057 0.000205106 -0.000268076 0.00167245 0.000275211 0.000242666 0.000607846 -0.000729662 0.00231386 -0.000154307 0.000398153
internal_weight=670354 380961 141000 239961 238480 30773 3592 207707 199279 32971 757 2835 289393 14419
internal_count=670354 380961 141000 239961 238480 30773 3592 207707 199279 32971 757 2835 289393 14419
is_linear=0
shrinkage=0.05


Tree=44
num_leaves=15
num_cat=0
split_feature=3 0 14 6 14 10 13 14 3 12 6 11 14 5
split_gain=4.15084 3.74276 3.35582 2.64237 4.49186 3.52273 3.18711 2.45086 2.31601 2.08709 2.02009 1.97791 2.83723 2.30977
threshold=0.72135124063670419 0.080938618221855232 0.50058241137985038 0.18375028819053985 0.50111982223292306 0.36796905536258179 0.15596998956856664 0.50064641268122123 0.89952528674333199 0.86140735502121657 0.094153528354669599 0.68950307626863661 0.50058241137985038 0.94268322241108093
decision_type=2 2 2 2 2 2 2 2 2 2 2 2 2 2
left_child=1 7 8 4 5 -3 -6 -1 -2 -9 -7 12 -5 -13
right_child=2 3 -4 11 6 10 -8 9 -10 -11 -12 13 -14 -15
leaf_value=0.0018824864874410444 0.00025901245165441654 -0.00096518480152207029 -0.00022509598132025943 -0.00093470743235804477 -0.00083962626266369028 -0.00057053693855014891 0.00038323614678749613 0.00058093711874446577 0.0024008439332557576 -0.00080640725302546948 0.00017624513502794057 0.00023398502609550762 6.7105595945078186e-05 0.0011721464014958121
leaf_weight=3299 3500 21736 181867 7288 6211 16529 37488 28947 1974 2991 20029 98092 233517 7031
leaf_count=3299 3500 21736 181867 7288 6211 16529 37488 28947 1974 2991 20029 98092 233517 7031
internal_value=1.14046e-05 8.88705e-05 -0.000188382 4.98386e-05 -0.000173814 -0.000461105 0.000209429 0.000585031 0.00103139 0.000451012 -0.000161398 0.00011578 3.67856e-05 0.000296733
internal_weight=670499 483158 187341 447921 101993 58294 43699 35237 5474 31938 36558 345928 240805 105123
internal_count=670499 483158 187341 447921 101993 58294 43699 35237 5474 31938 36558 345928 240805 105123
is_linear=0
shrinkage=0.05


Tree=45
num_leaves=15
num_cat=0
split_feature=0 8 5 14 3 10 6 7 0 5 14 10 14 14
split_gain=3.9378 4.05958 2.51279 3.43902 2.49773 2.35929 2.35301 2.09338 2.25112 1.90709 6.55236 4.46259 2.7026 2.19828
threshold=0.41630428617345111 0.61084136673973355 0.95868357231993606 0.5013986041343913 0.94648358377690911 0.1408540072924859 0.97060701675306149 0.1113662729381987 0.064979088833837767 0.42865223012281839 0.50111482858733702 0.32058555662702243 0.50069204185392524 0.50182815967487515
decision_type=2 2 2 2 2 2 2 2 2 2 2 2 2 2
left_child=1 4 -3 6 7 -5 -4 -1 -9 10 11 12 -2 -11
right_child=9 2 3 5 -6 -7 -8 8 -10 13 -12 -13 -14 -15
leaf_value=-0.00021312151945342521 -0.0017486613444848494 -0.00014629488460727525 0.0015240990441320794 -0.0032340629128759166 -0.00052805634049548982 1.950232336386443e-05 -0.0020516597263341551 0.0010137852550623834 0.00034608874380455949 5.5810003196545827e-05 0.00011268847559034093 -0.00026732854897778023 -0.00071561697690631612 -0.0003564297978845526
leaf_weight=14569 8623 114323 6699 701 8474 2716 494 14170 115667 184029 74221 62450 23821 39233
leaf_count=14569 8623 114323 6699 701 8474 2716 494 14170 115667 184029 74221 62450 23821 39233
internal_value=-1.0587e-05 0.00013345 -7.79823e-05 0.000658088 0.000306231 -0.000647969 0.00127852 0.000355189 0.000418959 -0.000112569 -0.000239223 -0.00051447 -0.000990181 -1.66314e-05
internal_weight=670190 277813 124933 10610 152880 3417 7193 144406 129837 392377 169115 94894 32444 223262
internal_count=670190 277813 124933 10610 152880 3417 7193 144406 129837 392377 169115 94894 32444 223262
is_linear=0
shrinkage=0.05


Tree=46
num_leaves=15
num_cat=0
split_feature=15 8 5 14 8 3 5 9 7 14 3 3 14 4
split_gain=3.43223 2.93316 2.2602 4.03934 3.13565 2.3826 1.89138 1.88677 2.25568 2.23884 2.22651 1.84017 2.44439 2.12686
threshold=0.51787395749260168 0.29047913355700755 0.89181875070903438 0.50141044004137825 0.84328778878998478 0.38334384195039939 0.99000713266761775 0.89979705107821761 0.30672792807896232 0.5005882361082854 0.4303465431463373 0.97779831587595001 0.50062383056092619 0.9895893545279385
decision_type=2 2 2 2 2 2 2 2 2 2 2 2 2 2
left_child=1 -1 4 5 7 -4 11 8 -3 -9 -10 -2 -13 -14
right_child=6 2 3 -5 -6 -7 -8 9 10 -11 -12 12 13 -15
leaf_value=0.00034767140352522102 -0.00011286166783528798 -0.00016402683561477058 0.0016066761881388906 -0.0004175317561080018 -0.00039811695976516573 0.00045825786338830985 0.00093662061531255524 0.0022413361104460495 0.0006433509065600319 -0.00050160994953013158 0.00011675197998701722 0.0025805705996353695 -0.0016653666447584863 0.0010009959573618328
leaf_weight=94702 313793 47493 6451 9906 46896 15060 4213 774 26923 19145 78889 447 4888 883
leaf_count=94702 313793 47493 6451 9906 46896 15060 4213 774 26923 19145 78889 447 4888 883
internal_value=1.02263e-06 0.000110495 2.12001e-05 0.000417925 -3.54232e-05 0.000802661 -0.000115883 6.27669e-05 0.000122248 -0.000395026 0.000250741 -0.00012974 -0.000981492 -0.0012574
internal_weight=670463 346239 251537 31417 220120 21511 324224 173224 153305 19919 105812 320011 6218 5771
internal_count=670463 346239 251537 31417 220120 21511 324224 173224 153305 19919 105812 320011 6218 5771
is_linear=0
shrinkage=0.05


Tree=47
num_leaves=15
num_cat=0
split_feature=0 2 8 14 3 14 5 14 14 14 0 14 9 4
split_gain=2.57754 2.76289 2.51956 2.91875 2.05791 2.59189 2.32618 2.04848 2.01042 5.6803 1.95213 1.86373 2.37609 2.28022
threshold=0.2345318848853219 0.25012926577042405 0.88175429078713763 0.50070274103573076 0.82069468181361227 0.5005882361082854 0.98610233178817264 0.5006988123608237 0.50057703423714284 0.5005724115334208 0.10075096808150684 0.50057703423714284 0.80868008650595857 0.36476991722646984
decision_type=2 2 2 2 2 2 2 2 2 2 2 2 2 2
left_child=2 -2 8 7 6 -6 11 -4 9 -1 -11 12 13 -3
right_child=1 4 3 -5 5 -7 -8 -9 -10 10 -12 -13 -14 -15
leaf_value=0.00047830676214274915 0.00012209358434837818 -0.0023989014398663501 0.0005974618069564308 -0.00048859980469267278 0.0013425227701525388 -0.0004334697373475396 0.0012040479813909563 0.0061522556484502619 0.0002380242066119246 0.010113516047239845 0.003946754231674514 -7.2232431197996575e-05 0.0010803013853306778 -0.00043165419178678552
leaf_weight=2375 147362 2642 5645 23820 2119 67335 3502 171 123154 193 383 286426 1269 3329
leaf_count=2375 147362 2642 5645 23820 2119 67335 3502 171 123154 193 383 286426 1269 3329
internal_value=-6.76125e-06 -6.07559e-05 0.000171435 -0.000243411 -0.000134251 -0.000379285 -7.69822e-05 0.000760782 0.000268928 0.00155862 0.00601305 -9.22586e-05 -0.000884527 -0.00130211
internal_weight=669725 513984 155741 29636 366622 69454 297168 5816 126105 2951 576 293666 7240 5971
internal_count=669725 513984 155741 29636 366622 69454 297168 5816 126105 2951 576 293666 7240 5971
is_linear=0
shrinkage=0.05


Tree=48
num_leaves=15
num_cat=0
split_feature=1 2 5 14 3 6 14 14 14 14 9 2 6 14
split_gain=3.20388 3.32053 3.51945 5.10932 2.41468 2.31368 2.10549 2.08765 2.00834 2.1052 1.98513 1.96344 1.94659 1.85609
threshold=0.84412360085734706 0.17137067947759521 0.89973527175379409 0.50073910193379223 0.87193221473301796 0.09052028971370045 0.50180180765135196 0.50188324585047528 0.50051441690420528 0.50056180413614104 0.088473410381171472 0.72011486219825049 0.3674887524377764 0.50058241137985038
decision_type=2 2 2 2 2 2 2 2 2 2 2 2 2 2
left_child=1 10 4 8 5 7 12 -3 11 -10 -1 -4 -5 -6
right_child=-2 2 3 6 13 -7 -8 -9 9 -11 -12 -13 -14 -15
leaf_value=0.00093644233870581188 -0.00026083499526465947 -0.00056634703317312953 0.002465343592132652 0.0037766429593513516 0.0014329273194699603 2.4662416896485567e-05 -0.0004951451707119396 0.00043689832538773218 0.0052469143344999547 0.0013150431269218772 0.00022875333024572998 -0.0054906961930171107 0.00027564918666230583 -0.00042798271584234361
leaf_weight=11336 105371 30278 124 402 1376 332352 10507 6257 352 10362 78738 207 32161 51141
leaf_count=11336 105371 30278 124 402 1376 332352 10507 6257 352 10362 78738 207 32161 51141
internal_value=-7.7013e-06 3.9458e-05 -1.32696e-05 0.00036632 -6.20149e-05 -1.6855e-05 0.00012029 -0.000394531 0.00132571 0.00144422 0.000317817 -0.00251019 0.00031887 -0.000379225
internal_weight=670964 565593 475519 54115 421404 368887 43070 36535 11045 10714 90074 331 32563 52517
internal_count=670964 565593 475519 54115 421404 368887 43070 36535 11045 10714 90074 331 32563 52517
is_linear=0
shrinkage=0.05


Tree=49
num_leaves=15
num_cat=0
split_feature=3 5 14 14 9 15 14 7 9 8 0 13 14 14
split_gain=2.93382 2.82105 2.56548 2.56469 2.9062 2.44899 3.36535 2.92128 2.6909 2.32079 2.50012 2.22891 2.17327 1.96442
threshold=0.66611706176598529 0.96260922422308348 0.5010649639341288 0.5005882361082854 0.75832603619381211 0.51787395749260168 0.50059171680503745 0.30672792807896232 0.64737567058141232 0.866542880153087 0.14337242810400122 0.35002917152858815 0.50064766948050543 0.50104058385308392
decision_type=2 2 2 2 2 2 2 2 2 2 2 2 2 2
left_child=1 5 11 4 -2 7 -7 -1 9 10 -9 -3 -10 -8
right_child=3 2 -4 -5 -6 6 13 8 12 -11 -12 -13 -14 -15
leaf_value=-3.537810025958278e-05 0.00019138110954382485 0.0023806502145508439 5.9134712270816926e-05 -0.00017979702950839268 0.0024692712561669543 -0.0011108385095547045 -0.00018803571366848815 0.0011587842250129893 0.0010652726269566855 -0.00055106885171146171 0.00043041187949171655 0.00052553713685247062 -9.8437594388657684e-05 0.00012202548640470357
leaf_weight=98140 5565 3420 5855 217368 1871 7488 101250 14709 4461 4874 59191 3075 39863 103100
leaf_count=98140 5565 3420 5855 217368 1871 7488 101250 14709 4461 4874 59191 3075 39863 103100
internal_value=-1.30914e-06 7.3008e-05 0.000818144 -0.000148561 0.00076453 5.1759e-05 -6.97502e-05 0.000168105 0.000330333 0.000505689 0.000575387 0.00150236 1.86843e-05 -3.16016e-05
internal_weight=670230 445426 12350 224804 7436 433076 211838 221238 123098 78774 73900 6495 44324 204350
internal_count=670230 445426 12350 224804 7436 433076 211838 221238 123098 78774 73900 6495 44324 204350
is_linear=0
shrinkage=0.05


Tree=50
num_leaves=15
num_cat=0
split_feature=0 8 3 0 5 6 13 6 11 0 5 4 13 11
split_gain=3.20943 2.51337 2.20104 2.2769 2.19672 2.14869 1.89598 2.18368 1.80652 1.68928 1.64855 2.27665 2.26884 1.70935
threshold=0.60872363046276101 0.29047913355700755 0.71333773667987688 0.10075096808150684 0.96260922422308348 0.96209041635870918 0.12838319774839035 0.40742710795902287 0.99363866654796507 0.017075484796593699 0.63319620306519886 0.6945757082673919 0.33395353184301074 0.20250184094256263
decision_type=2 2 2 2 2 2 2 2 2 2 2 2 2 2
left_child=1 2 3 -1 5 6 7 8 -3 -8 -2 -12 13 -13
right_child=10 4 -4 -5 -6 -7 9 -9 -10 -11 11 12 -14 -15
leaf_value=0.0012377901685792321 -0.0002176786260661745 -0.00083964669224605853 -5.3087088898810509e-05 0.00035400405969204904 0.00059722950593382393 -0.0012298536559433833 0.00088332156506943423 1.918462588068411e-05 0.0022236353196691903 3.7305480512059419e-05 0.00028467731594680886 -0.0012514812551915916 -0.00047786785213809417 0.0004392011003776616
leaf_weight=8142 170575 16231 30756 69455 15812 3555 6052 20722 496 235589 47738 1668 28717 14416
leaf_count=8142 170575 16231 30756 69455 15812 3555 6052 20722 496 235589 47738 1668 28717 14416
internal_value=1.05852e-05 9.85982e-05 0.000304862 0.000446737 2.37155e-05 -8.36861e-06 7.19046e-06 -0.000323849 -0.000748812 5.84943e-05 -0.000125495 4.4425e-05 -0.000211577 0.000263868
internal_weight=669924 406810 108353 77597 298457 282645 279090 37449 16727 241641 263114 92539 44801 16084
internal_count=669924 406810 108353 77597 298457 282645 279090 37449 16727 241641 263114 92539 44801 16084
is_linear=0
shrinkage=0.05


Tree=51
num_leaves=15
num_cat=0
split_feature=1 0 11 2 5 14 8 6 3 8 3 11 14 14
split_gain=2.73885 2.35432 2.44647 2.64929 2.58515 3.25652 2.31909 2.23149 2.01328 1.85412 2.11551 1.97193 1.67022 1.51696
threshold=0.8325163202370941 0.0053144417247222757 0.71719103506787341 0.31338305423089724 0.80961018543490715 0.50103412726930519 0.18785054567184209 0.98393508863399382 0.1826514019644904 0.84328778878998478 0.58736141518521767 0.97787868173529635 0.51020833333333349 0.50051441690420528
decision_type=2 2 2 2 2 2 2 2 2 2 2 2 2 2
left_child=1 8 3 -3 6 7 -4 13 -1 10 -2 -11 -5 -6
right_child=9 2 4 12 5 -7 -8 -9 -10 11 -12 -13 -14 -15
leaf_value=0.0036806363749130205 -0.00010996590470468878 0.00016586571587462787 0.00054188981030401794 -0.00012190409990438039 -0.0025728136722939976 0.00010010160555620359 -1.0597747416941991e-05 -0.0025286117104579 0.00064012182658484973 0.00015046142879010825 -0.00058540615017106049 0.0028542044323537335 0.0016913381180754779 0.0011757103294321397
leaf_weight=777 56769 123685 23494 269896 274 18469 99162 429 1819 16025 39801 704 1276 18014
leaf_count=777 56769 123685 23494 269896 274 18469 99162 429 1819 16025 39801 704 1276 18014
internal_value=2.37508e-06 4.79362e-05 4.09058e-05 -2.59035e-05 0.000205944 0.000571137 9.52278e-05 0.00103593 0.00155017 -0.000221731 -0.000305917 0.000264242 -0.000113372 0.00111955
internal_weight=670594 557295 554699 394857 159842 37186 122656 18717 2596 113299 96570 16729 271172 18288
internal_count=670594 557295 554699 394857 159842 37186 122656 18717 2596 113299 96570 16729 271172 18288
is_linear=0
shrinkage=0.05


Tree=52
num_leaves=15
num_cat=0
split_feature=1 8 5 7 8 10 0 8 6 6 6 4 0 10
split_gain=2.80613 2.59717 2.54162 2.15232 1.98773 2.12192 1.96264 1.8745 1.83458 1.79141 1.75443 1.74533 2.53014 1.84694
threshold=0.80461920985614988 0.12471907842572814 0.89973527175379409 0.052531690642358644 0.88556775979258651 0.99747952010825214 0.013304904147952806 0.83549383456962023 0.3371127772599759 0.95844198064328245 0.87409415533266832 0.42001757469244294 0.064979088833837767 0.14460534723054194
decision_type=2 2 2 2 2 2 2 2 2 2 2 2 2 2
left_child=1 -1 4 8 6 11 10 -2 -4 -5 -3 13 -13 -6
right_child=7 2 3 9 5 -7 -8 -9 -10 -11 -12 12 -14 -15
leaf_value=0.00034930048446777783 -0.00028327713395631649 0.0014167883720902536 0.0082073357700388518 0.00037852704081460612 -0.0009072422120286332 -0.0072562918342141949 1.5085710172326561e-06 0.00023802995917558798 0.0013912782798002677 -0.00057421844215759996 -0.0022603892789568266 -0.0018253753974707199 -0.00039650760883955461 0.0001689455210734474
leaf_weight=65539 111734 3760 102 41364 4873 110 367710 20391 3071 5602 355 3653 20397 21920
leaf_count=65539 111734 3760 102 41364 4873 110 367710 20391 3071 5602 355 3653 20397 21920
internal_value=3.65804e-06 5.43239e-05 1.34447e-05 0.000350035 -2.64729e-05 -0.000319344 1.36607e-05 -0.000202823 0.00161039 0.000264886 0.00109956 -0.000304336 -0.000613541 -2.67871e-05
internal_weight=670581 538456 472917 50139 422778 50953 371825 132125 3173 46966 4115 50843 24050 26793
internal_count=670581 538456 472917 50139 422778 50953 371825 132125 3173 46966 4115 50843 24050 26793
is_linear=0
shrinkage=0.05


Tree=53
num_leaves=15
num_cat=0
split_feature=0 8 9 0 7 11 3 9 5 6 6 4 3 7
split_gain=2.57642 2.50705 3.28867 2.1411 2.46114 2.11871 1.79641 2.83087 1.74722 1.73634 1.7166 1.54732 1.37772 1.35655
threshold=0.63612898498594528 0.84328778878998478 0.90345949584860519 0.10075096808150684 0.029238049184857697 0.62275831967778006 0.087521768393349228 0.9231216978597655 0.83264452224404417 0.043027015867530473 0.91353121296966278 0.890594028315847 0.24929575229525239 0.8130473123226748
decision_type=2 2 2 2 2 2 2 2 2 2 2 2 2 2
left_child=1 2 3 4 -1 -5 7 8 -3 13 -6 -9 -2 -8
right_child=12 6 -4 5 10 -7 9 11 -10 -11 -12 -13 -14 -15
leaf_value=-0.0013408667177516045 9.0619395588266769e-05 -0.00030431469487341269 -0.00036560886497315551 2.83564900369423e-05 0.00069538519778203952 0.00031601902284692613 -0.0023715328191026147 0.0024221929641388032 0.0012801011531159436 -0.00024523020075888736 -0.00045330303895781436 -0.0024082705743214659 -0.00018951041533919342 0.0025468066510098476
leaf_weight=1713 57300 8336 29817 176087 36876 100567 1468 1972 2199 62273 3567 181 187569 155
leaf_count=1713 57300 8336 29817 176087 36876 100567 1468 1972 2199 62273 3567 181 187569 155
internal_value=5.23714e-06 7.96383e-05 0.000136542 0.000183506 0.000515447 0.000132925 -0.000179398 0.000364032 2.64049e-05 -0.000287309 0.000594073 0.0020161 -0.000123959 -0.00190182
internal_weight=670080 425211 348627 318810 42156 276654 76584 12688 10535 63896 40443 2153 244869 1623
internal_count=670080 425211 348627 318810 42156 276654 76584 12688 10535 63896 40443 2153 244869 1623
is_linear=0
shrinkage=0.05


Tree=54
num_leaves=15
num_cat=0
split_feature=5 14 14 13 14 13 14 10 10 11 6 9 14 14
split_gain=2.4118 6.28449 5.38993 6.20951 4.04995 3.96486 4.4282 2.82156 2.65178 3.5011 2.51396 2.51322 2.24774 2.0832
threshold=0.62544696320730997 0.50111482858733702 0.5018622038506354 0.60881358799795515 0.50109529156589516 0.52451344579436543 0.50089766896160504 0.21529203731437543 0.89975841886900365 0.42026702961954765 0.93917131417131428 0.73078891425871995 0.50069204185392524 0.50084246058107784
decision_type=2 2 2 2 2 2 2 2 2 2 2 2 2 2
left_child=2 4 7 11 5 6 8 12 9 -2 -3 -4 -1 -11
right_child=1 10 3 -5 -6 -7 -8 -9 -10 13 -12 -13 -14 -15
leaf_value=-0.0010012386518976871 0.00026695415767119876 -9.6776097246411251e-05 0.00017311403610363355 0.00087914997866069076 0.002142809418145751 -2.9185995452450155e-05 -5.4697996470906665e-05 -9.0945554867339633e-05 -0.00019187377144559052 0.00099614851661157218 -0.00092697681720243846 -0.00066351405627226596 -0.00030440339484038431 0.002109576165676356
leaf_weight=14322 16467 99369 31443 28746 3018 57044 24296 271111 6645 30461 10040 12563 60280 4873
leaf_count=14322 16467 99369 31443 28746 3018 57044 24296 271111 6645 30461 10040 12563 60280 4873
internal_value=-9.94757e-06 0.000112184 -8.35577e-05 0.000307614 0.000330647 0.000291522 0.000512625 -0.000165876 0.000748461 0.000869087 -0.00017296 -6.57297e-05 -0.000438181 0.0011497
internal_weight=670678 252213 418465 72752 142804 139786 82742 345713 58446 51801 109409 44006 74602 35334
internal_count=670678 252213 418465 72752 142804 139786 82742 345713 58446 51801 109409 44006 74602 35334
is_linear=0
shrinkage=0.05


Tree=55
num_leaves=15
num_cat=0
split_feature=4 14 14 13 6 9 14 7 14 9 13 13 14 0
split_gain=2.55786 5.28248 3.00078 5.07928 3.25783 3.13211 2.98518 2.89022 2.60522 2.38472 2.18151 2.08647 1.88657 2.492
threshold=0.62049114963120711 0.5005724115334208 0.5027100470035254 0.54445204438364503 0.09052028971370045 0.22406149690753938 0.50111982223292306 0.65025579630501917 0.5005724115334208 0.65153323208215819 0.60466548287318145 0.23838696563154771 0.50057703423714284 0.4356750223185179
decision_type=2 2 2 2 2 2 2 2 2 2 2 2 2 2
left_child=2 7 4 5 6 -4 -1 -2 10 -5 -6 -8 13 -3
right_child=1 12 3 9 8 -7 11 -9 -10 -11 -12 -13 -14 -15
leaf_value=-0.00067211346804137281 0.00016272665884253321 0.0011450045566054365 0.0013619289475745944 0.0015940519318139055 -6.7109276021895021e-05 -0.00030916679160584667 -0.00077942933430220148 0.0025605766853105229 0.00011953183697336971 0.00026701056801579454 -0.0017793326812166454 0.00043599986651600485 -0.00013948948132224995 -0.0035130380212131775
leaf_weight=28206 2288 421 3397 11033 4231 16062 4679 2788 324764 4884 3320 14391 249048 903
leaf_count=28206 2288 421 3397 11033 4231 16062 4679 2788 324764 4884 3320 14391 249048 903
internal_value=7.35589e-06 -0.000117122 8.39828e-05 0.00052442 4.29362e-05 -1.744e-05 -0.000345421 0.00147975 9.81849e-05 0.00118686 -0.000819934 0.000137783 -0.000149497 -0.00203189
internal_weight=670415 255448 414967 35376 379591 19459 47276 5076 332315 15917 7551 19070 250372 1324
internal_count=670415 255448 414967 35376 379591 19459 47276 5076 332315 15917 7551 19070 250372 1324
is_linear=0
shrinkage=0.05


Tree=56
num_leaves=15
num_cat=0
split_feature=0 2 5 14 14 14 10 11 13 10 6 11 15 6
split_gain=2.1858 2.08902 2.43716 1.82915 1.78532 4.72708 1.74462 2.02774 1.86555 1.70249 1.68447 1.74387 1.98376 1.7036
threshold=0.67501568381430377 0.18704138933242437 0.96260922422308348 0.50074129025167613 0.50051441690420528 0.50054831153714818 0.42314662786391516 0.89569003308323802 0.10795620361330689 0.61514762252044319 0.92986907983442879 0.77562082162818247 0.020936320467551447 0.096974514621573457
decision_type=2 2 2 2 2 2 2 2 2 2 2 2 2 2
left_child=1 9 10 -4 -2 -6 7 -5 -9 -1 11 12 -3 -14
right_child=4 2 3 6 5 -7 -8 8 -10 -11 -12 -13 13 -15
leaf_value=0.00052259004592235215 0.0017371772113159451 0.00072596947875579816 0.0015118071692792154 -0.00049535159836275344 -0.0036246496424033356 -0.00013176487477504115 0.00085209560797400218 -0.0020918269246129116 0.0035982472728749142 7.8913872577528914e-06 -0.00053957283428612314 0.00020680031716328493 -0.00047814539628593963 -3.9401860882027887e-05
leaf_weight=39723 1264 7857 4003 6868 973 216423 7494 191 586 26978 14822 81780 24404 236941
leaf_count=39723 1264 7857 4003 6868 973 216423 7494 191 586 26978 14822 81780 24404 236941
internal_value=-6.74009e-06 5.60837e-05 1.13218e-05 0.000561296 -0.000136504 -0.000147398 0.000309965 -0.000221457 0.00219953 0.000314414 -1.74576e-05 4.59139e-06 -5.6837e-05 -8.03711e-05
internal_weight=670307 451647 384946 19142 218660 217396 15139 7645 777 66701 365804 350982 269202 261345
internal_count=670307 451647 384946 19142 218660 217396 15139 7645 777 66701 365804 350982 269202 261345
is_linear=0
shrinkage=0.05


Tree=57
num_leaves=15
num_cat=0
split_feature=4 14 5 14 14 9 9 14 8 6 9 4 14 4
split_gain=2.37394 4.01623 3.84443 4.54359 3.65227 5.92245 3.03141 2.67459 2.54926 2.16429 2.7305 3.0385 2.66235 2.45289
threshold=0.74963286430535347 0.50056180413614104 0.76626617597536939 0.50099700996413554 0.50162602055924543 0.51791822819982969 0.92701449776126932 0.50051441690420528 0.91713095164193936 0.40742710795902287 0.98197459754836813 0.080814173094028358 0.50056180413614104 0.34155654089143922
decision_type=2 2 2 2 2 2 2 2 2 2 2 2 2 2
left_child=2 -2 4 7 9 -6 -7 -4 -5 10 12 -12 13 -1
right_child=1 -3 3 8 5 6 -8 -9 -10 -11 11 -13 -14 -15
leaf_value=-0.0027414478442601619 0.0018387064038608283 -0.00019602929032949148 -0.0027326707851483005 0.00014536627134526054 0.00064797769302586987 2.4277022970878815e-05 -0.0011244174596562442 0.00080099026477908138 -0.0010668906400695252 6.89828886180625e-05 0.0037652692044604346 0.00035175459465924781 -0.00019325182271643274 -4.469029428305621e-05
leaf_weight=1983 2461 166597 543 36750 48524 37175 6793 38688 4917 131064 862 2675 190550 1467
leaf_count=1983 2461 166597 543 36750 48524 37175 6793 38688 4917 131064 862 2675 190550 1467
internal_value=-4.35596e-06 -0.000166409 5.02196e-05 0.000365907 -1.04286e-05 0.000267124 -0.000153195 0.000752081 2.3114e-06 -8.85518e-05 -0.000193075 0.00118366 -0.000218175 -0.00159474
internal_weight=671049 169058 501991 80898 421093 92492 43968 39231 41667 328601 197537 3537 194000 3450
internal_count=671049 169058 501991 80898 421093 92492 43968 39231 41667 328601 197537 3537 194000 3450
is_linear=0
shrinkage=0.05


Tree=58
num_leaves=15
num_cat=0
split_feature=5 3 1 3 13 9 2 14 10 14 5 14 2 8
split_gain=2.83729 2.98914 2.80886 2.46807 2.44813 2.28978 2.2621 2.24268 1.98054 2.59224 2.54662 2.30514 2.67641 2.00095
threshold=0.98610233178817264 0.96201438534356498 0.069028199709417523 0.032723554564045375 0.13253724959007632 0.82831971663477955 0.17137067947759521 0.5005882361082854 0.18385025669210689 0.50069204185392524 0.32117619673112424 0.50070274103573076 0.93491766034732848 0.88556775979258651
decision_type=2 2 2 2 2 2 2 2 2 2 2 2 2 2
left_child=1 2 4 5 -1 -2 -4 -3 9 10 -8 12 -11 -13
right_child=3 7 6 -5 -6 -7 8 -9 -10 11 -12 13 -14 -15
leaf_value=-0.00056683038216563837 0.0017494063351331712 0.0020415151298568243 0.00018774159948734174 0.00063309139365592981 0.00055457347382173428 0.0083072474728251109 -0.001724475516939663 -0.00064404067117760418 -1.5760537475718363e-05 0.0010508152783907582 -0.00035945977289387706 -8.944512347956927e-05 0.0078273665253072982 -0.00081862543664364292
leaf_weight=5617 398 804 109054 9713 36444 200 5595 23489 393829 1246 8777 64020 165 11029
leaf_count=5617 398 804 109054 9713 36444 200 5595 23489 393829 1246 8777 64020 165 11029
internal_value=2.02416e-06 -1.08322e-05 9.96659e-06 0.000825034 0.000404817 0.00394266 -1.80061e-05 -0.00055516 -6.43015e-05 -0.000274765 -0.000890859 -0.00015896 0.00184325 -0.000196604
internal_weight=670380 660069 635776 10311 42061 598 593715 24293 484661 90832 14372 76460 1411 75049
internal_count=670380 660069 635776 10311 42061 598 593715 24293 484661 90832 14372 76460 1411 75049
is_linear=0
shrinkage=0.05


Tree=59
num_leaves=15
num_cat=0
split_feature=4 14 5 14 9 10 14 6 14 8 4 3 14 6
split_gain=2.33813 4.12039 3.2844 3.1603 5.28521 2.66468 2.5802 2.46122 2.26602 2.55933 1.92339 2.06104 1.83763 1.79294
threshold=0.72237578552721005 0.5005724115334208 0.80961018543490715 0.5018622038506354 0.51791822819982969 0.061238077121660919 0.50057703423714284 0.26214307162160239 0.50103734886343598 0.89703452012426055 0.99746514168219502 0.96201438534356498 0.50051441690420528 0.37164465031166016
decision_type=2 2 2 2 2 2 2 2 2 2 2 2 2 2
left_child=2 -2 3 5 -5 13 -3 -4 12 -10 11 -8 -9 -1
right_child=1 6 7 4 -6 -7 10 8 9 -11 -12 -13 -14 -15
leaf_value=-0.00099977510080855839 0.0015156977369058982 -0.0027886759715035885 0.0036760227525341363 0.00071669347425790217 -0.00013057867710223985 -1.4135511896991685e-05 -0.00012701875216580854 -0.0025785449648794102 0.00026823726115657315 -0.0010211330778214609 0.0011589753433819243 -0.00067925498387682887 0.00072885370715694727 -5.095301668310795e-05
leaf_weight=11884 3660 942 572 38498 35267 330137 160830 426 23749 4593 2702 18879 29706 8569
leaf_count=11884 3660 942 572 38498 35267 330137 160830 426 23749 4593 2702 18879 29706 8569
internal_value=4.67979e-06 -0.000145444 6.27583e-05 1.41428e-05 0.000311613 -4.84458e-05 -0.000178603 0.000412151 0.000380223 5.92867e-05 -0.000165125 -0.000185033 0.000682094 -0.000602256
internal_weight=670414 187013 483401 424355 73765 350590 183353 59046 58474 28342 182411 179709 30132 20453
internal_count=670414 187013 483401 424355 73765 350590 183353 59046 58474 28342 182411 179709 30132 20453
is_linear=0
shrinkage=0.05


Tree=60
num_leaves=15
num_cat=0
split_feature=1 2 11 14 13 13 8 8 8 7 0 14 9 13
split_gain=2.49787 2.0342 1.8132 1.72876 4.29783 2.12846 1.94933 1.84413 1.64055 2.66833 2.7633 1.87879 2.43298 2.27533
threshold=0.9153420010872978 0.10841272721773586 0.77189931833262959 0.50098328511981205 0.38995677153571895 0.59261782218185499 0.79319920602802041 0.97863662766575399 0.70626176551140774 0.021216140181657427 0.017075484796593699 0.50163666559519993 0.92701449776126932 0.49971623155505113
decision_type=2 2 2 2 2 2 2 2 2 2 2 2 2 2
left_child=1 -1 8 4 6 -5 -2 -6 9 -3 -11 -12 13 -13
right_child=3 2 -4 5 7 -7 -8 -9 -10 10 11 12 -14 -15
leaf_value=0.00030114100976248498 -0.00019998358147987818 -0.0012696563844863031 0.00016386123945422512 -0.00039697650207757635 -0.0011887483327187442 0.00044711472413474585 0.0014061263872392556 0.0034627188253108657 -0.0001972359343307641 0.0014601494558884437 -5.0128935232532272e-05 -4.9664022784796013e-05 -0.0013936387663630563 0.00058416259881742538
leaf_weight=62731 8197 3978 129915 18674 15789 12446 2455 216 130289 3358 221726 23995 2136 34543
leaf_count=62731 8197 3978 129915 18674 15789 12446 2455 216 130289 3358 221726 23995 2136 34543
internal_value=1.74852e-06 3.13856e-05 6.14956e-07 -0.000312525 -0.000608036 -5.93943e-05 0.000170182 -0.00112597 -4.98776e-05 1.63867e-05 3.42896e-05 1.73348e-05 0.000263873 0.000324354
internal_weight=670448 612671 549940 57777 26657 31120 10652 16005 420025 289736 285758 282400 60674 58538
internal_count=670448 612671 549940 57777 26657 31120 10652 16005 420025 289736 285758 282400 60674 58538
is_linear=0
shrinkage=0.05


Tree=61
num_leaves=15
num_cat=0
split_feature=3 0 14 13 11 5 14 14 13 5 14 8 14 13
split_gain=2.36478 2.44151 2.42574 2.22136 1.86102 2.16221 2.1297 1.92567 6.34593 3.69915 1.88182 1.74202 1.55483 1.90951
threshold=0.74891607405783034 0.056895891630430392 0.50059171680503745 0.32234694627244781 0.7093706955922866 0.80961018543490715 0.5027100470035254 0.50103734886343598 0.48462447717766871 0.62939627858366587 0.5027100470035254 0.87790248373530799 0.50066225281742538 0.37002873570857053
decision_type=2 2 2 2 2 2 2 2 2 2 2 2 2 2
left_child=1 12 3 -2 7 -6 -7 9 11 -3 -10 -9 -1 -14
right_child=2 4 -4 -5 5 6 -8 8 10 -11 -12 -13 13 -15
leaf_value=0.001614653822456294 0.0019887360295449902 -0.00029809590082136668 -0.00019429530020929182 6.1179666256645034e-05 9.4950549943208923e-05 0.00075004192688663419 -0.0008888220337752757 -0.00019792139005336769 0.00023876487967258673 0.00019796613749453068 0.00080463261049658471 -0.00097656395476171626 -0.00012897824275653888 0.00080722193317672654
leaf_weight=2967 2434 120832 163068 3873 108712 23031 2169 55279 84965 54546 17764 8256 9719 12390
leaf_count=2967 2434 120832 163068 3873 108712 23031 2169 55279 84965 54546 17764 8256 9719 12390
internal_value=4.41326e-06 5.9051e-05 -0.000157082 0.000805063 3.36957e-05 0.000191683 0.000608983 -2.82299e-05 9.36868e-05 -0.000143811 0.000336615 -0.000299101 0.000539903 0.000395673
internal_weight=670005 500630 169375 6307 475554 133912 25200 341642 166264 175378 102729 63535 25076 22109
internal_count=670005 500630 169375 6307 475554 133912 25200 341642 166264 175378 102729 63535 25076 22109
is_linear=0
shrinkage=0.05


Tree=62
num_leaves=15
num_cat=0
split_feature=3 7 14 10 14 10 14 10 5 1 6 5 14 2
split_gain=2.33379 2.24108 2.70272 2.41248 2.17013 2.31659 2.10848 2.07198 1.95691 1.6553 1.63147 2.14826 1.59413 1.54021
threshold=0.72135124063670419 0.5403137957692038 0.50059171680503745 0.85214530772771024 0.50059171680503745 0.96245990017321092 0.51266025641025648 0.46653877613900213 0.80961018543490715 0.028899203304212268 0.69056660552562199 0.12791604687443314 0.50073475425412461 0.23064893205972839
decision_type=2 2 2 2 2 2 2 2 2 2 2 2 2 2
left_child=1 2 3 9 7 -6 8 -2 13 -1 11 -9 -10 -4
right_child=4 -3 6 -5 5 -7 -8 10 12 -11 -12 -13 -14 -15
leaf_value=0.002690565716831171 -0.00024953780072068402 0.00022341514067544959 0.00015555093940054979 0.0010436310676512916 -0.00014914077161730643 -0.0010754779477787728 0.0022567203385771019 0.0043285356700236022 0.00091247715598956987 -0.001099788158009526 0.002452262784716908 -0.00033971550913020141 0.00016607707260704889 -0.00011359509035938038
leaf_weight=296 3114 141472 71587 1666 173718 7022 1045 293 8680 10716 2048 1551 40677 206448
leaf_count=296 3114 141472 71587 1666 173718 7022 1045 293 8680 10716 2048 1551 40677 206448
internal_value=-2.0872e-06 5.61034e-05 -1.32864e-05 -0.000729629 -0.000151662 -0.00018513 1.43651e-05 0.000711752 7.20777e-06 -0.000997904 0.00148088 0.00040204 0.00029734 -4.42968e-05
internal_weight=670333 482587 341115 12678 187746 180740 328437 7006 327392 11012 3892 1844 49357 278035
internal_count=670333 482587 341115 12678 187746 180740 328437 7006 327392 11012 3892 1844 49357 278035
is_linear=0
shrinkage=0.05


Tree=63
num_leaves=15
num_cat=0
split_feature=0 8 14 14 14 7 11 14 2 10 14 5 10 14
split_gain=2.36587 1.72045 2.17058 2.48569 2.12955 1.94705 1.69321 1.88138 1.83999 1.76283 1.95649 1.69094 1.65369 1.64811
threshold=0.29752793621231527 0.85870310729408972 0.50165289707778726 0.50172117549472695 0.50051441690420528 0.021216140181657427 0.96634938917072166 0.50090991886073855 0.2345318848853219 0.17982824708830905 0.50117785793562719 0.99764428412874595 0.95846171348394515 0.50057703423714284
decision_type=2 2 2 2 2 2 2 2 2 2 2 2 2 2
left_child=1 5 4 -4 -3 -1 8 -8 -2 10 -10 -6 -11 -7
right_child=6 2 3 -5 11 13 7 -9 9 12 -12 -13 -14 -15
leaf_value=-0.0009802409468485586 8.4302044326791675e-05 -0.0041164987150686559 -0.004152449548311247 -0.00063552991475165975 3.2636399793653895e-05 0.0012960229998990897 0.0011589744694951889 1.8021331936269398e-05 -0.00059202151882140519 -5.76061209321212e-05 -3.0893580142725049e-05 0.0027779087438549841 -0.00073605591102412821 0.00022189439913535068
leaf_weight=3299 128153 305 537 7801 31760 3658 5893 9339 39602 254725 25561 571 9310 150505
leaf_count=3299 128153 305 537 7801 31760 3658 5893 9339 39602 254725 25561 571 9310 150505
internal_value=1.67387e-06 0.00014656 -0.000142052 -0.000862033 4.1892e-05 0.000221661 -5.91634e-05 0.000459437 -7.64353e-05 -0.000139008 -0.000371912 8.11208e-05 -8.15286e-05 0.000247381
internal_weight=671019 198436 40974 8338 32636 157462 472583 15232 457351 329198 65163 32331 264035 154163
internal_count=671019 198436 40974 8338 32636 157462 472583 15232 457351 329198 65163 32331 264035 154163
is_linear=0
shrinkage=0.05


Tree=64
num_leaves=15
num_cat=0
split_feature=4 14 5 14 14 13 11 0 14 9 5 14 13 3
split_gain=2.06932 3.09383 2.96951 2.7485 2.66392 5.39532 3.13779 2.66495 3.39437 2.35004 2.27645 2.39961 2.19439 2.09439
threshold=0.63243798212997404 0.5005724115334208 0.80961018543490715 0.50096246479917006 0.50103412726930519 0.64772093848180823 0.96634938917072166 0.22642238488233066 0.50061500708052442 0.18841472121082317 0.63319620306519886 0.5006289347980527 0.70363054855592178 0.036502143436450009
decision_type=2 2 2 2 2 2 2 2 2 2 2 2 2 2
left_child=2 12 4 13 6 -6 7 -1 9 -9 11 -10 -2 -4
right_child=1 -3 3 -5 5 -7 -8 8 10 -11 -12 -13 -14 -15
leaf_value=0.00022112600213047202 0.0016976189688400923 -0.0001364538835425845 0.0028936812401791426 0.00010176809391796923 -4.1138299008039192e-05 0.00052520268635977382 0.0010317895665680526 -0.0021998465076077667 0.0011416562188772848 -0.00063668333718244145 0.00030533659944905291 -0.00029339079324219419 -0.00080932822367909293 0.00074482747240287072
leaf_weight=39664 3825 242384 1202 26316 118484 65192 5869 3089 2994 10849 21711 107748 1131 20022
leaf_count=39664 3825 242384 1202 26316 118484 65192 5869 3089 2994 10849 21711 107748 1131 20022
internal_value=3.72342e-06 -0.000111168 7.08812e-05 0.00044319 2.37577e-05 0.000159873 -0.000106508 -0.000142415 -0.000240914 -0.000983118 -0.000162812 -0.000254593 0.00112551 0.000866526
internal_weight=670480 247340 423140 47540 375600 183676 191924 186055 146391 13938 132453 110742 4956 21224
internal_count=670480 247340 423140 47540 375600 183676 191924 186055 146391 13938 132453 110742 4956 21224
is_linear=0
shrinkage=0.05


Tree=65
num_leaves=15
num_cat=0
split_feature=3 6 7 14 4 14 7 0 13 10 9 4 14 7
split_gain=2.32354 2.8087 2.53361 2.31494 2.09449 2.21228 2.2174 2.02654 1.85442 1.71719 1.63935 2.82462 1.60993 2.33222
threshold=0.4303465431463373 0.14190834396889909 0.27552830371334985 0.50056180413614104 0.62423777653839008 0.5005724115334208 0.66626480298754187 0.43940402695396047 0.16790306899271737 0.95466330814441658 0.98604001559048993 0.033376186790463107 0.50063653749534054 0.59542420937840801
decision_type=2 2 2 2 2 2 2 2 2 2 2 2 2 2
left_child=2 8 3 9 -3 6 -6 12 -2 -1 -5 -12 13 -4
right_child=1 4 7 10 5 -7 -8 -9 -10 -11 11 -13 -14 -15
leaf_value=-0.0018826137523926098 -0.0015440486364937285 8.9940365030572768e-05 0.00079646805888072239 -1.6758872230957929e-05 -0.00068026401380467949 -0.00017690106056974373 0.0019110727142534899 0.00010797858342351648 -0.00039247413397878957 0.0046613526610391484 0.0055880057966862266 0.00062681805732061171 0.00043347559810126454 0.0035880783858539197
leaf_weight=2215 4176 168386 3142 155657 1234 185074 2494 72863 21467 105 326 2392 50143 982
leaf_count=2215 4176 168386 3142 155657 1234 185074 2494 72863 21467 105 326 2392 50143 982
internal_value=6.14287e-06 -7.45538e-05 0.000113476 -1.84707e-05 -3.82665e-05 -0.00015261 0.00105332 0.00028026 -0.00058001 -0.00158644 4.4982e-06 0.00122187 0.000511577 0.0014612
internal_weight=670656 382831 287825 160695 357188 188802 3728 127130 25643 2320 158375 2718 54267 4124
internal_count=670656 382831 287825 160695 357188 188802 3728 127130 25643 2320 158375 2718 54267 4124
is_linear=0
shrinkage=0.05


Tree=66
num_leaves=15
num_cat=0
split_feature=3 5 11 14 10 13 14 14 14 13 14 14 6 6
split_gain=1.99141 2.78176 3.12192 2.17386 2.89821 2.15549 6.62554 2.82557 2.24641 2.73982 2.09036 2.12945 2.01321 1.97852
threshold=0.65815825347820867 0.79407047781087525 0.70536571154373473 0.5005882361082854 0.75420303955993784 0.68383213941314247 0.50090991886073855 0.5009017139883567 0.50064641268122123 0.48073371050750308 0.50099700996413554 0.50051441690420528 0.09052028971370045 0.5615196627831327
decision_type=2 2 2 2 2 2 2 2 2 2 2 2 2 2
left_child=1 3 -3 4 -1 8 7 12 9 -5 11 -4 -7 -13
right_child=-2 2 10 5 -6 6 -8 -9 -10 -11 -12 13 -14 -15
leaf_value=-0.0010661025611396666 -0.00012136470104497986 0.00010250707147966634 -0.0037426271243577907 0.0010797279540135311 0.00075054992238072539 -0.0011751439406083393 0.00050716154156868216 -0.0036386357333637307 -9.4925713853358712e-05 -0.00046735728270486717 0.00035646096168358374 0.0030155454543237966 -0.00010543408786712504 0.0011003776981834475
leaf_weight=9526 230081 47865 209 8843 2853 4969 70141 616 227349 4231 13440 1549 38305 10421
leaf_count=9526 230081 47865 209 8843 2853 4969 70141 616 227349 4231 13440 1549 38305 10421
internal_value=-2.15094e-06 6.01424e-05 0.000340935 3.89409e-06 -0.000647417 2.66406e-05 0.000205676 -0.00027613 -5.82749e-05 0.000579061 0.000786398 0.00126085 -0.000228265 0.00134821
internal_weight=670398 440317 73484 366833 12379 354454 114031 43890 240423 13074 25619 12179 43274 11970
internal_count=670398 440317 73484 366833 12379 354454 114031 43890 240423 13074 25619 12179 43274 11970
is_linear=0
shrinkage=0.05


Tree=67
num_leaves=15
num_cat=0
split_feature=2 11 14 14 5 13 15 14 14 13 14 14 4 5
split_gain=1.59773 2.52854 2.16736 2.04627 3.72004 2.16348 2.29636 1.71755 1.63496 1.71731 3.80536 2.47821 1.61578 1.60065
threshold=0.40823648826616821 0.80272773171768719 0.50275484184323982 0.50076746016039519 0.48010656942559932 0.31026447347202074 0.96191061191061211 0.50051441690420528 0.5008084079656614 0.78647450843425826 0.50090991886073855 0.5009017139883567 0.17162316779021589 0.98610233178817264
decision_type=2 2 2 2 2 2 2 2 2 2 2 2 2 2
left_child=3 -2 12 4 7 -6 -7 -1 -5 -10 11 -11 -3 -14
right_child=1 2 -4 8 5 6 -8 -9 9 10 -12 -13 13 -15
leaf_value=0.0017818381531066717 -0.00012880876701562731 0.0006916053419519176 -0.00065283036388907206 0.00073704666199185043 0.00084779464713132403 7.4934011028650755e-05 -0.0021260747398191364 -0.00059200484367114611 5.7117070929196404e-05 -0.00050970305067126983 0.00060182076866843682 -0.0052050394586966205 8.4270416752772433e-05 0.0013598582716403543
leaf_weight=781 310677 16556 7217 12166 9589 26285 1241 31292 146854 5932 37798 295 60237 2564
leaf_count=781 310677 16556 7217 12166 9589 26285 1241 31292 146854 5932 37798 295 60237 2564
internal_value=1.72422e-06 -6.22184e-05 0.000176746 9.50312e-05 -0.000139803 0.000201015 -2.42977e-05 -0.0005342 0.000175052 0.000139232 0.000413142 -0.000732142 0.000252191 0.000136349
internal_weight=669484 397251 86574 272233 69188 37115 27526 32073 203045 190879 44025 6227 79357 62801
internal_count=669484 397251 86574 272233 69188 37115 27526 32073 203045 190879 44025 6227 79357 62801
is_linear=0
shrinkage=0.05


Tree=68
num_leaves=15
num_cat=0
split_feature=3 13 1 8 13 8 4 1 7 3 1 10 13 5
split_gain=2.0536 1.66263 1.80045 1.45009 1.48716 1.44066 2.10433 1.41608 1.6039 1.48063 1.43482 1.60124 1.98676 1.949
threshold=0.82069468181361227 0.40953048821211518 0.12042936147800017 0.97863662766575399 0.10795620361330689 0.99391634629174719 0.02554511470947414 0.95029747332031567 0.64246560941911468 0.087521768393349228 0.020903122444178052 0.71099005070739041 0.23044372875290753 0.37722817107269963
decision_type=2 2 2 2 2 2 2 2 2 2 2 2 2 2
left_child=5 2 3 -2 -5 7 -7 8 10 -9 11 12 -1 -13
right_child=1 -3 -4 4 -6 6 -8 9 -10 -11 -12 13 -14 -15
leaf_value=-0.00071640934241814103 -0.00053468524763538672 -0.00035644282318162318 0.00013707312006461562 -0.0074614192790483152 -0.00090420985706606602 0.0037623473962535292 0.00049531562369496815 0.00076560796212758037 0.00020342275242087108 -0.00044049806608987093 -1.4770657196133496e-05 0.0012261851005371228 0.0018191609111225617 -0.0013835382903018151
leaf_weight=986 7544 67425 45707 156 194 592 2944 2833 126270 24993 384832 1280 3569 1622
leaf_count=986 7544 67425 45707 156 194 592 2944 2833 126270 24993 384832 1280 3569 1622
internal_value=-4.74301e-06 -0.000191207 1.6644e-05 -0.000680652 -0.00382685 3.62938e-05 0.00104228 2.97834e-05 4.84296e-05 -0.000317703 -1.45963e-06 0.00068548 0.0012703 -0.000232454
internal_weight=670947 121026 53601 7894 350 549921 3536 546385 518559 27826 392289 7457 4555 2902
internal_count=670947 121026 53601 7894 350 549921 3536 546385 518559 27826 392289 7457 4555 2902
is_linear=0
shrinkage=0.05


Tree=69
num_leaves=15
num_cat=0
split_feature=2 6 5 14 14 3 14 1 9 3 6 14 2 14
split_gain=2.53072 2.04608 1.83868 3.36517 1.85026 2.12397 1.9092 2.18495 1.67654 2.54846 2.04022 1.9465 1.79548 1.81303
threshold=0.11236870036233211 0.95844198064328245 0.90363295027875767 0.50111982223292306 0.50108108234458137 0.040410625156387874 0.50104712156697639 0.95426740891508521 0.90345949584860519 0.067577946610204692 0.30252727022254511 0.50066225281742538 0.62142174269325334 0.50162602055924543
decision_type=2 2 2 2 2 2 2 2 2 2 2 2 2 2
left_child=-1 2 8 4 5 -4 7 -7 12 10 -10 -11 13 -2
right_child=1 -3 3 -5 -6 6 -8 -9 9 11 -12 -13 -14 -15
leaf_value=0.00028130882351189103 -3.5142048422451891e-06 -0.00064415478178840579 0.0023370957322024067 -0.000174093958410115 0.0024045069819216489 0.00062499477572813464 -0.0013576449637277841 -0.0013930156652730221 0.0016395380912203471 0.00049746883151575332 -0.00057701928212933185 -0.00054222749409400188 -0.0001364673106763301 0.00029630489922904317
leaf_weight=74352 227616 13178 1529 25025 1365 25435 1428 1416 2820 5058 1643 40935 183988 64771
leaf_count=74352 227616 13178 1529 25025 1365 25435 1428 1416 2820 5058 1643 40935 183988 64771
internal_value=6.24984e-06 -2.80523e-05 -1.41268e-05 0.000257738 0.000604404 0.000521972 0.000423831 0.000518574 -4.31271e-05 -0.000317196 0.000823539 -0.000427889 -1.40987e-05 6.29032e-05
internal_weight=670559 596207 583029 56198 31173 29808 28279 26851 526831 50456 4463 45993 476375 292387
internal_count=670559 596207 583029 56198 31173 29808 28279 26851 526831 50456 4463 45993 476375 292387
is_linear=0
shrinkage=0.05


Tree=70
num_leaves=15
num_cat=0
split_feature=0 13 0 6 9 2 0 11 1 6 2 5 15 5
split_gain=1.87623 2.09712 2.20943 1.80172 1.7672 2.5034 2.20713 2.12706 1.66242 1.59743 1.35346 1.34791 1.26675 1.2501
threshold=0.42018425815939825 0.22228492600953101 0.013304904147952806 0.046395156851953778 0.65977078854964077 0.63719313964921198 0.11958048276498746 0.95072157080413522 0.34811288222554537 0.87409415533266832 0.92751187900441645 0.23005130349194738 0.1205054983497346 0.97819965464799452
decision_type=2 2 2 2 2 2 2 2 2 2 2 2 2 2
left_child=1 3 9 -1 5 6 -4 10 13 -3 -7 -6 -12 -5
right_child=-2 2 4 8 11 7 -8 -9 -10 -11 12 -13 -14 -15
leaf_value=-0.0015115466804775329 -7.5131392536956386e-05 0.0015285698224789123 0.00095356893032870482 -0.00030179612353004661 0.0003120075935353862 -0.00017157587281316309 0.00029608282589013544 0.0023430915342664191 0.00036498766586378576 -0.00091678702431466537 -0.0013459132978870698 -0.00018421064109889888 0.00067972283533543852 0.00095689622520739683
leaf_weight=2362 389836 4575 15668 45516 18370 44537 68872 939 14457 782 850 53665 8390 2062
leaf_count=2362 389836 4575 15668 45516 18370 44537 68872 939 14457 782 850 53665 8390 2062
internal_value=-4.13476e-06 9.43443e-05 0.000168809 -0.000156173 0.000143384 0.000247385 0.000417936 -1.61281e-05 -0.000104567 0.0011716 -5.73224e-05 -5.76676e-05 0.000493382 -0.000247245
internal_weight=670881 281045 216648 64397 211291 139256 84540 54716 62035 5357 53777 72035 9240 47578
internal_count=670881 281045 216648 64397 211291 139256 84540 54716 62035 5357 53777 72035 9240 47578
is_linear=0
shrinkage=0.05


Tree=71
num_leaves=15
num_cat=0
split_feature=11 12 5 2 11 14 13 14 6 9 9 15 14 13
split_gain=1.25452 2.3426 1.69192 1.68021 2.32197 2.78605 4.98664 3.88187 2.38676 2.3025 2.22886 2.19578 2.84858 4.04329
threshold=0.94276601354914613 0.52804930383368309 0.95868357231993606 0.63719313964921198 0.25840064708053773 0.50090991886073855 0.51264933864315176 0.5009017139883567 0.19175769246062177 0.16011440393830859 0.90345949584860519 0.49412531635861651 0.50097751804060675 0.3300693545551881
decision_type=2 2 2 2 2 2 2 2 2 2 2 2 2 2
left_child=3 -2 -3 10 -5 6 7 8 -6 -8 11 -1 13 -13
right_child=1 2 -4 4 5 -7 9 -9 -10 -11 -12 12 -14 -15
leaf_value=0.00021094398458303132 8.5251222025468974e-05 0.00076766832721457835 0.0029580765808635968 -0.00038290190078381136 -0.00029684268060151971 -0.00018980075884690836 -0.0014822383748982336 0.0050445934726534008 0.00068751576388377793 -0.00013360970387561236 -0.00036407497317032952 0.00032645604272942881 0.00014472980963703454 -0.00043322900118487363
leaf_weight=177367 31355 6982 1009 61281 7531 99253 3749 477 33778 20312 30078 23642 106044 67583
leaf_count=177367 31355 6982 1009 61281 7531 99253 3749 477 33778 20312 30078 23642 106044 67583
internal_value=6.09794e-06 0.000280019 0.00104424 -1.09798e-05 -0.000120063 -2.25041e-05 0.000229667 0.000559844 0.000508058 -0.000343743 5.00372e-05 8.32845e-05 -3.14956e-05 -0.000236348
internal_weight=670441 39346 7991 631095 226381 165100 65847 41786 41309 24061 404714 374636 197269 91225
internal_count=670441 39346 7991 631095 226381 165100 65847 41786 41309 24061 404714 374636 197269 91225
is_linear=0
shrinkage=0.05


Tree=72
num_leaves=15
num_cat=0
split_feature=5 14 4 4 13 14 14 14 14 10 14 9 2 5
split_gain=1.63096 3.16516 2.15012 1.84532 1.99341 6.50941 2.1958 1.92439 2.10944 1.80339 1.67103 3.03738 1.63676 1.47359
threshold=0.89181875070903438 0.50069396286022505 0.38824280670122463 0.62049114963120711 0.6239753409930795 0.50090991886073855 0.5009017139883567 0.50092507017183552 0.50278553693358174 0.93870067301433935 0.50067613283107215 0.82435928906462519 0.18295478821794614 0.63319620306519886
decision_type=2 2 2 2 2 2 2 2 2 2 2 2 2 2
left_child=3 -2 -3 4 13 6 10 -7 -9 -5 11 -6 -8 -1
right_child=1 2 -4 9 5 7 12 8 -10 -11 -12 -13 -14 -15
leaf_value=-0.00012160304859913586 0.0009765339646718163 0.00070116909699286575 -6.3037212476152801e-05 -0.00011424953800039785 -0.00083903924919841101 0.0020301306260650672 -0.0073443939458948202 0.00031725818201770381 0.001036901480437988 -0.0007135377866262434 -1.1253904447836886e-06 0.00082345400762747151 -0.0016885268779859826 0.00017437904035514005
leaf_weight=190030 11571 11245 50713 192299 16607 1888 162 73952 11809 13430 39082 3292 608 54002
leaf_count=190030 11571 11245 50713 192299 16607 1888 162 73952 11809 13430 39082 3292 608 54002
internal_value=-4.77264e-06 0.000217429 7.56616e-05 -3.21325e-05 3.15881e-05 0.000176771 -0.000225662 0.000451112 0.000416351 -0.000153371 -0.000191029 -0.000564004 -0.00287846 -5.6105e-05
internal_weight=670690 73529 61958 597161 391432 147400 59751 87649 85761 205729 58981 19899 770 244032
internal_count=670690 73529 61958 597161 391432 147400 59751 87649 85761 205729 58981 19899 770 244032
is_linear=0
shrinkage=0.05


Tree=73
num_leaves=15
num_cat=0
split_feature=1 8 7 9 14 14 8 14 3 9 6 6 7 3
split_gain=1.5807 1.60083 2.07273 1.80948 1.56833 1.82768 1.65087 1.75136 1.60003 2.43677 1.6178 1.532 1.68792 2.02189
threshold=0.59248942336003974 0.71859436097962559 0.021216140181657427 0.90345949584860519 0.50121802860364384 0.50116959224320967 0.92861775060218654 0.50123915927572915 0.20594512540498902 0.96625119722502661 0.096974514621573457 0.86748235176731792 0.49595531527039877 0.051857854613122041
decision_type=2 2 2 2 2 2 2 2 2 2 2 2 2 2
left_child=1 2 -1 11 5 8 7 -6 9 -3 -10 12 -4 -14
right_child=-2 4 3 -5 6 -7 -8 -9 10 -11 -12 -13 13 -15
leaf_value=-0.0010421559301642563 -9.7782294796454737e-05 0.00023732217912253518 9.1085976645132428e-05 -0.0002860776221600569 -0.0019028596624077578 0.0013246129737549458 -0.00085103802610376827 -7.6085235635367705e-05 -0.0012408003483163213 0.0024836487665381222 -7.5186944660721698e-05 -0.00013494927907911427 -0.002787344649478466 0.00038394153312483264
leaf_weight=3763 273879 17274 112309 22921 1369 2692 11367 31533 3174 1298 47923 33888 505 106023
leaf_count=3763 273879 17274 112309 22921 1369 2692 11367 31533 3174 1298 47923 33888 505 106023
internal_value=-5.42455e-06 5.8445e-05 0.000123392 0.000139304 -9.71474e-05 4.62632e-05 -0.000331563 -0.000152094 -3.13202e-06 0.000394318 -0.000147592 0.000177884 0.000226327 0.000368908
internal_weight=669918 396039 279409 275646 116630 72361 44269 32902 69669 18572 51097 252725 218837 106528
internal_count=669918 396039 279409 275646 116630 72361 44269 32902 69669 18572 51097 252725 218837 106528
is_linear=0
shrinkage=0.05


Tree=74
num_leaves=15
num_cat=0
split_feature=4 4 9 7 15 9 3 4 3 5 2 7 10 5
split_gain=1.37601 1.2845 2.86811 1.9616 1.9615 2.35787 2.2584 1.70089 1.50784 1.73019 1.46393 1.37763 1.47242 1.78298
threshold=0.99746514168219502 0.43574858091584218 0.93101203304597713 0.69033895529720002 0.028905531966609197 0.98604001559048993 0.083380952380952403 0.0053691371904638369 0.27669374114262751 0.99764428412874595 0.64880402253322778 0.88391054855434814 0.17593191509750375 0.99380321982969666
decision_type=2 2 2 2 2 2 2 2 2 2 2 2 2 2
left_child=1 3 10 4 -1 7 -7 -6 9 -9 -3 12 -12 -14
right_child=-2 2 -4 -5 5 6 -8 8 -10 -11 11 -13 13 -15
leaf_value=0.00087388827192327553 0.0011179864362183798 4.5437720767519791e-05 -0.00056552054866385103 0.00034491956963371445 -0.0014664148243531362 0.0036441898507012928 0.00057808318389391514 0.00010494279247563293 -0.0001464745102885236 0.0052443509622229975 -0.00045319122587237265 -0.00047572635862941153 2.0890053018839012e-06 0.0019675919987293821
leaf_weight=6432 2745 233629 26576 54698 2044 793 2475 111814 112901 164 19866 28212 67142 1174
leaf_count=6432 2745 233629 26576 54698 2044 793 2475 111814 112901 164 19866 28212 67142 1174
internal_value=8.18034e-07 -3.77328e-06 -6.4758e-05 7.50634e-05 1.26831e-05 -1.13807e-05 0.00132209 -3.05845e-05 -1.75337e-05 0.00011247 -2.67368e-05 -0.000171607 -7.43109e-05 3.58659e-05
internal_weight=670665 667920 376599 291321 236623 230191 3268 226923 224879 111978 350023 116394 88182 68316
internal_count=670665 667920 376599 291321 236623 230191 3268 226923 224879 111978 350023 116394 88182 68316
is_linear=0
shrinkage=0.05


Tree=75
num_leaves=15
num_cat=0
split_feature=3 8 7 14 9 8 7 14 3 4 7 13 11 12
split_gain=1.65162 2.19285 2.23279 1.82121 2.21166 1.81217 1.78896 1.78078 2.08684 1.58868 1.55287 1.52333 1.51553 2.00904
threshold=0.63907665372611722 0.99391634629174719 0.64246560941911468 0.50059171680503745 0.8205294921809877 0.88556775979258651 0.41306218663473776 0.50059171680503745 0.89568940873791048 0.02554511470947414 0.36252658721736269 0.70363054855592178 0.78337170303178028 0.91448591273723345
decision_type=2 2 2 2 2 2 2 2 2 2 2 2 2 2
left_child=1 2 3 4 6 -4 -1 8 -2 12 -10 -12 13 -3
right_child=7 9 5 -5 -6 -7 -8 -9 10 -11 11 -13 -14 -15
leaf_value=-0.0012621358199701588 9.2083569629177668e-05 -0.0021704256636014331 0.00043046241113863767 2.3642120161991744e-05 0.00086704309061190444 -0.00050351329370200632 8.9534721007672945e-05 -0.00013330730338080647 0.0077761331923504916 0.00084784791158417142 0.0021084900228549889 -0.00098925960300463704 0.0068203813682541151 0.0056630350549995998
leaf_weight=7930 6421 171 51748 353017 2258 5773 3541 233701 103 2485 2070 491 238 157
leaf_count=7930 6421 171 51748 353017 2258 5773 3541 233701 103 2485 2070 491 238 157
internal_value=-2.46818e-06 5.67003e-05 4.70952e-05 1.66916e-06 -0.000563327 0.000336725 -0.000844887 -0.000106608 0.000580194 0.00139237 0.00175668 0.00151458 0.00378305 0.00157913
internal_weight=670104 427318 424267 366746 13729 57521 11471 242786 9085 3051 2664 2561 566 328
internal_count=670104 427318 424267 366746 13729 57521 11471 242786 9085 3051 2664 2561 566 328
is_linear=0
shrinkage=0.05


Tree=76
num_leaves=15
num_cat=0
split_feature=3 7 14 13 14 7 5 3 14 14 9 8 3 4
split_gain=1.4056 2.15719 2.10377 1.74831 1.70576 2.16995 1.68415 1.90478 1.67971 2.04696 1.89338 1.79478 1.67069 2.01963
threshold=0.74891607405783034 0.64246560941911468 0.50056180413614104 0.69554130609911391 0.50056180413614104 0.42501292657704243 0.88786116041831531 0.0054458840757011257 0.50059171680503745 0.50059488420814235 0.580974261836121 0.83549383456962023 0.24929575229525239 0.21498692571105502
decision_type=2 2 2 2 2 2 2 2 2 2 2 2 2 2
left_child=1 4 3 -3 5 12 -6 -8 10 11 -2 -10 13 -1
right_child=8 2 -4 -5 6 -7 7 -9 9 -11 -12 -13 -14 -15
leaf_value=-0.0022463294760888758 -9.8890828440400858e-05 0.0032334580947255102 0.00023086679168184471 -0.00060249277612149535 -2.0812081448579696e-05 0.00056836260199079021 0.0041407075127098351 0.00031171575043207017 -0.0015544236595407927 -0.00013683327100756854 0.0016476324129669842 -0.0078417568643797293 -0.0025221394238681364 0.0009252895593643498
leaf_weight=905 3455 1045 96847 415 362968 1856 328 33299 536 162250 2817 144 2003 1127
leaf_count=905 3455 1045 96847 415 362968 1856 328 33299 536 162250 2817 144 2003 1127
internal_value=7.19495e-06 4.92907e-05 0.000259266 0.0021431 -1.99569e-06 -0.000846561 1.05494e-05 0.000349064 -0.000117397 -0.000148307 0.000685541 -0.00288586 -0.00149739 -0.000487267
internal_weight=669995 500793 98307 1460 402486 5891 396595 33627 169202 162930 6272 680 4035 2032
internal_count=669995 500793 98307 1460 402486 5891 396595 33627 169202 162930 6272 680 4035 2032
is_linear=0
shrinkage=0.05


Tree=77
num_leaves=15
num_cat=0
split_feature=1 11 9 14 1 2 8 11 5 14 13 14 13 6
split_gain=1.54606 1.57029 1.75374 3.21313 1.81834 1.64925 1.6068 1.40232 1.40748 1.63093 1.44891 1.40183 2.93457 2.61119
threshold=0.95029747332031567 0.71719103506787341 0.73479524232261462 0.50165289707778726 0.63125422868741554 0.49066043613707172 0.82767992801404333 0.95072157080413522 0.65647401318606058 0.50069396286022505 0.51264933864315176 0.50090991886073855 0.53280578993232219 0.32068187011335531
decision_type=2 2 2 2 2 2 2 2 2 2 2 2 2 2
left_child=1 5 4 6 7 11 -4 8 -3 10 -10 13 -13 -1
right_child=-2 2 3 -5 -6 -7 -8 -9 9 -11 -12 12 -14 -15
leaf_value=-0.0004710316594712343 -0.00032436580736741388 0.00016166405103115909 -3.4269535118901678e-05 -0.00068139000082537214 -1.6439072825925039e-05 -0.00012569236266086071 0.00055556003504654084 0.0011034380755236175 0.0022894669516353916 0.00046675708422815791 0.00027154500026283195 -9.3300479248153984e-05 0.000372759377567382 9.8147915129874393e-05
leaf_weight=29781 34296 40196 42318 15600 36462 224993 15879 6738 2523 21623 1374 60617 76276 62310
leaf_count=29781 34296 40196 42318 15600 36462 224993 15879 6738 2523 21623 1374 60617 76276 62310
internal_value=2.65015e-06 2.02652e-05 0.000144039 -4.41504e-05 0.000271548 -2.95502e-05 0.000126665 0.000416476 0.00034604 0.000636447 0.00157799 6.49163e-05 0.000166385 -8.59172e-05
internal_weight=670986 636690 182713 73797 108916 453977 58197 72454 65716 25520 3897 228984 136893 92091
internal_count=670986 636690 182713 73797 108916 453977 58197 72454 65716 25520 3897 228984 136893 92091
is_linear=0
shrinkage=0.05


Tree=78
num_leaves=15
num_cat=0
split_feature=6 14 4 14 9 14 0 14 6 14 14 8 14 14
split_gain=1.37607 3.50668 2.13855 2.45866 2.3927 2.23009 2.07662 5.25141 1.70329 1.64708 2.50399 1.92316 1.5691 2.51338
threshold=0.096974514621573457 0.50111482858733702 0.34547749650724485 0.5005724115334208 0.90748598999071006 0.50065146607453292 0.11225370977406508 0.50057703423714284 0.1031894082849497 0.5009017139883567 0.50099700996413554 0.95578452447298823 0.50070274103573076 0.5005882361082854
decision_type=2 2 2 2 2 2 2 2 2 2 2 2 2 2
left_child=1 -1 3 -2 -4 -6 7 -5 -9 -7 11 -11 13 -10
right_child=2 -3 4 6 5 9 -8 8 12 10 -12 -13 -14 -15
leaf_value=-0.00058306143288817719 -0.0010601110429387518 0.00019528010342120523 -1.2010968129315898e-06 0.0085233732666598547 0.00074923074125588787 -0.0010087699389653561 0.00013004041895489581 0.0036138836200340276 -0.0033362742367093801 0.00054389464408915143 -0.00049102210213199788 0.0042519391805252958 0.00031307275071341105 0.0018345105898228042
leaf_weight=32108 4000 26344 391045 210 3780 11916 155872 452 253 2880 21154 398 17157 3305
leaf_count=32108 4000 26344 391045 210 3780 11916 155872 452 253 2880 21154 398 17157 3305
internal_value=-4.76982e-07 -0.000232267 2.1646e-05 0.000165755 -3.89321e-05 -0.000406619 0.00019342 0.000655553 0.000577495 -0.000526821 -0.000291765 0.000994109 0.000511242 0.00146683
internal_weight=670874 58452 612422 181249 431173 40128 177249 21377 21167 36348 24432 3278 20715 3558
internal_count=670874 58452 612422 181249 431173 40128 177249 21377 21167 36348 24432 3278 20715 3558
is_linear=0
shrinkage=0.05


Tree=79
num_leaves=15
num_cat=0
split_feature=10 0 4 3 9 3 2 5 1 9 4 3 2 4
split_gain=1.42303 1.62252 1.68679 1.58336 2.38406 1.54982 1.4409 1.33293 2.24768 1.43006 2.86543 2.73475 1.30807 1.30352
threshold=0.25808462714182295 0.22642238488233066 0.99746514168219502 0.97779831587595001 0.77783738674296632 0.0054458840757011257 0.46670078471511439 0.90363295027875767 0.96576796845745505 0.90345949584860519 0.080814173094028358 0.091553482607894712 0.37291473407544845 0.017437253528913135
decision_type=2 2 2 2 2 2 2 2 2 2 2 2 2 2
left_child=1 5 6 7 -5 -1 -3 9 -9 13 11 -11 -7 -2
right_child=3 2 -4 4 -6 12 -8 8 -10 10 -12 -13 -14 -15
leaf_value=-0.002983766130938972 -0.0006968187127019338 -3.9059827511301595e-05 0.0024543610028050426 -0.0011232992786915415 0.00041956093816918495 0.00087600267936662445 -0.00036807595963825259 0.00040071035554720266 -0.0014269128466507406 0.0022973135156074205 -0.00032252177310407418 1.4812983611030908e-05 7.0104182189422259e-05 7.6642857000668092e-05
leaf_weight=386 5526 61880 594 6809 3960 6011 71990 40604 1755 2097 50722 3507 31015 382403
leaf_count=386 5526 61880 594 6809 3960 6011 71990 40604 1755 2097 50722 3507 31015 382403
internal_value=8.64705e-07 -0.000123163 -0.000204195 4.37237e-05 -0.000555955 0.00016808 -0.000215992 5.69949e-05 0.000324989 3.14421e-05 -0.000203983 0.000868918 0.000200938 6.5625e-05
internal_weight=669259 171876 134464 497383 10769 37412 133870 486614 42359 444255 56326 5604 37026 387929
internal_count=669259 171876 134464 497383 10769 37412 133870 486614 42359 444255 56326 5604 37026 387929
is_linear=0
shrinkage=0.05


Tree=80
num_leaves=15
num_cat=0
split_feature=5 0 8 3 13 6 0 9 11 1 3 12 3 6
split_gain=1.35778 1.24893 2.57617 2.10868 1.33367 2.21673 2.29487 1.64351 1.38903 1.4476 1.293 1.28382 1.26733 1.25263
threshold=0.98610233178817264 0.2345318848853219 0.88175429078713763 0.021005009435114925 0.33395353184301074 0.86748235176731792 0.013304904147952806 0.52183179148244663 0.93857729654274769 0.069028199709417523 0.25737831020011093 0.97591477019187878 0.90357862850025872 0.096974514621573457
decision_type=2 2 2 2 2 2 2 2 2 2 2 2 2 2
left_child=1 2 3 -1 13 6 -6 8 9 -8 -3 -11 -7 -5
right_child=-2 10 -4 4 5 12 7 -9 -10 11 -12 -13 -14 -15
leaf_value=-0.0011212912365590707 0.00056823199570684563 9.3490155694597352e-05 -0.00031967812022763422 -0.00093825462379576322 0.0019452729930871404 7.529969744930481e-05 0.001105981082890713 0.00013053195814283721 0.0029341381377071228 0.000429254025774574 -9.1494329344595394e-05 -0.0037056569781655779 -0.0010953911678535961 9.2737974533916594e-05
leaf_weight=2886 10374 125399 27579 3201 2516 6802 9860 30023 640 27741 382929 189 3502 37002
leaf_count=2886 10374 125399 27579 3201 2516 6802 9860 30023 640 27741 382929 189 3502 37002
internal_value=6.53182e-07 -8.26449e-06 0.000117516 0.00021447 0.000246204 0.000362725 0.000462225 0.000407716 0.000624262 0.000585143 -4.58607e-05 0.000401273 -0.000322581 1.06494e-05
internal_weight=670643 660269 151941 124362 121476 81273 70969 68453 38430 37790 508328 27930 10304 40203
internal_count=670643 660269 151941 124362 121476 81273 70969 68453 38430 37790 508328 27930 10304 40203
is_linear=0
shrinkage=0.05


end of trees

feature_importances:
Column_14=250
Column_3=101
Column_0=92
Column_8=89
Column_5=78
Column_9=70
Column_13=68
Column_1=62
Column_10=56
Column_2=54
Column_4=49
Column_6=46
Column_15=46
Column_11=38
Column_7=31
Column_12=4

parameters:
[boosting: gbdt]
[objective: regression]
[metric: l2]
[tree_learner: serial]
[device_type: cpu]
[data_sample_strategy: bagging]
[data: ]
[valid: ]
[num_iterations: 81]
[learning_rate: 0.05]
[num_leaves: 15]
[num_threads: 6]
[seed: 0]
[deterministic: 0]
[force_col_wise: 0]
[force_row_wise: 0]
[histogram_pool_size: -1]
[max_depth: -1]
[min_data_in_leaf: 100]
[min_sum_hessian_in_leaf: 0.001]
[bagging_fraction: 0.8]
[pos_bagging_fraction: 1]
[neg_bagging_fraction: 1]
[bagging_freq: 1]
[bagging_seed: 7719]
[bagging_by_query: 0]
[feature_fraction: 0.8]
[feature_fraction_bynode: 1]
[feature_fraction_seed: 2437]
[extra_trees: 0]
[extra_seed: 11797]
[early_stopping_round: 0]
[early_stopping_min_delta: 0]
[first_metric_only: 0]
[max_delta_step: 0]
[lambda_l1: 0]
[lambda_l2: 0]
[linear_lambda: 0]
[min_gain_to_split: 0]
[drop_rate: 0.1]
[max_drop: 50]
[skip_drop: 0.5]
[xgboost_dart_mode: 0]
[uniform_drop: 0]
[drop_seed: 21238]
[top_rate: 0.2]
[other_rate: 0.1]
[min_data_per_group: 100]
[max_cat_threshold: 32]
[cat_l2: 10]
[cat_smooth: 10]
[max_cat_to_onehot: 4]
[top_k: 20]
[monotone_constraints: ]
[monotone_constraints_method: basic]
[monotone_penalty: 0]
[feature_contri: ]
[forcedsplits_filename: ]
[refit_decay_rate: 0.9]
[cegb_tradeoff: 1]
[cegb_penalty_split: 0]
[cegb_penalty_feature_lazy: ]
[cegb_penalty_feature_coupled: ]
[path_smooth: 0]
[interaction_constraints: ]
[verbosity: -1]
[saved_feature_importance_type: 0]
[use_quantized_grad: 0]
[num_grad_quant_bins: 4]
[quant_train_renew_leaf: 0]
[stochastic_rounding: 1]
[linear_tree: 0]
[max_bin: 255]
[max_bin_by_feature: ]
[min_data_in_bin: 3]
[bin_construct_sample_cnt: 200000]
[data_random_seed: 38]
[is_enable_sparse: 1]
[enable_bundle: 1]
[use_missing: 1]
[zero_as_missing: 0]
[feature_pre_filter: 1]
[pre_partition: 0]
[two_round: 0]
[header: 0]
[label_column: ]
[weight_column: ]
[group_column: ]
[ignore_column: ]
[categorical_feature: ]
[forcedbins_filename: ]
[precise_float_parser: 0]
[parser_config_file: ]
[objective_seed: 8855]
[num_class: 1]
[is_unbalance: 0]
[scale_pos_weight: 1]
[sigmoid: 1]
[boost_from_average: 1]
[reg_sqrt: 0]
[alpha: 0.9]
[fair_c: 1]
[poisson_max_delta_step: 0.7]
[tweedie_variance_power: 1.5]
[lambdarank_truncation_level: 30]
[lambdarank_norm: 1]
[label_gain: ]
[lambdarank_position_bias_regularization: 0]
[eval_at: ]
[multi_error_top_k: 1]
[auc_mu_weights: ]
[num_machines: 1]
[local_listen_port: 12400]
[time_out: 120]
[machine_list_filename: ]
[machines: ]
[gpu_platform_id: -1]
[gpu_device_id: -1]
[gpu_device_id_list: ]
[gpu_use_dp: 0]
[num_gpu: 1]

end of parameters

pandas_categorical:null
