tree
version=v4
num_class=1
num_tree_per_iteration=1
label_index=0
max_feature_idx=17
objective=regression
feature_names=Column_0 Column_1 Column_2 Column_3 Column_4 Column_5 Column_6 Column_7 Column_8 Column_9 Column_10 Column_11 Column_12 Column_13 Column_14 Column_15 Column_16 Column_17
feature_infos=[0.001006036217303823:1] [0.0010214504596527069:1] [0.0009727626459143969:1] [0.0009727626459143969:1] [0.0009727626459143969:1] [0.0010214504596527069:1] [0.0016129032258064516:1] [0.001006036217303823:1] [0.0010214504596527069:1] [0.0010405827263267431:1] [0.001006036217303823:1] [0.0010214504596527069:1] [0.0046511627906976744:1] [0.0010101010101010101:1] [0.5004863813229572:0.58333333333333337] [0.0010214504596527069:1] [0.0009727626459143969:1] [0.013530135301353014:1]
tree_sizes=1597 1584 1582 1586 1581 1578 1588 1592 1598 1593 1590 1587 1605 1599 1595 1560 1578 1599 1583 1591 1593 1581 1584 1573 1586 1598 1573 1597 1611 1559 1577 1571 1572 1583 1589 1600 1592 1602 1598 1581 1583 1566 1593 1574 1587 1590 1619 1611 1588 1578 1595 1543 1576 1560 1598 1580 1582 1534 1577 1535 1524 1580 1552 1588 1560 1534 1558 1540 1585 1574 1572 1602 1593 1560 1548 1612 1540 1569 1539 1562 1518 1530 1594 1538 1579 1601 1518 1524 1609 1546 1555 1598 1598 1563 1545

Tree=0
num_leaves=15
num_cat=0
split_feature=1 15 0 8 9 3 13 8 5 2 0 14 14 15
split_gain=1728.71 425.612 347.621 171.597 159.795 116.233 97.2662 83.0529 79.0249 83.5264 78.0902 66.6566 110.455 62.8614
threshold=0.38451528236389815 0.041104974383198288 0.66863469599393477 0.29026979437611727 0.31194499202102699 0.70427872088885846 0.084145561403175459 0.90459760542210488 0.89638119097778624 0.28136237674808279 0.072472670298757272 0.50057736797541197 0.50057142931778531 0.81393697145877397
decision_type=2 2 2 2 2 2 2 2 2 2 2 2 2 2
left_child=1 4 8 -3 -1 10 -6 -8 9 -2 -5 12 -7 -4
right_child=2 3 13 5 6 11 7 -9 -10 -11 -12 -13 -14 -15
leaf_value=0.01553194452384307 0.00039114157962295685 0.0041557264186630923 -0.0029710812167910859 0.0058047639514844972 -0.0038950844740305449 0.0027561786332112011 0.00903233224628275 -0.00022265608408135744 0.001729157102244039 -0.0020773244055148012 0.0015486701334103781 -0.001113453801762528 0.038363486427285619 -0.0046489621247301563
leaf_weight=6325 47548 63200 100463 12013 2049 1019 15542 2872 23090 122715 104782 51877 277 125623
leaf_count=6325 47548 63200 100463 12013 2049 1019 15542 2872 23090 122715 104782 51877 277 125623
internal_value=-0.000586662 0.00261706 -0.00257223 0.00193131 0.00858592 0.0011042 0.00643894 0.00758885 -0.00101573 -0.00138798 0.00198643 -0.000833645 0.0103667 -0.00390338
internal_weight=679395 259956 419439 233168 26788 169968 20463 18414 193353 170263 116795 53173 1296 226086
internal_count=679395 259956 419439 233168 26788 169968 20463 18414 193353 170263 116795 53173 1296 226086
is_linear=0
shrinkage=1


Tree=1
num_leaves=15
num_cat=0
split_feature=1 1 0 8 0 3 17 15 10 8 14 14 14 13
split_gain=1686.83 442.706 231.481 160.84 140.173 134.316 105.297 104.55 82.8909 78.707 76.9991 87.8812 70.3659 61.3056
threshold=0.44849450456203982 0.068801704122805049 0.70040084184821028 0.66434776296368003 0.017257925739625393 0.70427872088885846 0.48471335098925067 0.23056824155044478 0.22241846978861388 0.20820428983728537 0.50057736797541197 0.50057142931778531 0.50066006629418314 0.17110955275050649
decision_type=2 2 2 2 2 2 2 2 2 2 2 2 2 2
left_child=1 3 -2 4 -1 7 13 9 12 -3 11 -7 -4 -5
right_child=2 5 8 6 -6 10 -8 -9 -10 -11 -12 -13 -14 -15
leaf_value=0.017939009253565553 -0.00084070440580013639 0.0075224126922273067 -0.010836192156896469 -0.0053080052967744186 0.0082053671893361282 0.0047107646292273942 0.0092823604790227051 0.001739051291944925 -0.002784551885138686 0.0034016770290434071 4.6694668182311493e-05 0.031252391399709582 -0.0045156310940997679 0.0030383111842577307
leaf_weight=4408 171477 14318 4923 2846 22987 1482 5819 103982 158362 60772 77088 395 41723 9695
leaf_count=4408 171477 14318 4923 2846 22987 1482 5819 103982 158362 60772 77088 395 41723 9695
internal_value=4.02236e-05 0.00281194 -0.00219632 0.00734468 0.00977156 0.00200819 0.00372352 0.00276572 -0.00333021 0.00418741 0.000290327 0.0102962 -0.0051827 0.00114423
internal_weight=680277 303792 376485 45755 27395 258037 18360 179072 205008 75090 78965 1877 46646 12541
internal_count=680277 303792 376485 45755 27395 258037 18360 179072 205008 75090 78965 1877 46646 12541
is_linear=0
shrinkage=0.05


Tree=2
num_leaves=15
num_cat=0
split_feature=0 0 8 0 17 0 0 2 14 14 3 9 0 14
split_gain=1458.06 406.735 249.554 186.977 130.181 116.437 97.6288 89.603 85.7874 77.5343 74.2296 80.3722 72.4442 60.3345
threshold=0.54689059381237537 0.22684821791964652 0.60456822378101227 0.017257925739625393 0.47884860778542054 0.8295553359683796 0.029357587310600303 0.38757713214145434 0.50064226102279974 0.50057736797541197 0.90074257880709496 0.63954415637402184 0.092364898590943031 0.50135318245074345
decision_type=2 2 2 2 2 2 2 2 2 2 2 2 2 2
left_child=1 2 3 -1 13 -2 8 -3 -6 -5 11 12 -11 -4
right_child=5 7 4 9 6 -7 -8 -9 -10 10 -12 -13 -14 -15
leaf_value=0.016614543962032807 -0.0018056122632596789 0.002011293319030875 0.0017104614341978911 0.016493340025449634 0.029839407716130441 -0.0038056463773942515 0.0035657879051061245 -8.5603389862657728e-05 0.009032674168531896 0.0099906310519205233 0.00081486017105056948 0.0030071388034234748 0.0056377074981259732 -0.0020319844673988602
leaf_weight=3984 192475 81316 33871 1567 577 117009 22399 136407 3503 13729 8334 17973 31464 15790
leaf_count=3984 192475 81316 33871 1567 577 117009 22399 136407 3503 13729 8334 17973 31464 15790
internal_value=-2.78599e-05 0.0020864 0.0040603 0.0060664 0.00203019 -0.00256178 0.00486155 0.000697553 0.0119752 0.00549126 0.00525013 0.00583532 0.00696006 0.000520529
internal_weight=680398 370914 153191 77051 76140 309484 26479 217723 4080 73067 71500 63166 45193 49661
internal_count=680398 370914 153191 77051 76140 309484 26479 217723 4080 73067 71500 63166 45193 49661
is_linear=0
shrinkage=0.05


Tree=3
num_leaves=15
num_cat=0
split_feature=1 1 1 1 8 9 3 9 3 13 3 8 1 9
split_gain=1446.26 429.52 187.428 141.371 128.405 127.152 109.53 95.6222 74.0826 70.8687 53.4026 53.0693 52.3079 51.5316
threshold=0.50458019537505172 0.041104974383198288 0.23843261614215375 0.8417017800579446 0.58519035795572116 0.31194499202102699 0.74684539447496234 0.42640292140009362 0.69667782713942561 0.052913642465881282 0.64945150810203767 0.32922806067172267 0.029074463688620059 0.62387531947865715
decision_type=2 2 2 2 2 2 2 2 2 2 2 2 2 2
left_child=1 5 4 -2 13 12 9 -5 11 -7 -6 -4 -1 -3
right_child=3 2 8 7 10 6 -8 -9 -10 -11 -12 -13 -14 -15
leaf_value=0.017781867427618541 -0.0015816290332614641 0.0054418004476579802 0.0028740237766360891 -0.0054533202403689385 0.0026443698663817673 -0.0049532429432357049 0.00072706037276469245 -0.0024621086668543263 -0.00076942636197109993 0.0096651876672783407 -0.00045732036538422287 0.0007016452709106035 0.00816357537688704 0.0025338878979048233
leaf_weight=4230 229220 53183 42230 47535 37398 882 5908 61010 55090 13816 22065 84101 2123 21352
leaf_count=4230 229220 53183 42230 47535 37398 882 5908 61010 55090 13816 22065 84101 2123 21352
internal_value=3.57885e-05 0.00232585 0.0018081 -0.00228555 0.0032263 0.00838345 0.0064768 -0.00377205 0.000760614 0.00878796 0.00149342 0.00142783 0.0145677 0.00460877
internal_weight=680143 342378 315419 337765 133998 26959 20606 108545 181421 14698 59463 126331 6353 74535
internal_count=680143 342378 315419 337765 133998 26959 20606 108545 181421 14698 59463 126331 6353 74535
is_linear=0
shrinkage=0.05


Tree=4
num_leaves=15
num_cat=0
split_feature=15 1 8 1 15 8 9 9 6 17 17 0 2 0
split_gain=1290.07 389.285 162.174 134.745 110.774 89.7853 88.4304 72.2073 68.8835 63.9395 61.4895 61.2361 57.5892 52.9564
threshold=0.51894491562858913 0.068801704122805049 0.88485494604897597 0.23843261614215375 0.82547470255978861 0.4746437115718895 0.418762881638785 0.418762881638785 0.84490927720935816 0.47004658174496367 0.49655740424725076 0.021115982611591689 0.17181373662140276 0.0055725833247935721
decision_type=2 2 2 2 2 2 2 2 2 2 2 2 2 2
left_child=1 2 6 5 -2 -3 8 -6 11 -8 -4 -1 -5 -11
right_child=4 3 10 12 7 -7 9 -9 -10 13 -12 -13 -14 -15
leaf_value=0.018962216005637925 -0.0016175449670705038 0.0042959523038958291 -0.0037343312599316262 0.0026076061994255006 -0.0049280015089359199 0.0014923111297373696 0.0035622721928326886 -0.0024508156266160111 0.0035193299997778545 0.025863544061486544 0.0068121711870069894 0.010335946506127937 0.0002095830736051786 0.0080508600997471081
leaf_weight=2588 208614 51699 4913 29652 51953 63792 14340 67818 2867 438 1923 10033 160848 8809
leaf_count=2588 208614 51699 4913 29652 51953 63792 14340 67818 2867 438 1923 10033 160848 8809
internal_value=-5.93892e-05 0.00204396 0.00633724 0.0013998 -0.00231337 0.00274735 0.00758019 -0.00352534 0.0105155 0.00565274 -0.000767549 0.0121048 0.000582844 0.00889459
internal_weight=680287 351902 45911 305991 328385 115491 39075 119771 15488 23587 6836 12621 190500 9247
internal_count=680287 351902 45911 305991 328385 115491 39075 119771 15488 23587 6836 12621 190500 9247
is_linear=0
shrinkage=0.05


Tree=5
num_leaves=15
num_cat=0
split_feature=1 1 0 8 9 10 3 3 6 14 8 14 8 3
split_gain=1141.14 267.214 222.046 106.746 103.414 83.8092 73.8025 73.5794 64.3755 61.8843 57.0576 100.909 61.2374 54.025
threshold=0.37285655114307853 0.045243604222696528 0.68018369383423993 0.22353640623907117 0.34356416989508148 0.19098300562283874 0.70047356696468632 0.7546093206209431 0.85456228167924875 0.50058241296029971 0.88895311496467577 0.5007168462465007 0.9784447017784641 0.7197410325175998
decision_type=2 2 2 2 2 2 2 2 2 2 2 2 2 2
left_child=1 4 -2 -3 8 -4 -5 10 -1 -8 -6 -12 -13 -7
right_child=2 3 5 6 7 13 9 -9 -10 -11 11 12 -14 -15
leaf_value=0.014112106406606205 -0.0003672917704100629 0.0042570899773189735 -0.0046417294052730719 0.0022470667984390291 0.0086531243686497512 -0.0016407449454763764 0.0099243181419280367 0.0007085550359989596 0.0023906054333460813 -0.00023745057231143408 0.018325610968631802 0.00021802117874760785 -0.019952146367663556 -0.0036262184412700588
leaf_weight=6560 209696 46023 42352 120662 12717 129809 1541 6101 1426 53997 665 1955 466 46547
leaf_count=6560 209696 46023 42352 120662 12717 129809 1541 6101 1426 53997 665 1955 466 46547
internal_value=4.08753e-05 0.00270988 -0.00152982 0.00211288 0.00714835 -0.00264444 0.00155282 0.00537252 0.0120191 4.45057e-05 0.00717312 0.00107423 -0.00366438 -0.00216479
internal_weight=680517 252113 428404 222223 29890 218708 176200 21904 7986 55538 15803 3086 2421 176356
internal_count=680517 252113 428404 222223 29890 218708 176200 21904 7986 55538 15803 3086 2421 176356
is_linear=0
shrinkage=0.05


Tree=6
num_leaves=15
num_cat=0
split_feature=1 15 1 8 9 3 9 9 4 5 12 15 15 0
split_gain=1058.43 235.468 223.853 132.913 95.4172 64.6249 59.3616 56.4602 55.4859 54.3245 51.4978 49.3105 48.0389 47.6509
threshold=0.3138759564687395 0.62858935293063289 0.029074463688620059 0.58519035795572116 0.37117604242487268 0.7546093206209431 0.61611829238340421 0.43445211480507984 0.66839715126973342 0.93519106781495609 0.84866945952324768 0.09657634279195422 0.80607279633102713 0.060689828724815841
decision_type=2 2 2 2 2 2 2 2 2 2 2 2 2 2
left_child=2 13 4 6 -1 10 11 12 9 -5 -6 -4 -3 -2
right_child=1 7 3 8 5 -7 -8 -9 -10 -11 -12 -13 -14 -15
leaf_value=0.013880459416206904 0.01074703638055838 -0.0021246161118257927 0.00669564352848908 0.0015161506851989128 0.0092659256415767652 0.00035853134988974732 0.0017590989710788343 -0.0016810936005141339 -0.00080794830921757674 0.0087458988723929619 -0.0029347781716462088 0.0036518158995575804 -0.004162989925388003 -0.00016590521932572714
leaf_weight=5222 1005 55860 17138 52719 8813 3765 31671 137645 29620 2733 959 59504 59899 213627
leaf_count=5222 1005 55860 17138 52719 8813 3765 31671 137645 29620 2733 959 59504 59899 213627
internal_value=-5.4902e-06 -0.00133339 0.00292415 0.00241829 0.00813901 0.00592421 0.00358 -0.00236553 0.000939217 0.00187248 0.00806858 0.00433245 -0.00317936 -0.000114806
internal_weight=680180 468036 212144 193385 18759 13537 108313 253404 85072 55452 9772 76642 115759 214632
internal_count=680180 468036 212144 193385 18759 13537 108313 253404 85072 55452 9772 76642 115759 214632
is_linear=0
shrinkage=0.05


Tree=7
num_leaves=15
num_cat=0
split_feature=1 15 1 9 9 10 8 3 5 8 5 13 16 3
split_gain=947.385 261.983 165.985 106.073 99.9303 65.524 56.1834 51.5471 65.3466 50.0028 70.8629 47.9126 46.0632 51.8947
threshold=0.26227192022954621 0.63247065952289849 0.029074463688620059 0.25749031038452203 0.34356416989508148 0.21850489743873591 0.37668111467107651 0.73512405804072489 0.92381611924548224 0.8530929129670396 0.89638119097778624 0.37770337069583776 0.84831395410237731 0.7546093206209431
decision_type=2 2 2 2 2 2 2 2 2 2 2 2 2 2
left_child=2 6 4 -4 11 -3 -2 8 -7 -5 -11 -1 13 -6
right_child=1 5 3 9 12 7 -8 -9 -10 10 -12 -13 -14 -15
leaf_value=0.0063108520432423685 0.00096662583235117771 -0.0037509183983255993 0.0049645017122430706 0.0024135704344169281 0.0088642274606425681 -0.0016118797204665418 -0.00057291229401643009 -0.0032240168360799996 0.0030220065957476416 -0.0013267180348782541 0.0053551203316907726 0.017163569529382531 -0.00053432777198470936 0.0012357042258857277
leaf_weight=1470 95380 57718 36401 96376 8308 135675 156490 49417 8060 20970 4894 3300 2623 3047
leaf_count=1470 95380 57718 36401 96376 8308 135675 156490 49417 8060 20970 4894 3300 2623 3047
internal_value=-2.0548e-05 -0.00112903 0.00312102 0.00259523 0.00757011 -0.0022727 1.00914e-05 -0.00183097 -0.00135203 0.0018897 -6.2377e-05 0.013819 0.00543766 0.00681719
internal_weight=680129 502740 177389 158641 18748 250870 251870 193152 143735 122240 25864 4770 13978 11355
internal_count=680129 502740 177389 158641 18748 250870 251870 193152 143735 122240 25864 4770 13978 11355
is_linear=0
shrinkage=0.05


Tree=8
num_leaves=15
num_cat=0
split_feature=0 0 15 8 13 2 8 5 14 14 14 10 14 9
split_gain=771.354 244.213 187.137 107.386 99.7586 74.2164 71.2658 64.0025 69.3502 63.118 57.0913 56.5011 77.8598 56.3844
threshold=0.2978159613347644 0.66863469599393477 0.041104974383198288 0.74325191687194259 0.17866879532978228 0.33268292125762416 0.50585327823171322 0.88446592418205972 0.50111607698938243 0.50064226102279974 0.50057736797541197 0.447270417003581 0.5006891802032869 0.66305083249985308
decision_type=2 2 2 2 2 2 2 2 2 2 2 2 2 2
left_child=2 5 4 10 9 -2 -6 -5 -9 -1 -4 12 -3 -12
right_child=1 11 3 7 6 -7 -8 8 -10 -11 13 -13 -14 -15
leaf_value=0.019031463029093105 0.0011506390711220123 -0.0063751538961375441 0.010053774986140976 -0.00059255617894735818 0.011267498580230155 -0.00065043707028274319 0.0054710844671814769 0.0066755950125054336 -0.0007331158931768799 -0.0012555787040051379 0.0034275549876603834 -0.0015601073071941493 -0.0025643131485931833 0.00096660053077735433
leaf_weight=416 87730 15818 2711 46607 9362 164346 12230 7141 5664 4893 79960 122610 87801 32832
leaf_count=416 87730 15818 2711 46607 9362 164346 12230 7141 5664 4893 79960 122610 87801 32832
internal_value=-1.42385e-07 -0.00109392 0.00259212 0.00199502 0.00647453 -2.36086e-05 0.00798433 0.000267636 0.00339852 0.000334063 0.00288355 -0.00228652 -0.00314606 0.00271121
internal_weight=680121 478305 201816 174915 26901 252076 21592 59412 12805 5309 115503 226229 103619 112792
internal_count=680121 478305 201816 174915 26901 252076 21592 59412 12805 5309 115503 226229 103619 112792
is_linear=0
shrinkage=0.05


Tree=9
num_leaves=15
num_cat=0
split_feature=1 15 15 3 17 8 13 5 1 8 6 14 16 14
split_gain=786.926 176.269 129.484 122 98.4381 96.3448 83.9325 74.9618 63.6321 58.8868 58.3252 59.5011 57.0705 53.5286
threshold=0.38451528236389815 0.041104974383198288 0.79798613487446624 0.90074257880709496 0.48279825711839247 0.41601409193485089 0.17866879532978228 0.89638119097778624 0.0092343222597264189 0.74325191687194259 0.95767784966003233 0.50102354252573011 0.84831395410237731 0.50058241296029971
decision_type=2 2 2 2 2 2 2 2 2 2 2 2 2 2
left_child=1 4 7 5 6 -3 -1 12 -6 -8 11 -9 -2 -5
right_child=2 3 -4 13 8 -7 9 10 -10 -11 -12 -13 -14 -15
leaf_value=-0.0028845579535111232 -0.00074652588494529602 0.0033911659005392519 -0.0026311371300226684 0.012774147838611109 0.018991372226124729 0.0011942595989057737 0.0076432819820667318 0.0049477686505331872 0.008218050268885075 0.00073147617649579042 -0.0045395975186204238 4.8195613286323142e-05 -0.0029841057915746803 -0.0019370243776813774
leaf_weight=3671 220461 83606 138567 634 1710 123806 10268 12502 6906 4403 3318 12286 32727 25043
leaf_count=3671 220461 83606 138567 634 1710 123806 10268 12502 6906 4403 3318 12286 32727 25043
internal_value=-4.13772e-05 0.00212004 -0.00138008 0.00167733 0.00594784 0.00207981 0.00387704 -0.000763806 0.0103562 0.00556894 0.001686 0.00251933 -0.00103575 -0.00157379
internal_weight=679908 260047 419861 233089 26958 207412 18342 281294 8616 14671 28106 24788 253188 25677
internal_count=679908 260047 419861 233089 26958 207412 18342 281294 8616 14671 28106 24788 253188 25677
is_linear=0
shrinkage=0.05


Tree=10
num_leaves=15
num_cat=0
split_feature=1 1 8 3 14 17 8 0 14 10 14 14 0 0
split_gain=687.446 208.428 114.641 104.868 82.2198 80.712 72.5315 71.884 68.9386 67.7976 66.7442 64.2315 58.5334 57.4009
threshold=0.52392027634144289 0.068801704122805049 0.88485494604897597 0.6573760667635864 0.50069300102581449 0.47004658174496367 0.29772878990168716 0.013398841440061281 0.50057736797541197 0.19098300562283874 0.50057142931778531 0.50066006629418314 0.90766890345849405 0.22302682635232926
decision_type=2 2 2 2 2 2 2 2 2 2 2 2 2 2
left_child=1 2 5 6 -4 -1 13 -7 10 11 -5 -2 -11 -3
right_child=9 3 4 8 -6 7 -8 -9 -10 12 -12 -13 -14 -15
leaf_value=0.0038636363019087894 -0.007630406835953717 0.0059071458458991449 0.010732705810471836 0.0036358975469405219 -0.0038204840784789949 0.01728593316459592 0.0010746708779982759 0.0071727990000262981 -0.00044898405884712008 -0.0009703071378219032 0.023088675410287432 -0.0026011052383563276 -0.0028452966878009626 0.0022707258843017654
leaf_weight=23911 7128 14384 1170 2131 5692 2031 142964 13030 105553 207107 556 58055 52094 44195
leaf_count=23911 7128 14384 1170 2131 5692 2031 142964 13030 105553 207107 556 58055 52094 44195
internal_value=-4.50838e-05 0.00147327 0.00462023 0.00100766 -0.0013391 0.00566952 0.00168184 0.00853657 -0.000247655 -0.00170963 0.00766111 -0.00315108 -0.00134714 0.00316364
internal_weight=680001 355617 45834 309783 6862 38972 201543 15061 108240 324384 2687 65183 259201 58579
internal_count=680001 355617 45834 309783 6862 38972 201543 15061 108240 324384 2687 65183 259201 58579
is_linear=0
shrinkage=0.05


Tree=11
num_leaves=15
num_cat=0
split_feature=15 1 8 8 0 0 5 14 0 16 4 11 5 14
split_gain=666.102 214.695 95.8781 78.9418 74.2733 61.5072 55.9052 58.7714 83.6503 56.4291 49.2912 40.798 38.2185 67.9068
threshold=0.51894491562858913 0.056978400583051751 0.52165866073499922 0.41601409193485089 0.80182255988707618 0.25439239594587648 0.95467629176813629 0.50119189680645537 0.025371514750239098 0.97030371053299669 0.54946211683053803 0.8218344679987456 0.92754483803229038 0.50090991886073855
decision_type=2 2 2 2 2 2 2 2 2 2 2 2 2 2
left_child=1 2 -1 5 12 -3 9 8 -8 -5 -4 -9 -2 -14
right_child=4 3 10 6 -6 -7 7 11 -10 -11 -12 -13 13 -15
leaf_value=0.0079909648103293849 -0.0011128731699781907 0.0036375934364374172 0.0050914903421348063 0.00046871910007828077 -0.00242958158457245 0.0013297773059793116 0.027459144016935319 -0.0029906245796109529 0.0055075485685938744 -0.004606674790802884 0.00019425572487006323 0.0076712065852772016 0.0052069471150463457 -0.00138147993060633
leaf_weight=16741 176302 44374 11520 170724 135363 82638 469 3488 5813 5658 9275 1208 6843 9128
leaf_count=16741 176302 44374 11520 170724 135363 82638 469 3488 5813 5658 9275 1208 6843 9128
internal_value=9.00121e-05 0.00160048 0.00517456 0.00117374 -0.00153236 0.00213606 0.000521383 0.00398335 0.00714641 0.00030591 0.00290722 -0.000247973 -0.000900703 0.00144142
internal_weight=679544 351908 37536 314372 327636 127012 187360 10978 6282 176382 20795 4696 192273 15971
internal_count=679544 351908 37536 314372 327636 127012 187360 10978 6282 176382 20795 4696 192273 15971
is_linear=0
shrinkage=0.05


Tree=12
num_leaves=15
num_cat=0
split_feature=1 0 15 9 4 14 13 3 14 5 4 10 14 3
split_gain=578.135 166.908 111.213 84.1406 73.4671 66.6736 65.3857 61.2925 72.4061 63.4564 60.8958 57.3026 85.1752 63.625
threshold=0.25833889630618606 0.66863469599393477 0.021291706963249519 0.27689330301538112 0.47964859024490641 0.50069300102581449 0.13194893632312782 0.70047356696468632 0.50058241296029971 0.96647086560744344 0.81773989675254877 0.41606277022177884 0.5006891802032869 0.97459374724938497
decision_type=2 2 2 2 2 2 2 2 2 2 2 2 2 2
left_child=2 7 4 10 -1 -5 -7 9 -9 -2 -4 12 -3 -14
right_child=1 11 3 5 -6 6 -8 8 -10 -11 -12 -13 13 -15
leaf_value=0.010597834061534937 0.00026940800134854525 -0.0063233923575699603 0.0050479059208450323 0.0041380352583593998 0.003234928701252443 -0.0021461434983771604 0.0014537072624600537 0.0070968308412897698 -0.0014499755536669756 0.0055764138854114166 4.6087283136837612e-05 -0.0011992391367411257 -0.0019754397918458283 -0.01169205236359845
leaf_weight=6586 189767 14623 32055 19309 6977 14741 87422 2556 81240 5805 7511 129748 80007 1721
leaf_count=6586 189767 14623 32055 19309 6977 14741 87422 2556 81240 5805 7511 129748 80007 1721
internal_value=-1.84133e-05 -0.000875225 0.00246204 0.00209583 0.00681025 0.00144355 0.000934288 -5.78473e-05 -0.00118928 0.000426931 0.00409839 -0.00188518 -0.00280888 -0.00218005
internal_weight=680068 505467 174601 161038 13563 121472 102163 279368 83796 195572 39566 226099 96351 81728
internal_count=680068 505467 174601 161038 13563 121472 102163 279368 83796 195572 39566 226099 96351 81728
is_linear=0
shrinkage=0.05


Tree=13
num_leaves=15
num_cat=0
split_feature=15 0 3 0 8 5 14 2 14 13 17 6 9 14
split_gain=512.462 153.971 120.43 112.933 98.9318 64.5466 88.1515 66.504 63.9198 68.8414 60.8236 53.278 52.9177 88.5725
threshold=0.25850769059199979 0.70414713048463395 0.89295406906189101 0.017257925739625393 0.47839061443768466 0.96647086560744344 0.50103412726930519 0.38378791635672377 0.50066357029882258 0.31368172790466736 0.45869278951715547 0.96117496553844328 0.20657706139334486 0.50142247798497819
decision_type=2 2 2 2 2 2 2 2 2 2 2 2 2 2
left_child=2 5 3 8 -5 7 11 -2 -1 -10 -6 -7 13 -3
right_child=1 12 -4 4 10 6 -8 -9 9 -11 -12 -13 -14 -15
leaf_value=0.020629507816269974 0.0006834895807774678 -0.0047238960289931456 -0.0011326973613368441 0.0038783290557341888 -8.2518585933588783e-05 0.0096023561063076322 -0.00092908500498340915 -0.00087930225860569685 0.00096804591435708772 0.010851552080066114 0.0027130688286355867 -0.0028127160731361111 -0.001479118012320579 0.00011484794741528073
leaf_weight=955 108765 34292 22512 66339 40770 5235 5989 181963 2947 4381 37218 1035 154673 13059
leaf_count=955 108765 34292 22512 66339 40770 5235 5989 181963 2947 4381 37218 1035 154673 13059
internal_value=-4.94741e-05 -0.000857683 0.00228121 0.00278481 0.00245897 -0.000144785 0.00340916 -0.000294642 0.00846247 0.00687684 0.00125161 0.00755298 -0.00192686 -0.00338941
internal_weight=680133 505011 175122 152610 144327 302987 12259 290728 8283 7328 77988 6270 202024 47351
internal_count=680133 505011 175122 152610 144327 302987 12259 290728 8283 7328 77988 6270 202024 47351
is_linear=0
shrinkage=0.05


Tree=14
num_leaves=15
num_cat=0
split_feature=1 0 9 1 3 1 11 2 16 4 0 3 14 14
split_gain=486.556 161.499 100.565 72.029 68.4724 67.4339 54.0965 52.2495 50.6737 49.8631 46.4648 43.3562 84.376 42.5952
threshold=0.21863880408464051 0.57035552011554791 0.27689330301538112 0.029074463688620059 0.82185450950829941 0.0092343222597264189 0.62419553891645208 0.42723731449585028 0.55106635669884274 0.71518200138547783 0.025371514750239098 0.7197410325175998 0.50057736797541197 0.50057142931778531
decision_type=2 2 2 2 2 2 2 2 2 2 2 2 2 2
left_child=2 6 3 -1 5 -4 7 -2 -7 -5 -8 12 13 -3
right_child=1 11 4 9 -6 8 10 -9 -10 -11 -12 -13 -14 -15
leaf_value=0.011358147501612351 0.0008537501641226454 -0.0050534997786554105 0.0093833085576107596 0.0053666546354451915 -0.00062197292624521436 0.0032497671367506305 0.022638682791009723 -0.0010846611248043461 0.00080804831282867107 0.0010215800928687867 0.0011391272165518606 -0.0025201661366169039 -0.00098183886538609033 -0.016047470182993517
leaf_weight=3796 56061 4378 3349 22083 23285 47231 252 91511 38626 9419 91422 77562 210061 1103
leaf_count=3796 56061 4378 3349 22083 23285 47231 252 91511 38626 9419 91422 77562 210061 1103
internal_value=-1.49922e-05 -0.00071962 0.00252315 0.00485154 0.00179253 0.00242278 0.000244309 -0.00034828 0.00215127 0.00406749 0.00119823 -0.00150643 -0.00114164 -0.00726593
internal_weight=680139 532350 147789 35298 112491 89206 239246 147572 85857 31502 91674 293104 215542 5481
internal_count=680139 532350 147789 35298 112491 89206 239246 147572 85857 31502 91674 293104 215542 5481
is_linear=0
shrinkage=0.05


Tree=15
num_leaves=15
num_cat=0
split_feature=0 15 3 0 14 8 14 8 14 14 7 9 14 2
split_gain=483.192 124.446 108.461 120.268 75.8959 67.4899 63.0371 63.2615 61.555 62.8237 59.242 53.4232 53.1491 70.0828
threshold=0.2978159613347644 0.63641642909935603 0.63374855006612452 0.045067400108807359 0.50058241296029971 0.8217754428504076 0.50066357029882258 0.85690375748612035 0.50057142931778531 0.50057736797541197 0.009340341770357365 0.30041438440449419 0.50104275400139187 0.97403893511677953
decision_type=2 2 2 2 2 2 2 2 2 2 2 2 2 2
left_child=2 -2 3 6 8 -6 -1 10 -4 -10 -8 -5 13 -9
right_child=1 -3 4 11 5 -7 7 12 9 -11 -12 -13 -14 -15
leaf_value=0.014921166329744925 4.684390247192591e-05 -0.0015667448852100295 0.0036935864031970057 0.0043389269350434167 0.0012783927356547445 -0.0021425248482530887 -0.015220871664017619 0.0017479447935378326 0.033827144661295785 0.0053261973220588912 0.0085485295514595768 0.0017620975329892099 -0.004376456434187991 0.022311677545506996
leaf_weight=2148 231706 246730 1463 27052 57442 19249 269 1938 432 350 10279 78427 2340 527
leaf_count=2148 231706 246730 1463 27052 57442 19249 269 1938 432 350 10279 78427 2340 527
internal_value=8.03531e-05 -0.000785286 0.00213147 0.00305988 0.000685026 0.000419762 0.00689855 0.00577612 0.00974664 0.021071 0.00794235 0.00242297 0.00102078 0.00614433
internal_weight=680352 478436 201916 122980 78936 76691 17501 15353 2245 782 10548 105479 4805 2465
internal_count=680352 478436 201916 122980 78936 76691 17501 15353 2245 782 10548 105479 4805 2465
is_linear=0
shrinkage=0.05


Tree=16
num_leaves=15
num_cat=0
split_feature=0 3 0 15 16 13 14 5 11 14 14 8 14 2
split_gain=394.863 115.321 123.675 99.1455 69.7922 61.2923 81.7571 60.3671 56.1027 49.5716 85.4334 48.265 54.6734 46.612
threshold=0.31738236133039266 0.75871140707428875 0.037213065402272906 0.59284503378927578 0.93105690327788004 0.2543918999121621 0.50097943286903812 0.83007446246836725 0.91196200775443792 0.50057736797541197 0.50057142931778531 0.88895311496467577 0.50069979040567281 0.32869195337469453
decision_type=2 2 2 2 2 2 2 2 2 2 2 2 2 2
left_child=1 2 4 13 11 6 -4 -6 -9 10 -3 -1 -13 -2
right_child=3 9 5 -5 7 -7 -8 8 -10 -11 -12 12 -14 -15
leaf_value=0.0094075872889760274 0.0010099887603085965 0.0023782642153140372 0.0027735969713418101 -0.0014630646550628421 -0.0096014356241532605 0.0025696915368491461 -0.0020877256729463539 0.0023596111839483051 0.037669287163611342 -0.00037094787817597828 0.031914248551697492 0.014534422103364475 -0.00044898345016477467 -0.00059919033479148294
leaf_weight=10894 73267 1053 16006 275671 1161 104235 18816 701 134 57625 319 774 2853 116650
leaf_count=10894 73267 1053 16006 275671 1161 104235 18816 701 134 57625 319 774 2853 116650
internal_value=-3.96074e-05 0.00173501 0.00244882 -0.000857456 0.00653929 0.00196296 0.000146791 -0.0022272 0.00802607 -0.000147311 0.0092456 0.0077443 0.00274847 2.16057e-05
internal_weight=680159 214571 155574 465588 16517 139057 34822 1996 835 58997 1372 14521 3627 189917
internal_count=680159 214571 155574 465588 16517 139057 34822 1996 835 58997 1372 14521 3627 189917
is_linear=0
shrinkage=0.05


Tree=17
num_leaves=15
num_cat=0
split_feature=1 0 14 17 0 13 9 16 13 16 14 15 0 14
split_gain=370.678 105.301 105.596 90.6161 80.8955 57.0777 54.351 53.3537 50.6048 50.3555 46.782 45.7251 41.0702 39.5968
threshold=0.37285655114307853 0.064680965800368792 0.50058241296029971 0.47884860778542054 0.72787795293040036 0.16284627293851875 0.66305083249985308 0.83260232511910959 0.18255049522079497 0.87577007248485172 0.50109170826122817 0.20668992173850612 0.0055725833247935721 0.50057736797541197
decision_type=2 2 2 2 2 2 2 2 2 2 2 2 2 2
left_child=1 2 -1 5 7 10 8 -2 -3 -7 -4 -10 -5 -8
right_child=4 6 3 12 -6 9 13 -9 11 -11 -12 -13 -14 -15
leaf_value=0.018242990321456626 6.1548345110497689e-05 -0.00079343325204977555 0.0015655433276292681 0.016974859487260737 -0.0016625092030569497 0.0042687664440839981 0.0067715712036103496 -0.0019113210902742756 0.0030949095252172285 -0.0015356968240149555 -0.0071893031196254564 0.0011267842511335662 0.0059746720058879797 -0.00021540589471175247
leaf_weight=1231 200415 18108 3262 909 186152 16411 2087 41338 55290 4838 2867 63296 12755 71466
leaf_count=1231 200415 18108 3262 909 186152 16411 2087 41338 55290 4838 2867 63296 12755 71466
internal_value=1.74435e-05 0.0015366 0.00381365 0.00338086 -0.000879061 0.00172109 0.00107877 -0.000275798 0.00166848 0.0029472 -0.00252977 0.00204441 0.00670646 -1.71567e-05
internal_weight=680425 252520 42273 41042 427905 27378 210247 241753 136694 21249 6129 118586 13664 73553
internal_count=680425 252520 42273 41042 427905 27378 210247 241753 136694 21249 6129 118586 13664 73553
is_linear=0
shrinkage=0.05


Tree=18
num_leaves=15
num_cat=0
split_feature=1 3 0 0 14 9 14 3 14 9 14 10 9 3
split_gain=334.412 119.912 123.254 65.8497 57.7521 56.6959 52.8338 52.7366 76.8425 55.1468 54.5723 59.1647 48.2505 43.5668
threshold=0.38451528236389815 0.69667782713942561 0.072472670298757272 0.0055725833247935721 0.50057736797541197 0.30041438440449419 0.50057142931778531 0.73124615621156219 0.50058754487710588 0.33947584874621756 0.50057736797541197 0.67569161142274359 0.072926663467690347 0.045149724652930802
decision_type=2 2 2 2 2 2 2 2 2 2 2 2 2 2
left_child=1 2 3 -1 6 13 -3 10 9 -9 11 -2 -4 -5
right_child=7 4 12 5 -6 -7 -8 8 -10 -11 -12 -13 -14 -15
leaf_value=0.014287039492312246 -0.0073926560999818484 0.0042191945291736605 0.0049115798409331496 -0.0039772784686255384 -0.0004012565425529023 0.0032968159840337311 0.024927794053672826 -0.0035185363266854435 -0.0021253496708431188 0.0087244123044757215 -0.0004752412066010576 0.002113188186360413 0.0012601144547533683 0.010320583696026654
leaf_weight=1796 5696 1540 9686 594 81435 22804 385 1359 105072 2846 302540 2297 137147 5170
leaf_count=1796 5696 1540 9686 594 81435 22804 385 1359 105072 2846 302540 2297 137147 5170
internal_value=-4.21138e-05 0.00136495 0.00210065 0.00500049 -0.000198915 0.00441667 0.00836091 -0.000915416 -0.00186011 0.00476765 -0.000582978 -0.0046609 0.00150099 0.00884714
internal_weight=680367 260557 177197 30364 83360 28568 1925 419810 109277 4205 310533 7993 146833 5764
internal_count=680367 260557 177197 30364 83360 28568 1925 419810 109277 4205 310533 7993 146833 5764
is_linear=0
shrinkage=0.05


Tree=19
num_leaves=15
num_cat=0
split_feature=0 15 13 14 0 14 17 9 1 2 14 4 2 0
split_gain=304.983 85.6604 67.6355 108.136 75.0302 50.5408 49.8812 54.0661 52.6528 48.0792 43.9135 58.7182 41.6774 52.318
threshold=0.27813866509188573 0.63641642909935603 0.13194893632312782 0.50063011997293716 0.017257925739625393 0.50061462838215609 0.39171747967479681 0.63170447438740129 0.080904002815619838 0.16783709943089353 0.50103842271892074 0.073438456242350084 0.92331778357082672 0.19108653609217377
decision_type=2 2 2 2 2 2 2 2 2 2 2 2 2 2
left_child=2 9 3 -1 5 -4 -6 8 -8 -2 11 -5 -12 -14
right_child=1 -3 4 10 6 -7 7 -9 -10 -11 12 -13 13 -15
leaf_value=0.0106622197540602 0.0014830214360912293 -0.0013108505994477544 0.023139417606550975 0.0091236678176696145 0.00029872796843626319 0.0057883777812273432 0.0056508863453255485 0.0010198747062909221 0.0024596234429686871 -0.00032432882569286372 -0.0017108778532656411 -0.00070449572549661187 -0.010886335808581078 0.0042724001363368957
leaf_weight=1988 45103 247196 443 1779 38554 7977 17228 44408 51751 199814 9771 10428 2955 705
leaf_count=1988 45103 247196 443 1779 38554 7977 17228 44408 51751 199814 9771 10428 2955 705
internal_value=1.86808e-07 -0.000654227 0.00171331 -0.000571673 0.00210696 0.00670127 0.00185236 0.00238063 0.00325666 8.50605e-06 -0.00144276 0.000727822 -0.00341554 -0.00796642
internal_weight=680100 492113 187987 27626 160361 8420 151941 113387 68979 244917 25638 12207 13431 3660
internal_count=680100 492113 187987 27626 160361 8420 151941 113387 68979 244917 25638 12207 13431 3660
is_linear=0
shrinkage=0.05


Tree=20
num_leaves=15
num_cat=0
split_feature=0 1 9 2 17 14 17 1 3 14 14 17 4 11
split_gain=319.019 95.0348 84.7634 79.9816 72.8811 91.7933 73.1048 68.0036 53.9853 54.9002 52.6639 69.8208 52.5678 51.7123
threshold=0.26240567375886531 0.8417017800579446 0.30041438440449419 0.20707612606754242 0.39171747967479681 0.50069300102581449 0.41241906882758056 0.029074463688620059 0.90467107894832555 0.50058754487710588 0.50055834885861161 0.14675349676470253 0.81773989675254877 0.72255793291465864
decision_type=2 2 2 2 2 2 2 2 2 2 2 2 2 2
left_child=2 3 7 -2 10 6 -6 -1 13 -10 11 -4 -9 -5
right_child=1 -3 4 8 5 -7 -8 12 9 -11 -12 -13 -14 -15
leaf_value=0.0098729145936437297 0.0010388349978605188 -0.0019149052777801075 -0.01204369130926872 -0.00084388647350998542 0.017377816902048326 0.0012569840553043072 0.0044453952111323273 0.0040678494640626235 0.0094768571323058971 -0.0030901263302847795 -0.00095156644916549347 0.03717641993287471 -0.00039377943417811682 0.00070542279936738807
leaf_weight=4129 92801 108634 112 197925 1181 83655 14626 31465 897 27905 33764 202 8355 73994
leaf_count=4129 92801 108634 112 197925 1181 83655 14626 31465 897 27905 33764 202 8355 73994
internal_value=3.82838e-05 -0.000605743 0.00186038 -0.000244341 0.00123354 0.00191726 0.00541162 0.00376505 -0.000640322 -0.00269874 -0.000762015 0.0196202 0.00313171 -0.000422292
internal_weight=679645 502156 177489 393522 133540 99462 15807 43949 300721 28802 34078 314 39820 271919
internal_count=679645 502156 177489 393522 133540 99462 15807 43949 300721 28802 34078 314 39820 271919
is_linear=0
shrinkage=0.05


Tree=21
num_leaves=15
num_cat=0
split_feature=3 5 3 8 17 17 11 5 13 6 16 4 6 2
split_gain=148.336 97.0696 64.8497 55.5621 62.5365 48.7936 44.1099 43.0504 39.8169 37.5654 35.9637 32.3732 31.8119 31.4851
threshold=0.82185450950829941 0.89638119097778624 0.080814999308150018 0.63262271728158226 0.44335629277649424 0.91759955752212397 0.69868529081324005 0.99764982049157702 0.088006069802731415 0.56378430682617886 0.84831395410237731 0.2004219878834281 0.17981764347777965 0.9936265111139998
decision_type=2 2 2 2 2 2 2 2 2 2 2 2 2 2
left_child=1 3 7 10 12 -6 -4 8 -3 -10 -1 -8 -5 -9
right_child=-2 2 6 4 5 -7 11 13 9 -11 -12 -13 -14 -15
leaf_value=0.00071526710412198892 -0.0015724961005705307 -0.0022927152483604714 0.00057794190414922272 -0.0038615520635025425 0.00059224583547188518 -0.0029602479491583869 0.010821031117394256 0.038416391897271515 0.016350671051204302 0.0057555479308843971 -0.00089213312601995557 0.0031931749932831927 -0.0011912365954853596 0.007563000938916091
leaf_weight=297081 122135 1043 25809 13814 91891 10802 1546 189 1145 3106 39415 13872 57907 147
leaf_count=297081 122135 1043 25809 13814 91891 10802 1546 189 1145 3106 39415 13872 57907 147
internal_value=5.75616e-06 0.000351348 0.00252941 0.000151592 -0.000572654 0.000218569 0.00184202 0.00756295 0.00646146 0.00860933 0.000526986 0.00395804 -0.00170556 0.024918
internal_weight=679902 557767 46857 510910 174414 102693 41227 5630 5294 4251 336496 15418 71721 336
internal_count=679902 557767 46857 510910 174414 102693 41227 5630 5294 4251 336496 15418 71721 336
is_linear=0
shrinkage=0.05


Tree=22
num_leaves=15
num_cat=0
split_feature=15 0 8 8 17 3 17 5 13 3 10 0 17 16
split_gain=256.412 94.2242 61.7425 58.9833 65.5384 53.8373 50.2929 44.8674 62.1209 47.1304 44.4119 40.9336 38.5549 36.331
threshold=0.51894491562858913 0.045067400108807359 0.33758980891719753 0.47839061443768466 0.50926243567753005 0.70047356696468632 0.8507775890737399 0.89231804534630921 0.17110955275050649 0.076597977272219883 0.19098300562283874 0.18313278029535332 0.73422869850187278 0.96232702857610752
decision_type=2 2 2 2 2 2 2 2 2 2 2 2 2 2
left_child=1 3 5 -1 7 11 -6 8 -5 -9 -2 -3 -12 -10
right_child=10 2 -4 4 6 -7 -8 9 13 -11 12 -13 -14 -15
leaf_value=0.007030736139100934 -0.0021787459665121378 0.0045781071781550936 0.00018978223694734661 -0.0071626196920091742 0.011973578418439795 -6.7275478585195693e-05 0.0018383669533108599 0.021151992242056966 0.0021100824405137961 0.0033602785010378652 -0.0010104361258712971 0.0017670711633550702 0.00056744658901993221 -0.0095655126225139067
leaf_weight=8899 65825 16618 215101 2987 2601 31757 2312 418 8227 3399 214736 58681 47229 725
leaf_count=8899 65825 16618 215101 2987 2601 31757 2312 418 8227 3399 214736 58681 47229 725
internal_value=-1.15988e-05 0.00092604 0.000678112 0.00362734 0.00216201 0.00165928 0.00720407 0.000589809 -0.000918845 0.00530865 -0.0010177 0.00238745 -0.000725964 0.00116451
internal_weight=679515 351725 322157 29568 20669 107056 4913 15756 11939 3817 327790 75299 261965 8952
internal_count=679515 351725 322157 29568 20669 107056 4913 15756 11939 3817 327790 75299 261965 8952
is_linear=0
shrinkage=0.05


Tree=23
num_leaves=15
num_cat=0
split_feature=0 0 8 17 8 0 6 5 17 17 13 1 5 5
split_gain=270.544 88.6451 78.322 65.3669 53.5547 50.4669 49.1416 45.3313 59.1919 45.3307 43.0563 40.0538 38.6267 38.5331
threshold=0.54689059381237537 0.10828759282632307 0.81768331642049097 0.50926243567753005 0.20421330004854035 0.013398841440061281 0.87120534504255442 0.95083356487913318 0.47467943448956113 0.8507775890737399 0.85657761879789296 0.8417017800579446 0.76089590419906517 0.86525398360504757
decision_type=2 2 2 2 2 2 2 2 2 2 2 2 2 2
left_child=1 2 5 7 -3 6 -1 -4 10 -5 -9 12 -2 -11
right_child=11 4 3 9 -6 -7 -8 8 -10 13 -12 -13 -14 -15
leaf_value=0.010785008529021796 -0.0010329606025959515 0.0018907225163294437 -0.0025955706874757501 0.0089189921374863337 0.00019891338403391513 0.0030869894390006137 -0.0028223951704597974 0.0083611741744780282 -0.013551330213010552 -0.0028020512308840869 -0.015835065662747984 -0.0018670406533822554 0.00066619806147182091 0.012400509124407528
leaf_weight=3961 158782 58078 14496 3041 240403 44344 797 2574 418 2223 198 108479 42373 513
leaf_count=3961 158782 58078 14496 3041 240403 44344 797 2574 418 2223 198 108479 42373 513
internal_value=-1.44213e-06 0.000909159 0.00247655 0.000100227 0.000528103 0.00361206 0.00850567 -0.00140809 0.00398804 0.00471787 0.00663287 -0.00109265 -0.000675035 4.84288e-05
internal_weight=680680 371046 72565 23463 298481 49102 4758 17686 3190 5777 2772 309634 201155 2736
internal_count=680680 371046 72565 23463 298481 49102 4758 17686 3190 5777 2772 309634 201155 2736
is_linear=0
shrinkage=0.05


Tree=24
num_leaves=15
num_cat=0
split_feature=1 8 0 14 3 11 4 5 14 14 17 3 0 15
split_gain=218.683 79.3763 92.179 82.8866 70.5342 74.0343 69.3573 70.8624 68.0339 67.2337 60.2194 47.947 47.7509 45.8197
threshold=0.23843261614215375 0.86082763488261782 0.021115982611591689 0.50072939499053015 0.7197410325175998 0.96703638401399605 0.021945723733718628 0.85722708894878707 0.50057736797541197 0.50058754487710588 0.4758550330353673 0.90074257880709496 0.029357587310600303 0.51100975258360359
decision_type=2 2 2 2 2 2 2 2 2 2 2 2 2 2
left_child=1 2 10 6 5 8 12 -8 -2 -6 -1 -4 -3 -10
right_child=4 3 11 -5 9 -7 7 -9 13 -11 -12 -13 -14 -15
leaf_value=0.003948091080980363 -0.0044384559239889357 0.049467010593608668 0.0020676182231215453 -0.0024206383573463037 0.004057353402133544 0.0037795619137111457 0.00027361578758303004 0.015234136389489889 0.00058902996281878903 -0.0016873811494558728 0.012640060399933659 -0.0010758770694961407 0.0097727781869945754 -0.00059862472660512879
leaf_weight=5569 9627 138 112669 20328 5290 11523 4098 981 125643 136873 3103 13594 168 229641
leaf_count=5569 9627 138 112669 20328 5290 11523 4098 981 125643 136873 3103 13594 168 229641
internal_value=-2.5417e-05 0.0015865 0.00207166 -0.000959534 -0.000524746 -0.000166399 0.00455603 0.00316321 -0.000291003 -0.00147361 0.00705824 0.00172918 0.0276741 -0.000178621
internal_weight=679245 160648 134935 25713 518597 376434 5385 5079 364911 142163 8672 126263 306 355284
internal_count=679245 160648 134935 25713 518597 376434 5385 5079 364911 142163 8672 126263 306 355284
is_linear=0
shrinkage=0.05


Tree=25
num_leaves=15
num_cat=0
split_feature=1 13 14 16 15 15 2 5 14 17 2 5 7 10
split_gain=219.033 80.9236 109.659 70.4857 61.375 58.5107 54.3009 66.4888 52.4901 48.6566 45.0196 44.2246 47.5042 42.0969
threshold=0.21863880408464051 0.16284627293851875 0.50066357029882258 0.87577007248485172 0.71982984766798153 0.021291706963249519 0.13595436391052215 0.90027327504461263 0.5013986041343913 0.31804982510387997 0.72732289785269932 0.90829309242700818 0.048987283355553281 0.22642664141705737
decision_type=2 2 2 2 2 2 2 2 2 2 2 2 2 2
left_child=1 2 10 5 6 -3 -2 -8 9 -9 -1 -4 -13 -6
right_child=4 3 11 -5 13 -7 7 8 -10 -11 -12 12 -14 -15
leaf_value=0.0033888161069807105 0.0016205864816341215 0.0065027047831790995 -0.0030878955620339855 -0.00078450403563010975 -0.0024269994966738765 0.0023928964643009725 -0.00049729505966867313 -0.0025522590456590827 -0.0011712658944043014 0.0042093022888271452 0.0171322875851012 0.023537236872886287 0.0014057322690992026 -0.00069185080996256353
leaf_weight=1433 45355 9495 17599 16180 46024 98512 263891 3093 9549 19034 1020 262 3252 145350
leaf_count=1433 45355 9495 17599 16180 46024 98512 263891 3093 9549 19034 1020 262 3252 145350
internal_value=8.02221e-05 0.00178341 -0.000902765 0.00229315 -0.000392544 0.00275419 9.71282e-06 -0.000237477 0.00192705 0.00326414 0.00910359 -0.00206535 0.00305583 -0.00110914
internal_weight=680049 147753 23566 124187 532296 108007 340922 295567 31676 22127 2453 21113 3514 191374
internal_count=680049 147753 23566 124187 532296 108007 340922 295567 31676 22127 2453 21113 3514 191374
is_linear=0
shrinkage=0.05


Tree=26
num_leaves=15
num_cat=0
split_feature=1 3 0 8 14 14 6 5 14 16 3 7 14 7
split_gain=185.745 82.3783 92.0787 67.0229 50.7469 48.5771 44.7885 43.0651 44.1748 41.8045 46.5131 39.5563 39.5247 39.5118
threshold=0.50025536261491321 0.83357988651259296 0.072472670298757272 0.43911807381546875 0.50066357029882258 0.50057736797541197 0.35951897413004458 0.93903324011469447 0.50110987928061113 0.92728432282003725 0.69667782713942561 0.025016469038208172 0.50057142931778531 0.1210239263035162
decision_type=2 2 2 2 2 2 2 2 2 2 2 2 2 2
left_child=1 2 4 -4 6 12 -1 11 13 -6 -11 -5 -3 -9
right_child=-2 5 3 7 9 -7 -8 8 -10 10 -12 -13 -14 -15
leaf_value=0.0025398791704065362 -0.00082422739216785946 0.0039814887419269479 0.0017607601555145369 -0.0051776801368259425 0.0035191602156361226 -0.0010505220372030854 0.012979723096840154 0.018589083895490351 -0.00039993553060482752 0.0001293898359851269 -0.016017461201948257 3.3426416315907212e-05 0.02456315726479422 0.0052016099749596402
leaf_weight=1746 340324 1061 109076 3753 28248 59556 2496 670 3212 3209 518 122714 299 3107
leaf_count=1746 340324 1061 109076 3753 28248 59556 2496 670 3212 3209 518 122714 299 3107
internal_value=1.34876e-06 0.000828527 0.00119253 0.000841366 0.00354418 -0.000837155 0.0086827 8.99289e-05 0.00391064 0.00286247 -0.00211479 -0.000121217 0.00850643 0.00757641
internal_weight=679989 339665 278749 242532 36217 60916 4242 133456 6989 31975 3727 126467 1360 3777
internal_count=679989 339665 278749 242532 36217 60916 4242 133456 6989 31975 3727 126467 1360 3777
is_linear=0
shrinkage=0.05


Tree=27
num_leaves=15
num_cat=0
split_feature=15 8 15 17 5 3 14 14 5 14 14 3 17 12
split_gain=146.2 82.9184 86.1326 75.31 69.3095 48.9679 68.2378 48.1688 46.7813 43.7533 39.1485 38.0728 36.4384 36.3596
threshold=0.38466438020578159 0.56524758454106283 0.06872445074184462 0.47884860778542054 0.98612074279550022 0.82185450950829941 0.50058754487710588 0.50057736797541197 0.97418235563775479 0.50136054673616881 0.50138696522006787 0.90074257880709496 0.94673041700524985 0.90320249860152912
decision_type=2 2 2 2 2 2 2 2 2 2 2 2 2 2
left_child=1 2 -1 8 5 7 -7 -2 -3 -6 -10 -4 -5 -14
right_child=4 3 11 12 9 6 -8 -9 10 -11 -12 -13 13 -15
leaf_value=0.0045686156858791354 -0.0040250474791190139 -0.0012295080685017828 0.0014889587223142209 0.0020291277321226853 0.0071243106054872706 0.0059234624926369451 -0.0022107515890690938 -0.00032661354898891489 0.0079669147841876769 -0.001691131224575503 -0.0024527868427460294 -0.0016372924084264056 -0.0024096854203930623 -0.023688203483118338
leaf_weight=22695 9041 74834 107198 39512 4669 2684 65471 335572 2589 2015 1383 10712 2013 223
leaf_count=22695 9041 74834 107198 39512 4669 2684 65471 335572 2589 2015 1383 10712 2013 223
internal_value=-5.80694e-06 0.00092291 0.00174787 -3.92616e-05 -0.000584044 -0.000665833 -0.00189042 -0.000423643 -0.000948847 0.00446675 0.00433891 0.00120494 0.00167773 -0.00453183
internal_weight=680611 261159 140605 120554 419452 412768 68155 344613 78806 6684 3972 117910 41748 2236
internal_count=680611 261159 140605 120554 419452 412768 68155 344613 78806 6684 3972 117910 41748 2236
is_linear=0
shrinkage=0.05


Tree=28
num_leaves=15
num_cat=0
split_feature=0 4 0 14 2 10 14 3 14 0 17 17 8 14
split_gain=152.492 80.3659 82.5969 81.0253 46.489 62.3926 53.2353 55.1902 46.334 46.1764 47.3895 42.6455 42.0015 42.4387
threshold=0.52354943461224435 0.64862987987988008 0.10828759282632307 0.50058241296029971 0.23850889106868886 0.48614784010270945 0.50061462838215609 0.78626702589432729 0.50065574475404206 0.0055725833247935721 0.49814751286449405 0.32380513090845203 0.3495287229407012 0.50069979040567281
decision_type=2 2 2 2 2 2 2 2 2 2 2 2 2 2
left_child=1 2 9 -3 -2 6 -6 -8 -7 10 -1 -5 -11 -14
right_child=4 3 -4 11 5 8 7 -9 -10 12 -12 -13 13 -15
leaf_value=0.004850835133523506 0.00013451006658042247 0.0073149416393215724 0.00083853064192911065 -0.0027281345508641426 -0.0068548101744400338 0.0027790206149039837 -0.001151352530221075 -0.0039158878594511585 -0.00066221326247833977 0.0057959975293186061 0.022373501919813594 -8.8243088526970763e-05 0.0058101220202305941 0.0011940673242640326
leaf_weight=1019 100334 3440 181814 17830 5376 10818 82751 23091 102104 9843 621 107737 6141 26319
leaf_count=1019 100334 3440 181814 17830 5376 10818 82751 23091 102104 9843 621 107737 6141 26319
internal_value=2.33495e-05 0.000739827 0.00130871 -0.000255694 -0.000760012 -0.00116044 -0.00200101 -0.00175448 -0.000332541 0.00325407 0.0114859 -0.000463097 0.00293494 0.00206736
internal_weight=679238 354764 225757 129007 324474 224140 111218 105842 112922 43943 1640 125567 42303 32460
internal_count=679238 354764 225757 129007 324474 224140 111218 105842 112922 43943 1640 125567 42303 32460
is_linear=0
shrinkage=0.05


Tree=29
num_leaves=15
num_cat=0
split_feature=0 8 3 0 0 5 8 4 0 15 10 0 12 11
split_gain=147.446 77.5189 82.8499 78.4865 52.4427 50.0124 46.6973 57.3675 49.8824 41.5169 39.4253 49.9363 38.6502 43.8417
threshold=0.57035552011554791 0.72322049473475081 0.4560336012975108 0.096306788374777061 0.0055725833247935721 0.97418235563775479 0.99383191614830035 0.021945723733718628 0.025371514750239098 0.77501625487646308 0.71081379392637678 0.017257925739625393 0.58120338613969202 0.58929934569247566
decision_type=2 2 2 2 2 2 2 2 2 2 2 2 2 2
left_child=1 3 4 10 -3 -4 -6 -8 -9 -5 11 -1 -10 -14
right_child=-2 2 5 9 6 -7 7 8 12 -11 -12 -13 13 -15
leaf_value=0.01028800613700611 -0.00080283312103643183 0.01370726010434372 -0.0020432700890252969 0.00079147214102452841 0.00054985778533622363 0.0031518622397834015 0.02664663725109024 -0.020795354873956451 0.020321625188576529 0.016893854211961289 0.0010048017068715752 0.003600607027766896 0.011288308354213517 -0.0099630552222416627
leaf_weight=3223 293485 800 57701 229008 55386 5037 354 175 415 401 12178 20852 564 426
leaf_count=3223 293485 800 57701 229008 55386 5037 354 175 415 401 12178 20852 564 426
internal_value=4.21026e-05 0.000683663 -0.000366157 0.00116126 0.000993974 -0.00162617 0.000816538 0.00845374 0.00437762 0.000819619 0.00332316 0.00449587 0.00751304 0.00214378
internal_weight=680005 386520 120858 265662 58120 62738 57320 1934 1580 229409 36253 24075 1405 990
internal_count=680005 386520 120858 265662 58120 62738 57320 1934 1580 229409 36253 24075 1405 990
is_linear=0
shrinkage=0.05


Tree=30
num_leaves=15
num_cat=0
split_feature=0 13 15 8 0 5 8 5 4 8 3 1 2 6
split_gain=123.65 67.0275 66.7259 60.3157 58.1723 56.5143 74.7143 53.1668 50.7428 55.7153 48.4605 54.8035 46.9557 46.5991
threshold=0.13550367922204096 0.10812530087339249 0.82547470255978861 0.88084003968691449 0.017257925739625393 0.89638119097778624 0.77045154713360531 0.99764982049157702 0.34259937096686738 0.96660404780409948 0.092686110934216401 0.088618178739257453 0.16783709943089353 0.87389704928243328
decision_type=2 2 2 2 2 2 2 2 2 2 2 2 2 2
left_child=1 8 5 4 -3 6 12 -5 9 -1 11 -11 -2 -7
right_child=2 3 -4 7 -6 13 -8 -9 -10 10 -12 -13 -14 -15
leaf_value=-0.00052074266108759356 0.0012681164798042975 0.0074430157744978884 -0.0013345173906347508 -0.0010109208460452027 0.0024142519330118059 0.0032262258610657787 -0.0015322672580588093 0.018592037943502268 -0.0042355797214505388 0.052687489172429082 0.0032683237839068527 0.01391915078945285 -0.00016446770966394242 -5.6721182656157927e-05
leaf_weight=3875 72564 6398 119693 15097 56858 23332 83102 354 7664 127 615 323 270131 20139
leaf_count=3875 72564 6398 119693 15097 56858 23332 83102 354 7664 127 615 323 270131 20139
internal_value=-1.53109e-05 0.0016967 -0.000280737 0.00223881 0.00292288 -1.19563e-05 -0.000187279 -0.000561795 -0.00168852 0.00226302 0.0123918 0.0248604 0.000138875 0.00170532
internal_weight=680272 91311 588961 78707 63256 469268 425797 15451 12604 4940 1065 450 342695 43471
internal_count=680272 91311 588961 78707 63256 469268 425797 15451 12604 4940 1065 450 342695 43471
is_linear=0
shrinkage=0.05


Tree=31
num_leaves=15
num_cat=0
split_feature=5 16 3 3 5 6 17 17 17 3 17 11 17 3
split_gain=67.4835 87.0507 71.0869 55.794 56.5271 46.4743 42.3782 36.3133 36.0247 33.3833 32.8897 44.2739 31.4999 42.2002
threshold=0.98612074279550022 0.84831395410237731 0.045149724652930802 0.90074257880709496 0.89638119097778624 0.091877704476129682 0.87435648948019262 0.28761970632049377 0.45373454917910527 0.9785618536959021 0.47146158925819948 0.24307155657962112 0.41821645171196076 0.97459374724938497
decision_type=2 2 2 2 2 2 2 2 2 2 2 2 2 2
left_child=1 3 -2 4 5 -1 -6 -3 9 -5 12 -12 -4 -14
right_child=2 7 10 8 6 -7 -8 -9 -10 -11 11 -13 13 -15
leaf_value=-0.0011487622504770647 0.018809924295370525 -0.0038337760986114134 0.0020120837647977451 -0.0013669472854761131 0.0018347934030831931 0.0004358291794187548 0.0080889268201025499 -0.00098686735289052973 0.00086328536575809318 -0.0050599112745431342 -0.016016659633035609 0.0011479782833432922 0.0056799268454248396 0.021041737069119784
leaf_weight=51811 758 12858 4446 30414 30564 432822 2972 86921 13909 7661 463 1992 2186 562
leaf_count=51811 758 12858 4446 30414 30564 432822 2972 86921 13909 7661 463 1992 2186 562
internal_value=7.0771e-05 8.70504e-06 0.00406616 0.000247137 0.0004038 0.000266424 0.00238904 -0.00135373 -0.00131446 -0.00211 0.00290792 -0.00208918 0.00461322 0.00882161
internal_weight=680339 669932 10407 570153 518169 484633 33536 99779 51984 38075 9649 2455 7194 2748
internal_count=680339 669932 10407 570153 518169 484633 33536 99779 51984 38075 9649 2455 7194 2748
is_linear=0
shrinkage=0.05


Tree=32
num_leaves=15
num_cat=0
split_feature=0 8 10 14 0 14 8 13 16 10 6 1 3 14
split_gain=111.1 60.278 53.0486 86.1765 50.6741 49.1269 85.2099 65.4821 50.9039 47.576 44.1666 43.1773 42.6942 40.5044
threshold=0.27813866509188573 0.51366769978492954 0.21850489743873591 0.50066006629418314 0.017257925739625393 0.50124223794180478 0.94689243597866313 0.34186883850410105 0.089071230057603368 0.17144915603128863 0.7466024871487057 0.025307695220783157 0.02126329787234043 0.50199601593625509
decision_type=2 2 2 2 2 2 2 2 2 2 2 2 2 2
left_child=1 4 3 -2 -1 8 7 -7 -3 10 -8 -11 -9 -14
right_child=2 5 -4 -5 -6 6 9 12 -10 11 -12 -13 13 -15
leaf_value=0.008189917508606202 -0.005469232344798073 0.0043663279709233406 -0.00014222030197143774 -0.00090677900957889803 0.0017868460079767706 -0.0030455274423110521 -0.00997064987043309 -0.012320455601599604 0.00047675659218113513 -0.021102630081165603 -0.03139389117052984 -0.0029173269689457956 3.272762136804257e-05 0.0047017988387421557
leaf_weight=3218 11596 9783 383720 96306 77644 12394 998 536 60014 354 317 4187 11093 7991
leaf_count=3218 11596 9783 383720 96306 77644 12394 998 536 60014 354 317 4187 11093 7991
internal_value=-2.19128e-05 0.00101002 -0.000417643 -0.0013971 0.00204166 0.000235218 -0.00121475 -0.000200378 0.00102193 -0.0067602 -0.015135 -0.00433499 0.00159691 0.0019878
internal_weight=680151 188529 491622 107902 80862 107667 37870 32014 69797 5856 1315 4541 19620 19084
internal_count=680151 188529 491622 107902 80862 107667 37870 32014 69797 5856 1315 4541 19620 19084
is_linear=0
shrinkage=0.05


Tree=33
num_leaves=15
num_cat=0
split_feature=1 8 7 1 17 17 4 2 17 5 6 11 17 9
split_gain=102.493 63.1027 68.9015 61.8215 58.0716 52.92 55.039 50.2426 39.5011 36.8975 54.7561 36.7939 35.2965 34.5954
threshold=0.51629881342424522 0.72322049473475081 0.021341798111308097 0.068801704122805049 0.47884860778542054 0.8507775890737399 0.26685200068003034 0.97016096909487115 0.68535487197112921 0.98612074279550022 0.96978704734309773 0.96703638401399605 0.39171747967479681 0.90366530554524416
decision_type=2 2 2 2 2 2 2 2 2 2 2 2 2 2
left_child=1 2 -1 12 9 6 7 8 -6 -3 -11 -2 -4 -14
right_child=11 4 3 -5 5 -7 -8 -9 -10 10 -12 -13 13 -15
leaf_value=-0.0060727747722748287 -0.00078015991033876823 -0.0015989773534050471 0.00023655222336260425 0.00077966730714845896 0.00069306573758753703 -0.0016752614826197991 0.00039798070710108345 0.018101166316157765 0.0071231207905887986 0.0069487057505090918 -0.018253601238155 0.0021927690539835514 0.0048923862000961466 -0.0014613513655927154
leaf_weight=3418 318562 64375 7469 214704 4298 11448 13973 704 5376 2282 238 10759 19891 2401
leaf_count=3418 318562 64375 7469 214704 4298 11448 13973 704 5376 2282 238 10759 19891 2401
internal_value=-4.96352e-05 0.000545359 0.000977128 0.0010757 -0.000496846 0.00112848 0.00244659 0.00520485 0.00426635 -0.00136664 0.00456849 -0.000683034 0.00321134 0.00420805
internal_weight=679898 350577 247883 244465 102694 35799 24351 10378 9674 66895 2520 329321 29761 22292
internal_count=679898 350577 247883 244465 102694 35799 24351 10378 9674 66895 2520 329321 29761 22292
is_linear=0
shrinkage=0.05


Tree=34
num_leaves=15
num_cat=0
split_feature=0 8 5 4 8 0 2 10 12 7 12 4 10 8
split_gain=106.343 51.8471 75.7031 64.1971 52.4846 51.2495 47.2644 43.2421 41.7916 39.4705 34.8201 34.2659 31.7324 29.9812
threshold=0.33773960754163107 0.51366769978492954 0.9312908079455573 0.67627052204390348 0.9784447017784641 0.017257925739625393 0.25049505726979354 0.21038433272940274 0.97633723556425511 0.13685029057870182 0.9494483430008519 0.9978494524197129 0.71081379392637678 0.98603073183242462
decision_type=2 2 2 2 2 2 2 2 2 2 2 2 2 2
left_child=1 5 3 -3 -5 12 -2 11 -6 -4 -11 -8 -1 -9
right_child=6 2 9 4 8 -7 7 13 -10 10 -12 -13 -14 -15
leaf_value=0.011444169807939907 0.00035817875054770321 0.00058355331825881904 0.0089544373433704232 -0.0015227701491929079 -0.013082997313412748 0.0015434587195696662 -0.0019287827405787981 -0.00050925871760931199 0.0062905872930789338 0.0029891558520569687 -0.0082309241098293406 0.013558083134936819 0.00090413506889248398 0.0042514507332483409
leaf_weight=2155 135603 77138 2743 32842 1671 97769 70080 241511 334 11936 734 359 1068 3353
leaf_count=2155 135603 77138 2743 32842 1671 97769 70080 241511 334 11936 734 359 1068 3353
internal_value=2.28235e-05 0.000901843 0.000231101 -0.000221077 -0.00200222 0.00174796 -0.000422412 -0.000758122 -0.00985568 0.00351645 0.00233915 -0.00184985 0.00795154 -0.000444069
internal_weight=679296 228390 127398 111985 34847 100992 450906 315303 2005 15413 12670 70439 3223 244864
internal_count=679296 228390 127398 111985 34847 100992 450906 315303 2005 15413 12670 70439 3223 244864
is_linear=0
shrinkage=0.05


Tree=35
num_leaves=15
num_cat=0
split_feature=1 11 9 15 2 10 14 8 4 14 14 8 14 4
split_gain=116.785 68.8212 57.6958 48.2735 49.8339 53.5785 41.9725 41.2654 40.0851 47.9416 36.2005 37.1981 38.9711 37.1637
threshold=0.23843261614215375 0.94740215924426463 0.30041438440449419 0.88023118109185539 0.22275455286138876 0.013076645386836908 0.50244500239120049 0.89674297398683978 0.81773989675254877 0.50195695465686285 0.50069300102581449 0.8530929129670396 0.5007241133413034 0.085047767330773669
decision_type=2 2 2 2 2 2 2 2 2 2 2 2 2 2
left_child=2 3 8 4 -2 -6 7 -3 9 -1 -4 12 -12 -13
right_child=1 6 10 -5 5 -7 -8 -9 -10 -11 11 13 -14 -15
leaf_value=0.0027200660040981504 0.00070839167386161218 0.0018345563813583134 0.0026407068403155125 -0.0016248973646028242 -0.005995123418989827 -0.00049506879555479076 -0.0035734386231544529 0.0072350651527706899 -0.00033126541173780533 0.0078271596236306872 -0.0043958952358554397 0.0029279991995514003 0.0010147929535839462 -0.0024734001537568637
leaf_weight=28569 99861 19664 18855 77421 4492 310247 2889 4313 8313 5476 3485 3846 73853 18516
leaf_count=28569 99861 19664 18855 77421 4492 310247 2889 4313 8313 5476 3485 3846 73853 18516
internal_value=2.06957e-05 -0.000344253 0.00119752 -0.000478809 -0.000264793 -0.000573566 0.00212 0.002806 0.00278146 0.00354152 0.000631605 0.000251649 0.000770977 -0.00154442
internal_weight=679800 518887 160913 492021 414600 314739 26866 23977 42358 34045 118555 99700 77338 22362
internal_count=679800 518887 160913 492021 414600 314739 26866 23977 42358 34045 118555 99700 77338 22362
is_linear=0
shrinkage=0.05


Tree=36
num_leaves=15
num_cat=0
split_feature=1 13 0 9 3 17 5 3 1 8 0 17 17 10
split_gain=84.0054 58.8639 51.3655 47.6299 63.358 45.7251 44.1618 43.2684 45.7889 46.3204 60.4806 38.2121 37.6533 36.7587
threshold=0.38451528236389815 0.13194893632312782 0.0055725833247935721 0.66305083249985308 0.0055020736838918673 0.4990580642989963 0.66247115420158542 0.90074257880709496 0.068801704122805049 0.92008885864473322 0.017257925739625393 0.71961561185833955 0.4385330022760191 0.26230951281459253
decision_type=2 2 2 2 2 2 2 2 2 2 2 2 2 2
left_child=1 6 5 4 -4 -3 -1 8 9 -6 -11 -5 -9 -2
right_child=13 2 3 11 7 -7 -8 12 -10 10 -12 -13 -14 -15
leaf_value=-0.0028712382422861728 -0.0011984354358248698 0.0045634478703000655 -0.01712374780830362 -0.00062354922125919168 0.0044995765819083218 0.021565531589575256 0.0008715589368225459 -0.0028386895401373959 0.001405792456116542 -0.036086217416149959 -0.00083520106221351769 0.0021745472759876908 0.0023292393602759201 -0.0001482739364767443
leaf_weight=18656 114674 1641 458 63006 18878 521 13646 9940 112547 155 566 15132 5461 304835
leaf_count=18656 114674 1641 458 63006 18878 521 13646 9940 112547 155 566 15132 5461 304835
internal_value=2.64152e-06 0.000707675 0.000990331 0.000917001 0.00144424 0.00866062 -0.00129009 0.00150188 0.00179419 0.00402454 -0.00841344 -8.16772e-05 -0.00100621 -0.000435339
internal_weight=680116 260607 228305 226143 148005 2162 32302 147547 132146 19599 721 78138 15401 419509
internal_count=680116 260607 228305 226143 148005 2162 32302 147547 132146 19599 721 78138 15401 419509
is_linear=0
shrinkage=0.05


Tree=37
num_leaves=15
num_cat=0
split_feature=1 10 4 9 15 3 5 11 4 3 5 6 6 5
split_gain=70.5428 63.159 55.9446 52.6347 44.081 38.7855 38.7611 42.4378 41.6187 36.7391 35.4288 34.7342 29.9656 39.792
threshold=0.23843261614215375 0.013076645386836908 0.69968954972664965 0.30041438440449419 0.90796438682010827 0.009720548980700636 0.76867200579636752 0.72255793291465864 0.3779612591622592 0.82185450950829941 0.81436191579399708 0.039084203826425558 0.93290161136646821 0.99764982049157702
decision_type=2 2 2 2 2 2 2 2 2 2 2 2 2 2
left_child=2 -2 3 5 6 -1 9 -8 -9 11 -5 -3 -4 -14
right_child=1 4 12 10 -6 -7 7 8 -10 -11 -12 -13 13 -15
leaf_value=-0.016350353941107565 -0.0052359565292017978 -0.0028616256148758703 7.1917007827679053e-05 0.00052595795516390757 -0.0014374383242026761 0.0035889222689051113 0.00011427667840578084 0.0058241433405132109 0.0014119912298172475 -0.0015571273831911947 0.0036701790515330022 3.3540521774623075e-05 -0.0039587914109996134 0.019403212556346534
leaf_weight=246 6300 10745 44092 70714 63018 28409 67986 6662 27031 48231 10259 288964 7206 187
leaf_count=246 6300 10745 44092 70714 63018 28409 67986 6662 27031 48231 10259 288964 7206 187
internal_value=2.36174e-05 -0.000260131 0.000937558 0.00157606 -0.000198981 0.00341775 -2.5401e-05 0.000833379 0.00228439 -0.000276364 0.00092432 -7.02554e-05 -0.00042202 -0.00336787
internal_weight=680050 518937 161113 109628 512637 28655 449619 101679 33693 347940 80973 299709 51485 7393
internal_count=680050 518937 161113 109628 512637 28655 449619 101679 33693 347940 80973 299709 51485 7393
is_linear=0
shrinkage=0.05


Tree=38
num_leaves=15
num_cat=0
split_feature=15 16 5 8 3 10 11 17 3 9 1 3 3 17
split_gain=85.4469 68.7874 46.5639 51.2561 48.8275 39.8844 39.1381 39.0458 58.7446 42.5705 38.9526 34.307 32.7423 32.3686
threshold=0.52258698269852344 0.91122105365901285 0.88837564895811127 0.68753698224852078 0.38491754918660054 0.75013007284079103 0.83361109185441951 0.91759955752212397 0.14113250235966912 0.97800756218094942 0.017302613748810359 0.0055020736838918673 0.017584732324086607 0.42373786816564568
decision_type=2 2 2 2 2 2 2 2 2 2 2 2 2 2
left_child=1 2 3 5 -4 6 10 8 9 -5 -1 -9 -11 -2
right_child=13 -3 4 7 -6 -7 -8 11 -10 12 -12 -13 -14 -15
leaf_value=0.006834427475652387 -0.0012310634075943442 -0.0016354224226768318 0.0057223306411820002 0.0021234431711609283 0.0013509332877477739 -0.00015494332170992267 0.0037617801796295982 -0.030409761987934547 -0.0008003230043669477 0.038688403784352191 0.0010077377244823089 -0.0040846424882726986 0.0098834032709734509 -0.00020294183242966781
leaf_weight=2934 123033 33223 8868 13309 22842 55079 15942 127 68444 119 128205 4852 577 202652
leaf_count=2934 123033 33223 8868 13309 22842 55079 15942 127 68444 119 128205 4852 577 202652
internal_value=-6.64956e-06 0.000530476 0.000754435 0.000555254 0.00257344 0.000992706 0.00142248 -0.000456267 -0.000196603 0.00275384 0.0011381 -0.00475612 0.0148084 -0.000591332
internal_weight=680206 354521 321298 289588 31710 202160 147081 87428 82449 14005 131139 4979 696 325685
internal_count=680206 354521 321298 289588 31710 202160 147081 87428 82449 14005 131139 4979 696 325685
is_linear=0
shrinkage=0.05


Tree=39
num_leaves=15
num_cat=0
split_feature=1 13 14 11 2 10 16 1 13 17 17 5 5 3
split_gain=65.9603 57.4532 94.8937 45.3934 44.9448 46.3915 46.9045 44.8907 45.8385 51.0514 40.8193 39.0477 36.8415 36.6819
threshold=0.25833889630618606 0.26657552015191505 0.50065061836259217 0.96703638401399605 0.16783709943089353 0.013076645386836908 0.021548992613959185 0.0092343222597264189 0.58400819672131155 0.47884860778542054 0.3198977265324735 0.097260647772665618 0.99764982049157702 0.068745946822308709
decision_type=2 2 2 2 2 2 2 2 2 2 2 2 2 2
left_child=1 2 -1 4 -2 6 -6 8 9 -3 -9 -10 -4 -5
right_child=3 7 12 13 5 -7 -8 10 11 -11 -12 -13 -14 -15
leaf_value=0.0065078682510462983 0.00060666576744282255 0.0063930785368369923 -0.00154381064068043 0.010287290754742098 -0.029625584096402952 -0.00055023960772163734 -0.0043320639079283503 -0.0016208133726668896 0.021858958801226552 0.023875146606919369 0.0015000503605907228 -0.0016839559792549937 0.016041761602042244 0.0015926506089565607
leaf_weight=4157 93186 1231 41128 1319 190 390994 5189 11538 199 632 113989 1532 300 15106
leaf_count=4157 93186 1231 41128 1319 190 390994 5189 11538 199 632 113989 1532 300 15106
internal_value=-5.43387e-06 0.000832194 -0.000693827 -0.00029465 -0.000381395 -0.000613685 -0.0052255 0.00137094 0.00688066 0.0123237 0.00121319 0.0010226 -0.00141647 0.00229087
internal_weight=680690 174706 45585 505984 489559 396373 5379 129121 3594 1863 125527 1731 41428 16425
internal_count=680690 174706 45585 505984 489559 396373 5379 129121 3594 1863 125527 1731 41428 16425
is_linear=0
shrinkage=0.05


Tree=40
num_leaves=15
num_cat=0
split_feature=0 8 14 5 13 17 14 17 14 6 6 5 9 10
split_gain=71.0469 57.932 53.8166 108.217 99.6067 86.3802 71.0024 62.6093 59.9526 53.0949 50.9546 50.828 43.3115 63.2514
threshold=0.71600344234079183 0.22353640623907117 0.50122100304132633 0.79512689853064866 0.36972087254238684 0.31804982510387997 0.5005112479782704 0.49238070358760017 0.50073152928685805 0.058178959405374507 0.78183149208039404 0.9938697282011294 0.655019372498437 0.40011148272017844
decision_type=2 2 2 2 2 2 2 2 2 2 2 2 2 2
left_child=1 -1 3 9 -4 10 7 -7 11 -3 -5 -8 -6 -14
right_child=-2 2 4 5 12 6 8 -9 -10 -11 -12 -13 13 -15
leaf_value=0.0013681674447886503 -0.00082203814659336817 -0.0035161600887175315 -0.0024443997270323235 0.0053411994402541227 0.0011411502459528506 -0.035891425784339612 0.005556129053442169 0.0066716030175383717 0.0022295516467354848 0.00012292504035194855 -0.004795736981526349 0.02157331835523842 -0.013691265078718054 -0.00075173029679816584
leaf_weight=102129 193985 10629 53585 1583 55590 216 13616 144 32062 175877 5716 514 972 33305
leaf_count=102129 193985 10629 53585 1583 55590 216 13616 144 32062 175877 5716 514 972 33305
internal_value=-1.30931e-05 0.000309835 2.82203e-05 0.00048562 -0.000738163 0.00246004 0.00325299 -0.0188662 0.00342537 -8.44669e-05 -0.00259725 0.00613878 0.000279215 -0.00111866
internal_weight=679923 485938 383809 240357 143452 53851 46552 360 46192 186506 7299 14130 89867 34277
internal_count=679923 485938 383809 240357 143452 53851 46552 360 46192 186506 7299 14130 89867 34277
is_linear=0
shrinkage=0.05


Tree=41
num_leaves=15
num_cat=0
split_feature=16 0 9 5 17 11 13 1 17 6 1 17 9 11
split_gain=66.6964 68.4751 50.0291 44.53 41.116 40.1669 39.6921 46.6818 37.9869 37.719 40.9167 36.3794 35.6603 35.7716
threshold=0.84831395410237731 0.22684821791964652 0.59303023534995403 0.98612074279550022 0.71323176006921096 0.68324824394606387 0.34186883850410105 0.029074463688620059 0.28761970632049377 0.96117496553844328 0.87296582452795224 0.80585360172516152 0.81712808622010813 0.044932847612359557
decision_type=2 2 2 2 2 2 2 2 2 2 2 2 2 2
left_child=1 2 5 8 -4 6 -1 -8 -2 12 -11 -6 13 -5
right_child=3 -3 4 9 11 -7 7 -9 -10 10 -12 -13 -14 -15
leaf_value=-0.00093120554857414363 -0.0039466325411113357 -0.0001021713263022264 -0.00061872481997390146 -0.025816584002335097 0.0065912451992652561 0.0041528954515298718 0.0074027800761432908 0.0016319749707223174 -0.0010326757032849548 -0.010631555044283585 0.01618647700159858 0.00092257333931380393 0.014482701792683484 0.0042671167520678009
leaf_weight=13236 12835 451656 43421 103 3903 18290 3950 31065 86961 724 177 10298 932 2431
leaf_count=13236 12835 451656 43421 103 3903 18290 3950 31065 86961 724 177 10298 932 2431
internal_value=-2.69036e-05 0.00018371 0.00122363 -0.00119119 0.000145095 0.00215761 0.00140127 0.00228297 -0.00140745 0.00375083 -0.0053632 0.00248055 0.00612006 0.0030443
internal_weight=679982 575819 124163 104163 57622 66541 48251 35015 99796 4367 901 14201 3466 2534
internal_count=679982 575819 124163 104163 57622 66541 48251 35015 99796 4367 901 14201 3466 2534
is_linear=0
shrinkage=0.05


Tree=42
num_leaves=15
num_cat=0
split_feature=3 0 14 14 14 9 8 5 11 5 8 16 8 15
split_gain=72.7426 81.3672 75.7335 63.3139 54.3614 60.1232 45.5285 44.3959 45.3868 35.5828 42.1993 38.0023 35.318 43.5702
threshold=0.70047356696468632 0.068525201360884372 0.50136054673616881 0.50066357029882258 0.50058754487710588 0.56938287276633159 0.75127227286853848 0.96255094127934815 0.89970388651686395 0.84960679831794206 0.52555490872180688 0.95835501214013197 0.14808343197730103 0.75159643442589541
decision_type=2 2 2 2 2 2 2 2 2 2 2 2 2 2
left_child=1 3 4 -1 5 -2 -4 12 -9 10 -5 -12 13 -3
right_child=2 7 6 9 -6 -7 -8 8 -10 -11 11 -13 -14 -15
leaf_value=0.0091691132112172048 -5.4071218531121914e-05 0.0019196577277867126 -0.0014058812311862987 0.0039588264296032847 -0.00037349062992808027 0.0091609485579978323 -0.0044035142076623629 0.0018777928872876434 0.010526863907090095 0.0058800254122189834 6.486827909502376e-05 -0.01090228316041734 -0.00010913693843420965 -0.0008961762495740661
leaf_weight=3529 3925 49025 46601 8062 133668 3224 17395 9500 1805 4857 11908 846 366939 19086
leaf_count=3529 3925 49025 46601 8062 133668 3224 17395 9500 1805 4857 11908 846 366939 19086
internal_value=-6.66283e-06 0.000332626 -0.00079446 0.00288961 -0.000146297 0.00410165 -0.00222068 0.00016534 0.00325874 0.00202643 0.00112727 -0.000662606 8.49562e-05 0.00113061
internal_weight=680370 475557 204813 29202 140817 7149 63996 446355 11305 25673 20816 12754 435050 68111
internal_count=680370 475557 204813 29202 140817 7149 63996 446355 11305 25673 20816 12754 435050 68111
is_linear=0
shrinkage=0.05


Tree=43
num_leaves=15
num_cat=0
split_feature=3 0 5 5 8 17 4 17 4 17 3 4 8 7
split_gain=56.8603 69.2712 45.983 34.4536 36.3542 36.921 34.1192 38.8772 32.141 31.8419 40.3134 35.8132 52.8573 30.6592
threshold=0.7197410325175998 0.076282732184916657 0.98612074279550022 0.86525398360504757 0.32531233993274394 0.46707505932309235 0.62506384065372844 0.39793792517006804 0.25100674043123633 0.92588669177652239 0.013708025630907417 0.021945723733718628 0.96277472279117593 0.52857976329388245
decision_type=2 2 2 2 2 2 2 2 2 2 2 2 2 2
left_child=1 3 13 4 -1 -6 -2 -8 -5 -7 -11 -12 -13 -3
right_child=6 2 -4 8 5 9 7 -9 -10 10 11 12 -14 -15
leaf_value=0.0052345865909144817 0.00014343117803303286 -0.00019135025923017817 0.0054035018153563404 0.013340150757426329 -0.0013139282380346339 0.003772913229512306 -0.0023008389669133367 -0.00047756210290196072 0.0040921053974010135 -0.027275146665492446 0.018408210021085464 -0.00091673413582137498 -0.037878287692101449 0.00070185188769881688
leaf_weight=5962 71101 312683 4098 1199 10459 10000 50167 70077 4341 169 195 859 109 138684
leaf_count=5962 71101 312683 4098 1199 10459 10000 50167 70077 4341 169 195 859 109 138684
internal_value=5.83871e-06 0.000291893 0.000130959 0.00249355 0.00177492 0.000828353 -0.000724838 -0.00123825 0.00609362 0.0028056 -0.00445654 -0.00114068 -0.00507873 8.3089e-05
internal_weight=680103 488758 455465 33293 27753 21791 191345 120244 5540 11332 1332 1163 968 451367
internal_count=680103 488758 455465 33293 27753 21791 191345 120244 5540 11332 1332 1163 968 451367
is_linear=0
shrinkage=0.05


Tree=44
num_leaves=15
num_cat=0
split_feature=1 14 14 4 6 7 15 5 14 2 11 9 0 0
split_gain=58.8938 54.23 75.338 48.8251 44.3276 41.0259 40.615 44.2487 46.3651 43.3517 43.5689 38.5576 37.0135 36.6724
threshold=0.21863880408464051 0.50057736797541197 0.50057142931778531 0.70363793918386641 0.42375267629936569 0.13685029057870182 0.90796438682010827 0.96255094127934815 0.50073909870381883 0.23064111737917342 0.97079784372049593 0.61611829238340421 0.0055725833247935721 0.072472670298757272
decision_type=2 2 2 2 2 2 2 2 2 2 2 2 2 2
left_child=1 2 4 5 -1 12 7 9 -9 -2 -11 -7 -3 -4
right_child=6 3 13 -5 -6 11 -8 8 -10 10 -12 -13 -14 -15
leaf_value=-0.0031988560890976641 0.00061948055845724892 0.012664858091880976 0.039931323087992188 -0.00066474576385522864 0.0086115531813692244 0.002735810613082324 -0.0014710582308576036 0.0071157334933552308 0.00095690574966499943 -0.00060637761988797609 0.0027237037592013711 0.00051543366294919525 -0.0012430295223546338 0.014471008154260232
leaf_weight=1453 114704 492 188 45696 1753 46236 63550 3939 13630 326297 10127 33879 17287 571
leaf_count=1453 114704 492 188 45696 1753 46236 63550 3939 13630 326297 10127 33879 17287 571
internal_value=-3.9855e-05 0.000844025 0.0066124 0.000684741 0.00325893 0.00131467 -0.000284893 -0.000124063 0.00233773 -0.000219936 -0.000506136 0.00179686 -0.000858155 0.0207774
internal_weight=679802 147555 3965 143590 3206 97894 532247 468697 17569 451128 336424 80115 17779 759
internal_count=679802 147555 3965 143590 3206 97894 532247 468697 17569 451128 336424 80115 17779 759
is_linear=0
shrinkage=0.05


Tree=45
num_leaves=15
num_cat=0
split_feature=0 17 3 0 17 8 7 5 13 17 10 8 8 9
split_gain=58.079 39.678 47.406 43.1434 41.6728 44.0224 43.5534 36.6921 41.0874 39.6065 34.6941 34.4087 34.1166 32.1152
threshold=0.57035552011554791 0.39571469364444811 0.95502344341843959 0.033178066741136797 0.39793792517006804 0.89288197893900267 0.02914148542201957 0.89231804534630921 0.1983820303151177 0.91759955752212397 0.33349546044098577 0.88084003968691449 0.34184035316254163 0.74219856586402277
decision_type=2 2 2 2 2 2 2 2 2 2 2 2 2 2
left_child=1 2 12 4 -3 -6 13 8 -5 -9 -2 -10 -1 -7
right_child=10 3 -4 7 5 6 -8 9 11 -11 -12 -13 -14 -15
leaf_value=0.0013145412664676958 -0.0012551423193174235 0.028977183865992358 -0.0039453520911496027 -0.0010395756596409576 0.0046587367920615345 -0.0035602959804236891 -0.0032186299759991983 0.0019013415516079117 0.00090705889390190928 0.011481709255093009 -0.0001090407865690174 -0.001230673281412939 -0.00074794103072750031 0.019958295066472048
leaf_weight=29484 100489 156 8719 41968 11333 233 3809 27412 178468 1123 192566 21043 62667 385
leaf_count=29484 100489 156 8719 41968 11333 233 3809 27412 178468 1123 192566 21043 62667 385
internal_value=2.88925e-05 0.000431149 -0.000421461 0.000731931 0.00326166 0.00300711 -0.001221 0.000582816 0.000382456 0.00227838 -0.000502041 0.000681586 -8.80434e-05 0.0110913
internal_weight=679855 386800 100870 285930 15916 15760 4427 270014 241479 28535 293055 199511 92151 618
internal_count=679855 386800 100870 285930 15916 15760 4427 270014 241479 28535 293055 199511 92151 618
is_linear=0
shrinkage=0.05


Tree=46
num_leaves=15
num_cat=0
split_feature=16 6 17 17 14 14 3 5 11 1 1 14 14 13
split_gain=50.1798 54.4846 52.1857 49.6553 56.8092 43.1733 38.0626 35.2061 47.3499 35.8807 34.9648 41.5896 33.2966 33.1122
threshold=0.35830140576944242 0.091877704476129682 0.4409342502515935 0.28761970632049377 0.5005112479782704 0.50158479003415724 0.67673064902594027 0.92381611924548224 0.8097414704736462 0.14763260589790075 0.40865947577013156 0.50057736797541197 0.50145138186720606 0.28635362434921913
decision_type=2 2 2 2 2 2 2 2 2 2 2 2 2 2
left_child=1 5 -3 4 -2 -1 10 9 -9 -4 13 -12 -8 -5
right_child=3 2 7 6 -6 -7 12 8 -10 -11 11 -13 -14 -15
leaf_value=-0.0023697709263656524 0.021009750610114453 -0.00024769747569431885 0.0031893341616201563 -0.00065209059629184297 -0.0023634031821563577 0.0018929659984199419 -0.00039842269600203753 0.0022661328689051888 0.010568713501023119 0.00085941907256751801 -0.0052956194251701089 -0.00019262400828098434 -0.0022168548243729973 0.0013357858408858754
leaf_weight=24776 262 71514 19431 28136 33557 7813 87459 6445 2341 110459 4091 166285 35348 82002
leaf_count=24776 262 71514 19431 28136 33557 7813 87459 6445 2341 110459 4091 166285 35348 82002
internal_value=-2.19211e-05 0.000554461 0.000849399 -0.000342033 -0.00218233 -0.00134781 -0.000187721 0.00141516 0.00447833 0.00120796 0.000133665 -0.000315155 -0.000921829 0.00082796
internal_weight=679919 242779 210190 437140 33819 32589 403321 138676 8786 129890 280514 170376 122807 110138
internal_count=679919 242779 210190 437140 33819 32589 403321 138676 8786 129890 280514 170376 122807 110138
is_linear=0
shrinkage=0.05


Tree=47
num_leaves=15
num_cat=0
split_feature=4 5 14 8 14 13 3 5 0 14 13 14 3 14
split_gain=72.9936 62.0149 92.4172 68.7279 57.72 63.8108 56.2725 49.0783 42.8495 56.9666 51.1432 70.7835 42.002 41.6846
threshold=0.62506384065372844 0.79906903176414523 0.50103842271892074 0.9507958882458688 0.50058241296029971 0.35003586800573894 0.7197410325175998 0.98612074279550022 0.11201354475017249 0.50061462838215609 0.60012453300124535 0.50087719568235067 0.084853526950032787 0.50062422069825441
decision_type=2 2 2 2 2 2 2 2 2 2 2 2 2 2
left_child=1 8 3 -3 5 -2 7 -6 -1 -10 13 -12 -5 -11
right_child=4 2 -4 12 6 -7 -8 -9 9 10 11 -13 -14 -15
leaf_value=0.0017288864589191694 0.0089145771802822526 0.0032498390559059192 -0.00023302435637041047 0.023033386720394421 -0.00029707825448216379 -0.00023678675716347285 -0.0016587493514038662 0.0061526082132721018 -0.0028718413968132953 0.0072441650778225777 -0.00076625728476657849 0.0017000385891262288 0.0080514144279503676 -0.00049971033246104036
leaf_weight=37368 3210 23976 24333 652 128168 4685 116456 3019 17049 1754 44110 85452 1656 188091
leaf_count=37368 3210 23976 24333 652 128168 4685 116456 3019 17049 1754 44110 85452 1656 188091
internal_value=-5.69677e-05 0.000344993 0.00198745 0.00404311 -0.000724613 0.00348403 -0.000858787 -0.000148652 0.000122599 -5.58013e-05 9.45106e-05 0.000860376 0.0122838 -0.000428164
internal_weight=679979 424441 50617 26284 255538 7895 247643 131187 373824 336456 319407 129562 2308 189845
internal_count=679979 424441 50617 26284 255538 7895 247643 131187 373824 336456 319407 129562 2308 189845
is_linear=0
shrinkage=0.05


Tree=48
num_leaves=15
num_cat=0
split_feature=4 5 0 11 3 5 6 13 16 13 9 7 6 1
split_gain=49.0054 65.1294 51.5697 50.7729 44.2975 37.062 35.287 37.6835 39.2914 35.1902 41.1271 36.2448 33.3109 31.8595
threshold=0.74686573903401621 0.89638119097778624 0.12758895671781337 0.17631216470929392 0.0055020736838918673 0.98612074279550022 0.95011915227716326 0.84865167858441415 0.85607000526355381 0.26657552015191505 0.49368886021094227 0.16412793800320194 0.06219803944450928 0.43681953639580767
decision_type=2 2 2 2 2 2 2 2 2 2 2 2 2 2
left_child=1 2 9 -2 -5 -6 7 8 -7 13 11 -11 -4 -1
right_child=3 -3 12 4 5 6 -8 -9 -10 10 -12 -13 -14 -15
leaf_value=-0.00071232491576254757 -0.0026567246522976895 0.0025243187533160244 -0.001699511095468645 0.02273214159291596 -0.00052543050803830621 0.0021999596767805561 -0.0023206881895779232 -0.011701741121921464 0.012189321910490254 -0.00029691216368076461 0.00092178822425659614 0.0053839722421935056 6.5423012266288883e-05 0.016677197393133312
leaf_weight=15321 27834 30234 28678 208 138997 1947 1833 281 1991 3533 21030 13677 394449 268
leaf_count=15321 27834 30234 28678 208 138997 1947 1833 281 1991 3533 21030 13677 394449 268
internal_value=2.59811e-05 0.000273894 0.000131241 -0.000700452 -0.000325593 -0.000358658 0.00347162 0.00598817 0.00725045 0.0015889 0.00240515 0.00421776 -5.41978e-05 -0.000413371
internal_weight=680281 507190 476956 173091 145257 145049 6052 4219 3938 53829 38240 17210 423127 15589
internal_count=680281 507190 476956 173091 145257 145049 6052 4219 3938 53829 38240 17210 423127 15589
is_linear=0
shrinkage=0.05


Tree=49
num_leaves=15
num_cat=0
split_feature=0 8 14 5 8 0 13 3 11 11 2 8 7 8
split_gain=48.9007 42.2492 76.2282 74.4484 66.2628 54.6506 40.2319 38.7843 42.3364 37.9694 33.1103 31.7642 31.5703 46.4963
threshold=0.71985486651140163 0.61254086899843363 0.50162602055924543 0.69030561799290446 0.92008885864473322 0.021115982611591689 0.60432362771200376 0.19629343408323319 0.96703638401399605 0.60078664634948142 0.65605728685213571 0.98995839887527171 0.080407381065275813 0.98995839887527171
decision_type=2 2 2 2 2 2 2 2 2 2 2 2 2 2
left_child=1 -1 3 7 6 11 -4 8 12 -5 -10 -6 13 -3
right_child=-2 2 4 9 5 -7 -8 -9 10 -11 -12 -13 -14 -15
leaf_value=0.00067977851969504071 -0.00064923979272409863 -0.0022877210048007544 -0.0023612950487960967 0.00056588751577667782 -0.014667949215675095 -0.0048537230464906394 0.0012510580226748399 -0.0011191913667347236 -0.0036189966475428229 0.0032532170850434966 0.015243641515401675 -0.04384736978705614 0.0020661035755772756 0.012376470192171914
leaf_weight=288775 191678 9834 21450 29388 396 9304 12031 75681 316 23780 882 122 15779 572
leaf_count=288775 191678 9834 21450 29388 396 9304 12031 75681 316 23780 882 122 15779 572
internal_value=2.7526e-05 0.000293179 -0.000266323 0.000248185 -0.00212261 -0.00573375 -0.00106324 -0.000535757 0.00107673 0.00176783 0.0102682 -0.0215403 0.000656213 -0.00148166
internal_weight=679988 488310 199535 156232 43303 9822 33481 103064 27383 53168 1198 518 26185 10406
internal_count=679988 488310 199535 156232 43303 9822 33481 103064 27383 53168 1198 518 26185 10406
is_linear=0
shrinkage=0.05


Tree=50
num_leaves=15
num_cat=0
split_feature=1 6 14 16 0 14 10 14 13 12 3 14 12 14
split_gain=43.6172 42.9046 57.7865 47.1968 34.3128 41.1755 33.8711 39.6579 31.352 30.2442 28.5116 39.6381 28.2111 27.3563
threshold=0.80236820318342073 0.095560843182559432 0.50150376279894371 0.35418256997455477 0.045067400108807359 0.50069300102581449 0.41606277022177884 0.50066006629418314 0.2543918999121621 0.91471080070824329 0.82185450950829941 0.50058754487710588 0.96465538780026427 0.50143885189969872
decision_type=2 2 2 2 2 2 2 2 2 2 2 2 2 2
left_child=1 2 -1 4 5 9 7 8 -2 -3 -5 -12 -9 -13
right_child=6 3 -4 10 -6 -7 -8 12 -10 -11 11 13 -14 -15
leaf_value=-0.0023008255456814851 0.00063291181331104709 0.008845539699271333 0.0017359304681144453 0.00025532752595551874 0.00088652417491891862 0.0024065992814654045 -7.1665980257835203e-05 -0.0013757597267615078 -0.0073067589313749589 0.032447290246223885 0.006162382956400733 -0.00046533595653619036 0.0066506898713905738 -0.0028044807903226856
leaf_weight=33331 1660 1638 12078 271141 156332 8020 77202 50503 4954 148 1906 41956 1119 17803
leaf_count=33331 1660 1638 12078 271141 156332 8020 77202 50503 4954 148 1906 41956 1119 17803
internal_value=4.45251e-05 0.0002443 -0.00122712 0.000378214 0.00106649 0.00393556 -0.000758411 -0.00166881 -0.00531404 0.0108013 3.46251e-05 -0.000935803 -0.00120177 -0.0011622
internal_weight=679791 544353 45409 498944 166138 9806 135438 58236 6614 1786 332806 61665 51622 59759
internal_count=679791 544353 45409 498944 166138 9806 135438 58236 6614 1786 332806 61665 51622 59759
is_linear=0
shrinkage=0.05


Tree=51
num_leaves=15
num_cat=0
split_feature=16 14 1 13 10 3 14 5 14 6 10 8 14 4
split_gain=41.72 54.343 43.1464 41.0639 51.1602 51.8614 37.917 34.7255 41.3059 47.7206 38.5335 41.3346 34.4937 30.8507
threshold=0.86782325794708648 0.50059988023986579 0.096563685082998396 0.3298523042408002 0.73082388227196871 0.009720548980700636 0.50058754487710588 0.98612074279550022 0.50122699571229001 0.96117496553844328 0.088254669456715507 0.82967891483516498 0.50199601593625509 0.9388945462774384
decision_type=2 2 2 2 2 2 2 2 2 2 2 2 2 2
left_child=2 6 3 -1 5 -5 -2 -3 9 10 13 -12 -7 -9
right_child=1 7 -4 4 -6 12 -8 8 -10 -11 11 -13 -14 -15
leaf_value=-0.00040123316037951866 0.0018217938908584143 -0.0014205488111228939 8.320793571049897e-05 -0.019211275763619615 -0.00046003445777302148 0.003145261995077617 0.012648923949893346 -0.027316910872126329 -0.0027052035130859017 -0.0062519717019841594 0.0044877693677941961 0.0213855493430808 0.0082713297389201048 0.0066796174769921937
leaf_weight=17967 3166 82616 534674 245 10367 22270 1086 102 1621 482 600 912 3849 193
leaf_count=17967 3166 82616 534674 245 10367 22270 1086 102 1621 482 600 912 3849 193
internal_value=6.63538e-05 -0.000931448 0.00022004 0.00155758 0.00251573 0.00368588 0.00458714 -0.00120264 0.00340167 0.00772638 0.011455 0.0146801 0.00390066 -0.00507511
internal_weight=680150 90778 589372 54698 36731 26364 4252 86526 3910 2289 1807 1512 26119 295
internal_count=680150 90778 589372 54698 36731 26364 4252 86526 3910 2289 1807 1512 26119 295
is_linear=0
shrinkage=0.05


Tree=52
num_leaves=15
num_cat=0
split_feature=6 5 14 13 14 14 6 3 15 8 14 4 9 9
split_gain=41.8153 65.7054 113.748 55.3007 49.1034 39.3309 40.481 37.9798 35.5774 48.5213 45.889 48.191 61.7423 44.4031
threshold=0.93290161136646821 0.89231804534630921 0.50122100304132633 0.1983820303151177 0.50063613334520363 0.50058241296029971 0.79302578912702038 0.041119958189867196 0.63641642909935603 0.88485494604897597 0.50162602055924543 0.085047767330773669 0.95043417613350767 0.90366530554524416
decision_type=2 2 2 2 2 2 2 2 2 2 2 2 2 2
left_child=1 8 3 5 -2 6 -3 -5 9 13 11 12 -11 -1
right_child=4 2 -4 7 -6 -7 -8 -9 -10 10 -12 -13 -14 -15
leaf_value=0.00056832524246972773 0.0044153409763774357 0.0368268144055314 -0.0011039933684235215 0.011075645052726147 -0.0023266956595092564 0.0058086084180356684 0.0088104235749025313 0.0017438302394035409 -0.00061713882861964603 0.0013765660779945154 -0.0046376302124915584 -0.0015545763119168858 0.015757205008773111 -0.0014829807199009167
leaf_weight=303993 2957 210 22547 1143 31153 9678 334 23664 214427 5829 8785 25336 856 28888
leaf_count=303993 2957 210 22547 1143 31153 9678 334 23664 214427 5829 8785 25336 856 28888
internal_value=-3.60731e-05 5.40583e-05 0.00166607 0.00344907 -0.00174223 0.00654393 0.0196256 0.0021738 -0.000103757 0.000190829 -0.00143646 -0.000558214 0.00321798 0.000390309
internal_weight=679800 645690 57576 35029 34110 10222 544 24807 588114 373687 40806 32021 6685 332881
internal_count=679800 645690 57576 35029 34110 10222 544 24807 588114 373687 40806 32021 6685 332881
is_linear=0
shrinkage=0.05


Tree=53
num_leaves=15
num_cat=0
split_feature=15 3 14 8 5 14 6 8 8 5 6 9 7 14
split_gain=42.3696 38.7637 72.4677 38.9961 37.9704 72.5546 53.0677 37.2965 43.4052 37.1421 45.9463 35.1484 40.8634 30.4878
threshold=0.90796438682010827 0.82185450950829941 0.50058241296029971 0.12471263760364866 0.8806336177025833 0.50122100304132633 0.70637351503095436 0.92778780585639808 0.99769319185619576 0.98612074279550022 0.9651017804326395 0.89981440736034946 0.17626568048411137 0.5006891802032869
decision_type=2 2 2 2 2 2 2 2 2 2 2 2 2 2
left_child=1 3 -3 -1 -5 6 13 -7 11 -8 -11 -9 -13 -6
right_child=-2 2 -4 4 5 7 9 8 -10 10 -12 12 -14 -15
leaf_value=0.0014321695747978808 -0.001259554602097321 0.0064794527772700427 -0.00097510896596730119 -4.1847669014544766e-05 0.013312959774782168 -7.8965464730218189e-05 0.0010485853244821615 -0.011829337561217703 0.01534584637499597 0.010108340352675559 -0.013120362020533863 0.016249734489837717 -0.0098215405735677594 0.005143213771504688
leaf_weight=64372 63510 3362 107638 396026 1432 14419 18694 1842 209 2092 237 276 330 5638
leaf_count=64372 63510 3362 107638 396026 1432 14419 18694 1842 209 2092 237 276 330 5638
internal_value=-2.98885e-05 9.67743e-05 -0.000749323 0.00028254 0.000114804 0.00148827 0.00305062 -0.00108205 -0.00652561 0.00179039 0.00774458 -0.0083929 0.00205251 0.00679796
internal_weight=680077 616567 111000 505567 441195 45169 28093 17076 2657 21023 2329 2448 606 7070
internal_count=680077 616567 111000 505567 441195 45169 28093 17076 2657 21023 2329 2448 606 7070
is_linear=0
shrinkage=0.05


Tree=54
num_leaves=15
num_cat=0
split_feature=4 14 5 14 16 14 6 10 8 17 17 10 2 16
split_gain=49.9089 80.1778 51.765 88.7018 49.0216 46.9804 51.7583 44.072 43.6554 43.19 51.4663 48.9775 39.6271 36.6692
threshold=0.75085914711196666 0.50057142931778531 0.7298459537830535 0.50095147564729325 0.30329809784124512 0.50100908276311518 0.091877704476129682 0.23048986263808699 0.67576274692315652 0.36855314468553152 0.33997502800597468 0.60884981298792595 0.56864471140568906 0.0056996299869732031
decision_type=2 2 2 2 2 2 2 2 2 2 2 2 2 2
left_child=2 9 5 4 13 6 -1 -8 -5 10 -2 -11 -7 -4
right_child=1 -3 3 8 -6 12 7 -9 -10 11 -12 -13 -14 -15
leaf_value=-0.0026609507383995455 0.0029077945414666836 -0.00091578902069806975 0.022877100661060051 0.0010309307013286115 0.001783280243074699 0.0010276235760495211 -0.0017013541362708292 0.00017604439207182857 -0.0018716155153920095 0.0043957812810432048 -0.027107967987443166 0.018697840853271551 -0.00041517776539645702 0.0050030986214923455
leaf_weight=25484 1062 166949 293 34353 28918 134072 40478 137270 20797 1437 165 1026 73779 13884
leaf_count=25484 1062 166949 293 34353 28918 134072 40478 137270 20797 1437 165 1026 73779 13884
internal_value=-1.45844e-05 -0.000754658 0.000233361 0.00126446 0.00296403 -1.30614e-05 -0.000553621 -0.00025149 -6.36161e-05 0.0065355 -0.00112855 0.0103535 0.000515485 0.00537251
internal_weight=679967 170639 509328 98245 43095 411083 203232 177748 55150 3690 1227 2463 207851 14177
internal_count=679967 170639 509328 98245 43095 411083 203232 177748 55150 3690 1227 2463 207851 14177
is_linear=0
shrinkage=0.05


Tree=55
num_leaves=15
num_cat=0
split_feature=10 15 14 2 8 10 3 0 15 11 8 5 14 17
split_gain=40.5505 39.583 48.1426 81.6777 54.4865 58.9846 60.4478 54.27 44.9267 43.9902 36.7815 34.7478 33.8539 32.4653
threshold=0.013076645386836908 0.52650845914980204 0.50069300102581449 0.95463324422172768 0.8217754428504076 0.69515487819059263 0.013708025630907417 0.017257925739625393 0.21451445874958561 0.72255793291465864 0.77045154713360531 0.8030034422599267 0.50068634212152741 0.39888537009438657
decision_type=2 2 2 2 2 2 2 2 2 2 2 2 2 2
left_child=-1 2 3 11 5 6 8 10 -4 -9 -8 12 -2 -12
right_child=1 -3 4 -5 -6 -7 7 9 -10 -11 13 -13 -14 -15
leaf_value=-0.0035473532721788329 0.00048786222221804836 -0.00035822410419289116 -0.018230200107142863 0.012640110141382263 -0.0012431140152556334 -0.00062361989690952978 0.0093564912598385324 0.00054610068890647667 -0.00067349436862921153 0.0025609159167128089 0.015612923906312562 0.0041180626927594588 0.00642683846881057 -0.018081511348431393
leaf_weight=7945 41979 318749 700 1672 56325 80185 2902 121257 760 34885 102 9785 2545 239
leaf_count=7945 41979 318749 700 1672 56325 80185 2902 121257 760 34885 102 9785 2545 239
internal_value=3.79658e-06 4.57762e-05 0.00041023 0.00175534 0.000156995 0.000484179 0.00103644 0.00112921 -0.00909109 0.000996248 0.00753117 0.00142023 0.000827335 -0.00800282
internal_weight=680030 672085 353336 55981 297355 241030 160845 159385 1460 156142 3243 54309 44524 341
internal_count=680030 672085 353336 55981 297355 241030 160845 159385 1460 156142 3243 54309 44524 341
is_linear=0
shrinkage=0.05


Tree=56
num_leaves=15
num_cat=0
split_feature=6 5 14 11 16 3 8 5 16 2 10 14 14 0
split_gain=46.9134 58.687 92.1337 47.1371 42.7639 35.0337 33.0406 47.4738 39.464 29.3988 29.956 75.649 45.0522 52.2227
threshold=0.95767784966003233 0.89231804534630921 0.50124223794180478 0.8097414704736462 0.91530499635107965 0.0055020736838918673 0.95487661325386819 0.98612074279550022 0.97449444258577766 0.16783709943089353 0.19882696938424496 0.50222718253968268 0.50068634212152741 0.13150266013154038
decision_type=2 2 2 2 2 2 2 2 2 2 2 2 2 2
left_child=1 4 3 5 9 -3 -5 -8 -9 -1 11 12 13 -11
right_child=-2 2 -4 6 -6 -7 7 8 -10 10 -12 -13 -14 -15
leaf_value=0.00080656581112423058 -0.0026689487045710152 0.023459953479865132 -0.00091025004961742544 0.0046277396048143597 -0.001618735176063619 0.0018077067383282478 0.0061698148408748446 0.016585785965010633 0.047444917128700081 0.0033938037809527056 7.9435180625460011e-05 0.0030348900330127698 -0.00092439543671338101 -0.0053410657542987509
leaf_weight=105000 15736 188 24457 9287 41084 29725 1073 425 137 2002 363748 10542 64948 11778
leaf_count=105000 15736 188 24457 9287 41084 29725 1073 425 137 2002 363748 10542 64948 11778
internal_value=2.93387e-05 9.32469e-05 0.00151672 0.00297028 -6.18873e-05 0.00194379 0.00578163 0.0123359 0.0241084 5.27354e-05 -0.000121987 -0.000942719 -0.00147534 -0.00407204
internal_weight=680130 664394 65292 40835 599102 29913 10922 1635 562 558018 453018 89270 78728 13780
internal_count=680130 664394 65292 40835 599102 29913 10922 1635 562 558018 453018 89270 78728 13780
is_linear=0
shrinkage=0.05


Tree=57
num_leaves=15
num_cat=0
split_feature=16 1 14 9 14 3 11 0 17 4 0 14 10 9
split_gain=52.1459 48.611 46.7062 45.2998 44.0331 38.5757 33.8745 39.5499 33.7936 39.6088 32.7836 47.423 32.0795 28.5312
threshold=0.84831395410237731 0.20283497263576872 0.50059988023986579 0.61611829238340421 0.50058754487710588 0.009720548980700636 0.8606337395093081 0.017257925739625393 0.43046225030030699 0.42108873005559172 0.50456274028118986 0.50059488420814235 0.80923535480912545 0.44639061397472929
decision_type=2 2 2 2 2 2 2 2 2 2 2 2 2 2
left_child=1 3 4 5 12 13 7 -7 9 -6 11 -10 -2 -1
right_child=2 -3 -4 -5 8 6 -8 -9 10 -11 -12 -13 -14 -15
leaf_value=-0.020509894049839314 -0.0014114678449551664 -5.3932937983293126e-05 -0.0012770583605118424 -5.2327135740776897e-05 0.045609945158714492 0.0070461783005669716 0.0055943577769511582 0.0013841333124916713 -0.021141262857752807 0.013841238840968606 0.015504404587989462 0.018159991912737799 0.010237218675657359 0.0032050536886689442
leaf_weight=330 2905 462353 99213 48806 124 3267 6178 55113 213 470 316 120 742 206
leaf_count=330 2905 462353 99213 48806 124 3267 6178 55113 213 470 316 120 742 206
internal_value=-1.2054e-05 0.000173999 -0.00104194 0.00109924 0.00372847 0.00196266 0.00207357 0.00170099 0.0118556 0.0204731 0.00396842 -0.00697865 0.000958514 -0.0113956
internal_weight=680356 576253 104103 113900 4890 65094 64558 58380 1243 594 649 333 3647 536
internal_count=680356 576253 104103 113900 4890 65094 64558 58380 1243 594 649 333 3647 536
is_linear=0
shrinkage=0.05


Tree=58
num_leaves=15
num_cat=0
split_feature=1 16 4 13 14 0 5 14 4 10 13 17 13 3
split_gain=44.1672 40.4787 31.1217 30.5342 66.4872 47.6425 30.5453 26.3176 53.9322 27.4236 25.4678 25.3532 24.7394 29.1495
threshold=0.62937534163949271 0.84041868616336712 0.13311134258233237 0.13194893632312782 0.50066800297009217 0.017257925739625393 0.95467629176813629 0.50057736797541197 0.91909748736409591 0.61292369412150005 0.98596217532911845 0.28761970632049377 0.25854585922285084 0.62571993942006887
decision_type=2 2 2 2 2 2 2 2 2 2 2 2 2 2
left_child=1 3 -3 4 6 10 -1 8 9 -2 12 -4 -5 -14
right_child=7 2 11 5 -6 -7 -8 -9 -10 -11 -12 -13 13 -15
leaf_value=0.0036480089042271527 -0.0074803079849645425 0.0040718898282844848 -0.0035954473643294046 -0.0011104957701890445 -0.0015169117499121277 0.00060003977091774427 0.019277190141535054 -0.00044169919372962776 0.0094912155172866761 -0.00037674044726835362 -0.016231508652441769 -0.00065070991093400116 0.010026814509122975 0.002358120435620014
leaf_weight=4492 4064 3146 8345 1184 35613 309889 336 246254 706 2041 139 58898 3046 2089
leaf_count=4492 4064 3146 8345 1184 35613 309889 336 246254 706 2041 139 58898 3046 2089
internal_value=-3.04734e-06 0.000307052 -0.00078875 0.000523237 -0.00077045 0.000688619 0.00473571 -0.000526498 -0.00359244 -0.00510547 0.00493911 -0.00101616 0.00540481 0.00690707
internal_weight=680242 427177 70389 356788 40441 316347 4828 253065 6811 6105 6458 67243 6319 5135
internal_count=680242 427177 70389 356788 40441 316347 4828 253065 6811 6105 6458 67243 6319 5135
is_linear=0
shrinkage=0.05


Tree=59
num_leaves=15
num_cat=0
split_feature=16 0 13 14 16 14 14 14 14 3 3 8 4 8
split_gain=37.635 45.0342 42.7773 55.7174 40.5861 38.9782 41.0005 34.457 35.8243 35.9508 31.9635 38.6906 31.4061 31.0754
threshold=0.84831395410237731 0.11201354475017249 0.29790539693559742 0.5006958945610781 0.19156751442673511 0.50059988023986579 0.50058754487710588 0.50066006629418314 0.50064226102279974 0.0889032073310424 0.69667782713942561 0.90459760542210488 0.12507901390644757 0.90062126781080287
decision_type=2 2 2 2 2 2 2 2 2 2 2 2 2 2
left_child=1 2 3 4 7 6 -2 8 9 -1 11 -8 -7 -5
right_child=5 -3 -4 13 -6 12 10 -9 -10 -11 -12 -13 -14 -15
leaf_value=0.03607709207458467 0.00084349125883556239 1.3119023933988005e-05 0.0024232847189902093 -0.00039542503032100409 0.0012309957783847173 0.0031547333970451518 0.012237292585183052 0.023733194452228917 -0.014110287493811206 0.006204763933921457 -0.0021914321333140465 0.042852877772084491 -0.0012706590538366016 -0.0054397423702200335
leaf_weight=123 3585 515840 39422 12675 2229 4186 777 440 169 556 316 119 94889 4022
leaf_count=123 3585 515840 39422 12675 2229 4186 777 440 169 556 316 119 94889 4022
internal_value=5.40227e-06 0.000163511 0.00146437 -0.000405732 0.00531396 -0.000870558 0.00353123 0.0123799 0.00648902 0.0116161 0.0114813 0.0163034 -0.00108368 -0.00161051
internal_weight=679348 575476 59636 20214 3517 103872 4797 1288 848 679 1212 896 99075 16697
internal_count=679348 575476 59636 20214 3517 103872 4797 1288 848 679 1212 896 99075 16697
is_linear=0
shrinkage=0.05


Tree=60
num_leaves=15
num_cat=0
split_feature=5 11 3 16 14 14 14 14 8 7 9 6 13 3
split_gain=32.3745 53.8126 42.257 32.338 44.9355 32.1575 28.6924 27.9133 33.0436 29.6919 32.032 27.8291 27.777 30.0674
threshold=0.98612074279550022 0.77366559524679201 0.025142366251364234 0.85217950150888577 0.50059988023986579 0.50079176613372389 0.50173310745866984 0.50058754487710588 0.94321158647105097 0.38111081114573014 0.90366530554524416 0.98285518322555376 0.20228696312715591 0.98249513618677053
decision_type=2 2 2 2 2 2 2 2 2 2 2 2 2 2
left_child=3 5 -3 -1 7 12 11 9 -9 -5 -11 -4 -2 -14
right_child=1 2 6 4 -6 -7 -8 8 -10 10 -12 -13 13 -15
leaf_value=6.2012410793964209e-05 0.01248409625296169 0.032216228548592581 0.01013851510425871 -0.0044602952363336857 -0.0011619579990084425 -0.0019221525385055994 -0.0026785351381915044 0.0080037959651620121 0.037800206974897464 0.0031353335613776585 0.023170475070229044 -0.01105624068246195 0.0034192915133064157 -0.022871968968801441
leaf_weight=572453 843 168 2524 1255 92695 5028 677 1060 102 1893 223 165 884 124
leaf_count=572453 843 168 2524 1255 92695 5028 677 1060 102 1893 223 165 884 124
internal_value=-3.81624e-05 0.00272835 0.00774315 -8.11794e-05 -0.000924256 0.000152063 0.00652168 0.0039365 0.0106193 0.00163291 0.00524679 0.00883798 0.0057864 0.000185049
internal_weight=680094 10413 3534 669681 97228 6879 3366 4533 1162 3371 2116 2689 1851 1008
internal_count=680094 10413 3534 669681 97228 6879 3366 4533 1162 3371 2116 2689 1851 1008
is_linear=0
shrinkage=0.05


Tree=61
num_leaves=15
num_cat=0
split_feature=11 5 4 3 14 14 8 4 4 14 8 10 3 11
split_gain=33.7879 46.1729 41.3747 46.1502 40.3858 44.636 55.5464 53.4575 35.9225 32.2634 31.914 28.8557 38.2431 27.6801
threshold=0.6633760817026586 0.88837564895811127 0.0055020736838918673 0.0055020736838918673 0.50110987928061113 0.50107874990690415 0.58916281235694334 0.31041897634885446 0.74686573903401621 0.50056657387481329 0.98995839887527171 0.96230378699890906 0.15260392218223548 0.96703638401399605
decision_type=2 2 2 2 2 2 2 2 2 2 2 2 2 2
left_child=2 11 3 -1 5 7 -7 10 -4 -10 -3 13 -13 -2
right_child=1 4 8 -5 -6 6 -8 -9 9 -11 -12 12 -14 -15
leaf_value=-0.025573168927344028 0.0002186778359997194 0.0085120165587106496 4.0466818530942545e-05 -0.0041990213641624067 0.00019225321709313945 -0.00070837843850994489 0.029131300077245882 0.0022257213050447364 0.0055288264089135156 -0.0011169010959649896 0.029748555485275576 0.0041333795748458415 -0.0027794628707490335 0.0025399346786010961
leaf_weight=304 167695 2251 339757 1492 13715 267 375 15572 1858 106949 192 2333 14046 13908
leaf_count=304 167695 2251 339757 1492 13715 267 375 15572 1858 106949 192 2333 14046 13908
internal_value=8.86318e-06 0.000501413 -0.00024307 -0.00781692 0.00225204 0.00376622 0.0167213 0.00330454 -0.000212746 -0.00100342 0.010181 0.000215168 -0.00179481 0.00039645
internal_weight=680714 230354 450360 1796 32372 18657 642 18015 448564 108807 2443 197982 16379 181603
internal_count=680714 230354 450360 1796 32372 18657 642 18015 448564 108807 2443 197982 16379 181603
is_linear=0
shrinkage=0.05


Tree=62
num_leaves=15
num_cat=0
split_feature=0 13 14 17 14 14 2 4 14 14 5 14 0 6
split_gain=34.2106 54.5909 41.3284 28.8128 43.0388 29.2882 43.6499 33.0065 29.1613 62.424 50.2219 30.1506 28.9156 32.3509
threshold=0.0055725833247935721 0.23408431965177001 0.50066006629418314 0.27446680080482905 0.5005112479782704 0.500798085105299 0.59664505071434981 0.025985279884759956 0.50064226102279974 0.50063816235306391 0.73370335016627675 0.50065574475404206 0.93475727171379364 0.091877704476129682
decision_type=2 2 2 2 2 2 2 2 2 2 2 2 2 2
left_child=1 2 -1 4 -2 6 -6 -8 9 10 -9 -10 13 -5
right_child=3 -3 -4 12 5 -7 7 8 11 -11 -12 -13 -14 -15
leaf_value=0.021043614763124316 0.017876541335978949 0.010700414021857797 -0.0077381550211877287 -0.001142436693897586 -0.0010523285534333616 -0.00042262280852774529 0.020760356707968445 0.0030465338412069636 -0.03107596970158738 0.035585376378978115 -0.013565112911356437 -0.0088942504638230141 -0.0012703153980818656 0.0001813227930730351
leaf_weight=145 283 1792 892 50378 7955 18780 107 1013 160 103 826 3602 43106 550438
leaf_count=145 283 1792 892 50378 7955 18780 107 1013 160 103 826 3602 43106 550438
internal_value=-7.0148e-05 0.00541677 -0.0037137 -9.30848e-05 -0.00153798 -0.0017068 -0.0034587 -0.00675292 -0.00726904 -0.00229318 -0.00441471 -0.00983765 -1.942e-05 7.03265e-05
internal_weight=679580 2829 1037 676751 32829 32546 13766 5811 5704 1942 1839 3762 643922 600816
internal_count=679580 2829 1037 676751 32829 32546 13766 5811 5704 1942 1839 3762 643922 600816
is_linear=0
shrinkage=0.05


Tree=63
num_leaves=15
num_cat=0
split_feature=3 11 14 3 3 1 6 14 2 3 7 14 2 16
split_gain=38.6647 45.3097 39.5245 46.1036 35.1987 32.5313 31.6811 56.444 31.0953 29.4076 28.0985 26.2409 32.829 26.8147
threshold=0.70047356696468632 0.96703638401399605 0.50058754487710588 0.89295406906189101 0.060891522376762236 0.029074463688620059 0.17210258040893414 0.50135318245074345 0.93118675686523689 0.0055020736838918673 0.36139122125764944 0.50059488420814235 0.79804956529319937 0.31103376535407362
decision_type=2 2 2 2 2 2 2 2 2 2 2 2 2 2
left_child=1 5 3 -2 -3 -1 7 -7 -9 -10 -5 12 -4 -13
right_child=2 4 11 10 -6 6 -8 8 9 -11 -12 13 -14 -15
leaf_value=0.0027772663708371158 9.7553419265755312e-05 0.0095395541535489899 -0.0030627027206868228 0.034429817011347043 0.0020792847378544384 -0.0014932152562402931 0.00034402032067519175 0.0014908464996780555 -0.028759887080151036 -0.0034198220204973563 0.0073977694217607776 0.00022204541741750663 -0.019710382706771602 -0.0010269542668754625
leaf_weight=11836 4598 1788 1272 100 13663 66815 350219 29288 122 1861 2485 63614 386 132433
leaf_count=11836 4598 1788 1272 100 13663 66815 350219 29288 122 1861 2485 63614 386 132433
internal_value=3.19414e-05 0.000279319 -0.000542279 0.00310107 0.00294259 0.000189889 0.000121578 -0.000672657 0.00108058 -0.00497882 0.0084435 -0.000674649 -0.00693846 -0.000621675
internal_weight=680480 475592 204888 7183 15451 460141 448305 98086 31271 1983 2585 197705 1658 196047
internal_count=680480 475592 204888 7183 15451 460141 448305 98086 31271 1983 2585 197705 1658 196047
is_linear=0
shrinkage=0.05


Tree=64
num_leaves=15
num_cat=0
split_feature=3 0 14 6 10 14 14 9 17 14 9 3 11 7
split_gain=40.4687 44.022 38.686 54.6103 41.5099 35.4599 39.6951 36.9925 34.7349 34.2102 41.4552 42.8667 29.6326 34.9832
threshold=0.67673064902594027 0.08005452504212375 0.50064226102279974 0.34711487008740122 0.27820611897118858 0.50057736797541197 0.50062422069825441 0.82928382787012589 0.30585360172516141 0.50058754487710588 0.58117864119817686 0.9706062351501189 0.69868529081324005 0.080407381065275813
decision_type=2 2 2 2 2 2 2 2 2 2 2 2 2 2
left_child=1 2 3 5 -5 -1 -7 -8 -3 10 -2 -12 13 -10
right_child=9 8 -4 4 -6 6 7 -9 12 -11 11 -13 -14 -15
leaf_value=0.013623232270604864 -0.00050174924466490217 -0.0018480012882484435 0.0014496737461468785 0.023968647749254581 0.007717618098551246 -0.014713439212449506 -0.0032064869409069194 0.028536101591048968 -0.0017028476139887402 -0.00069524978341290518 0.005050559401062929 0.024400565273694316 0.00088455193024394971 0.00012622016166273658
leaf_weight=335 4411 21504 30287 581 1214 519 338 126 29095 213097 3037 316 117096 257578
leaf_count=335 4411 21504 30287 581 1214 519 338 126 29095 213097 3037 316 117096 257578
internal_value=-2.04169e-05 0.000247335 0.00199522 0.007303 0.0129777 -0.000425445 -0.00521314 0.00541327 0.000110059 -0.00057647 0.00268366 0.00687418 0.000214342 -5.94155e-05
internal_weight=679534 458673 33400 3113 1795 1318 983 464 425273 220861 7764 3353 403769 286673
internal_count=679534 458673 33400 3113 1795 1318 983 464 425273 220861 7764 3353 403769 286673
is_linear=0
shrinkage=0.05


Tree=65
num_leaves=15
num_cat=0
split_feature=5 11 2 3 5 6 16 16 10 6 15 3 9 15
split_gain=31.4434 53.5228 42.8379 36.4684 29.034 30.4284 28.9638 27.5543 27.0101 28.8063 25.6374 34.7862 31.5288 23.6564
threshold=0.88446592418205972 0.85306569996419634 0.16783709943089353 0.0055020736838918673 0.9938697282011294 0.85774653755274766 0.24720781766503616 0.91122105365901285 0.013076645386836908 0.91050351494664905 0.14765591271242987 0.9706062351501189 0.63573484504189903 0.2463884057971015
decision_type=2 2 2 2 2 2 2 2 2 2 2 2 2 2
left_child=2 3 -1 7 -3 13 -5 -2 9 -4 -7 12 -12 -6
right_child=1 4 8 6 5 10 -8 -9 -10 -11 11 -13 -14 -15
leaf_value=0.00078413097280185065 0.031767362910496387 0.0028515289163734327 -0.0029769420317280392 0.0023663667415164506 -0.00024331930228378452 0.025074037386873513 -0.00033754562052571021 0.00026339633527715678 -0.00027080964797516924 -0.020992712437445341 0.011276818132575821 0.017750638503145531 -0.015255617051919149 0.026379324475949567
leaf_weight=108995 161 15290 5621 12343 107 132 50121 122 485874 231 170 218 328 379
leaf_count=108995 161 15290 5621 12343 107 132 50121 122 485874 231 170 218 328 379
internal_value=1.08884e-05 0.0009462 -0.000112691 0.000277888 0.00346873 0.010543 0.000196752 0.0181861 -0.000311478 -0.00368809 0.00482621 0.00109337 -0.00619836 0.020518
internal_weight=680092 79371 600721 62747 16624 1334 62464 283 491726 5852 848 716 498 486
internal_count=680092 79371 600721 62747 16624 1334 62464 283 491726 5852 848 716 498 486
is_linear=0
shrinkage=0.05


Tree=66
num_leaves=15
num_cat=0
split_feature=10 14 4 6 16 6 14 2 14 9 2 9 8 14
split_gain=30.8273 42.299 57.7815 33.2967 48.9498 41.504 89.3873 66.3131 39.4335 30.8426 29.4227 29.1607 28.1827 28.0109
threshold=0.19882696938424496 0.50195695465686285 0.78175249470037755 0.45941591233591911 0.0096813246895258945 0.47425685645311999 0.50062422069825441 0.80200921767506028 0.50068634212152741 0.71437635968092839 0.56460953380838574 0.29232320099255588 0.18399134199134201 0.50187617921207528
decision_type=2 2 2 2 2 2 2 2 2 2 2 2 2 2
left_child=1 3 9 8 11 6 7 -6 -1 -3 -7 -5 -10 -12
right_child=-2 2 -4 4 5 10 -8 -9 12 -11 13 -13 -14 -15
leaf_value=-0.0047803536929360846 0.00022283299136345819 0.0031008606588697543 -0.0032510288216473036 0.0025842111608944834 0.015204024743748669 0.00064593783430864492 0.0017594410854209421 0.062142041455441659 0.0011749508837188192 -0.020554305610360861 -0.0014466141930449378 0.032322780516436271 -0.0019246464634672185 -0.014670616028293637
leaf_weight=9775 545721 15921 5017 150 243 27349 1510 109 9299 139 29262 183 34696 406
leaf_count=9775 545721 15921 5017 150 243 27349 1510 109 9299 139 29262 183 34696 406
internal_value=5.59483e-05 -0.000623398 0.00143291 -0.00100701 -0.000189047 -0.000297161 0.00704877 0.0297388 -0.00190775 0.00289612 -0.000537056 0.018927 -0.0012695 -0.00162758
internal_weight=679780 134059 21077 112982 59212 58879 1862 352 53770 16060 57017 333 43995 29668
internal_count=679780 134059 21077 112982 59212 58879 1862 352 53770 16060 57017 333 43995 29668
is_linear=0
shrinkage=0.05


Tree=67
num_leaves=15
num_cat=0
split_feature=15 2 10 4 0 8 7 7 17 4 9 17 2 14
split_gain=34.7177 26.9549 32.3207 33.9939 30.9031 34.7116 41.9024 36.6771 30.2969 34.4369 46.4288 38.8526 32.1777 42.7227
threshold=0.90796438682010827 0.16783709943089353 0.013076645386836908 0.98608522776385177 0.045067400108807359 0.88895311496467577 0.37698127212515703 0.009340341770357365 0.89834609075997829 0.12090859253791776 0.89584640317858655 0.71961561185833955 0.97403893511677953 0.50132100626823595
decision_type=2 2 2 2 2 2 2 2 2 2 2 2 2 2
left_child=1 -1 3 -3 5 7 8 -4 9 10 -7 -12 -11 -14
right_child=-2 2 4 -5 -6 6 -8 -9 -10 12 11 -13 13 -15
leaf_value=0.00090237847036197085 -0.0010818629266853639 -0.0029271283831199799 -0.013069524812190418 -0.025460773032851693 -4.9052905727369119e-05 0.0047315546848571664 -0.0044459832896046559 0.0030571491620285428 -0.0089274583934051809 -0.0030910917586366091 0.012652881787202898 0.046101704616779211 0.020376184704485479 -0.011873621567690248
leaf_weight=98580 63662 6218 359 172 483372 780 4340 19684 474 1473 210 148 371 142
leaf_count=98580 63662 6218 359 172 483372 780 4340 19684 474 1473 210 148 371 142
internal_value=2.97666e-05 0.00014459 3.05066e-07 -0.00353367 4.44665e-05 0.00166002 -0.00113833 0.0027683 0.00285144 0.00463864 0.0115736 0.0264809 0.00066482 0.0114493
internal_weight=679985 616323 517743 6390 511353 27981 7938 20043 3598 3124 1138 358 1986 513
internal_count=679985 616323 517743 6390 511353 27981 7938 20043 3598 3124 1138 358 1986 513
is_linear=0
shrinkage=0.05


Tree=68
num_leaves=15
num_cat=0
split_feature=3 1 5 11 8 13 3 0 6 8 8 16 1 4
split_gain=40.9277 30.2923 35.3896 50.8643 40.195 33.4507 33.3435 30.687 34.2273 42.6788 33.9452 24.5352 24.4276 22.3867
threshold=0.90074257880709496 0.9513696761136673 0.77243792343349871 0.72255793291465864 0.12471263760364866 0.19428959627329195 0.029211849865258484 0.04879500580720094 0.75922760321808103 0.98217059490753578 0.92778780585639808 0.045394724310321245 0.36907292401684721 0.75852839336419919
decision_type=2 2 2 2 2 2 2 2 2 2 2 2 2 2
left_child=1 2 4 7 12 -6 11 8 -4 -10 13 -5 -1 -9
right_child=-2 -3 3 6 5 -7 -8 10 9 -11 -12 -13 -14 -15
leaf_value=0.0025901673348662901 -0.0011548475786371931 -0.0013970418280817186 0.0086713382998280936 0.032265656202900832 -0.0011939532752683747 3.7346165949467714e-05 0.0021732160803785397 0.0010721268179731791 0.0016325779343267493 -0.027980664401322377 -0.0035006461197368728 0.0080618743764790442 0.00049230668570441119 -0.00075778708888124113
leaf_weight=20973 68311 30630 2230 114 66090 333506 38072 41750 2141 129 6273 1284 41007 27871
leaf_count=20973 68311 30630 2230 114 66090 333506 38072 41750 2141 129 6273 1284 41007 27871
internal_value=5.95404e-06 0.000135507 0.000216241 0.000981719 1.74584e-05 -0.000166301 0.0024517 0.000260024 0.00427176 -5.02891e-05 2.21553e-05 0.0100356 0.00120219 0.000339567
internal_weight=680381 612070 581440 119864 461576 399596 39470 80394 4500 2270 75894 1398 61980 69621
internal_count=680381 612070 581440 119864 461576 399596 39470 80394 4500 2270 75894 1398 61980 69621
is_linear=0
shrinkage=0.05


Tree=69
num_leaves=15
num_cat=0
split_feature=3 14 10 5 14 8 17 10 2 10 17 17 17 5
split_gain=28.462 35.8572 36.7374 35.1799 66.7216 34.3669 33.8541 31.5655 37.9724 36.8415 36.1548 49.5889 47.8168 33.2723
threshold=0.67673064902594027 0.50058754487710588 0.63310771086729134 0.9938697282011294 0.50099304963867597 0.79417910123585511 0.31370685156191763 0.88830251383164394 0.64002314814814831 0.34916712149994361 0.49386498826305508 0.46941614789662334 0.49655740424725076 0.55561230280331408
decision_type=2 2 2 2 2 2 2 2 2 2 2 2 2 2
left_child=3 2 -2 -1 5 -5 -4 8 -3 -10 11 -11 13 -12
right_child=1 7 6 4 -6 -7 -8 -9 9 10 12 -13 -14 -15
leaf_value=0.00016781179819449381 0.00012418462368096058 0.00020231342308146924 -0.0053126697618688674 0.0022355828944098533 -0.0012878945315634811 0.022096448384186177 0.0094959665526762275 -0.0023150101992942969 -0.0024569102402507447 -0.00066861583642062298 -0.029697046882240837 0.0040705641666334783 -0.0026440715210364627 -0.0033221853489521893
leaf_weight=456609 4730 110387 456 316 1261 701 2512 24160 34582 34836 317 6559 2072 192
leaf_count=456609 4730 110387 456 316 1261 701 2512 24160 34582 34836 317 6559 2072 192
internal_value=-2.57045e-05 -0.000492147 0.00286031 0.000198734 0.00639685 0.0159253 0.00722079 -0.000613248 -0.000395647 -0.00123588 -0.000275682 8.23029e-05 -0.00601718 -0.0197482
internal_weight=679690 220803 7698 458887 2278 1017 2968 213105 188945 78558 43976 41395 2581 509
internal_count=679690 220803 7698 458887 2278 1017 2968 213105 188945 78558 43976 41395 2581 509
is_linear=0
shrinkage=0.05


Tree=70
num_leaves=15
num_cat=0
split_feature=3 7 14 5 6 14 5 14 6 14 16 3 1 2
split_gain=39.0113 47.9922 37.8925 35.6734 38.5691 33.939 32.5691 30.352 31.2754 31.031 28.0538 29.4158 27.815 27.6443
threshold=0.43234808774995154 0.52453805275218179 0.50055834885861161 0.8806336177025833 0.52703639839562177 0.50068634212152741 0.013219499763352389 0.50303954175905408 0.96978704734309773 0.50056657387481329 0.017555713608345191 0.02126329787234043 0.89623350829904969 0.25830980423307176
decision_type=2 2 2 2 2 2 2 2 2 2 2 2 2 2
left_child=1 3 -3 -1 5 -5 -2 8 9 -6 -4 -12 13 -8
right_child=6 2 10 4 7 -7 12 -9 -10 -11 11 -13 -14 -15
leaf_value=-7.5674614208880107e-05 -0.0055423976035952885 0.014272336043646517 0.01228278822271507 0.02291562888726947 -0.013479673151344618 0.005515208419987757 0.00053355797874411325 -0.0062587800890108293 -0.019307379646758951 0.0022034038140836491 -0.0089922637523009042 0.0018020258131929265 -0.0015987074617889062 -0.00048396056229206368
leaf_weight=231077 3058 618 627 315 321 2539 90662 1270 175 18106 642 37344 40649 253104
leaf_count=231077 3058 618 627 315 321 2539 90662 1270 175 18106 642 37344 40649 253104
internal_value=-7.35256e-05 0.000361797 0.00198933 0.000110224 0.00200044 0.00743572 -0.000402747 0.00121983 0.00173041 0.0019302 0.00179274 0.00161959 -0.000361861 -0.000215609
internal_weight=680507 293034 39231 253803 22726 2854 387473 19872 18602 18427 38613 37986 384415 343766
internal_count=680507 293034 39231 253803 22726 2854 387473 19872 18602 18427 38613 37986 384415 343766
is_linear=0
shrinkage=0.05


Tree=71
num_leaves=15
num_cat=0
split_feature=11 5 6 14 2 14 14 14 2 6 15 9 13 14
split_gain=25.9675 41.1229 40.6213 34.5772 26.235 30.2139 92.5567 57.6754 41.0553 38.7721 37.5584 36.1471 36.0352 100.777
threshold=0.62419553891645208 0.91613579495502817 0.90255815337021839 0.5007336761102571 0.56460953380838574 0.50073909870381883 0.5007241133413034 0.50081566285580481 0.97403893511677953 0.039084203826425558 0.12028855410714752 0.10430143427514156 0.48475831002867359 0.50087719568235067
decision_type=2 2 2 2 2 2 2 2 2 2 2 2 2 2
left_child=4 -2 3 -3 -1 6 8 -7 9 -6 -11 -12 13 -9
right_child=1 2 -4 -5 5 7 -8 12 -10 10 11 -13 -14 -15
leaf_value=0.0001021520575000365 0.00018874079792200994 0.0084784811244182808 -0.00016129094339266831 0.0026807289626195772 -0.012746019168019604 -0.00386134801833719 0.0074582666996841811 0.005463400266319654 0.0066138430787260824 0.00361732666739589 -0.0068130309569734747 -0.00062347855089259999 0.00010703889234135254 -0.0022667923632434112
leaf_weight=246694 229536 3189 10632 13284 660 16041 4294 4601 2009 4716 2608 24688 66938 50409
leaf_count=246694 229536 3189 10632 13284 660 16041 4294 4601 2009 4716 2608 24688 66938 50409
internal_value=9.33637e-06 0.000406235 0.00224807 0.00380311 -0.000231095 -0.000695652 0.000533653 -0.00104287 -0.000323712 -0.000750303 -0.000502984 -0.00121486 -0.000672128 -0.00162024
internal_weight=680299 256641 27105 16473 423658 176964 38975 137989 34681 32672 32012 27296 121948 55010
internal_count=680299 256641 27105 16473 423658 176964 38975 137989 34681 32672 32012 27296 121948 55010
is_linear=0
shrinkage=0.05


Tree=72
num_leaves=15
num_cat=0
split_feature=6 0 14 14 10 2 10 14 0 8 16 11 3 14
split_gain=34.4813 30.4772 36.5674 113.743 39.473 33.5218 45.7551 78.6072 32.4144 32.0144 42.1119 42.7817 39.7367 36.8167
threshold=0.95767784966003233 0.24636624836269913 0.50057736797541197 0.50057142931778531 0.876376658661427 0.31668100975329899 0.30948891993128841 0.50066357029882258 0.92698441903462647 0.86082763488261782 0.0056996299869732031 0.58136473189989568 0.017584732324086607 0.50096805511822839
decision_type=2 2 2 2 2 2 2 2 2 2 2 2 2 2
left_child=1 2 3 4 -1 -3 7 8 -7 12 11 -11 -4 -12
right_child=-2 5 9 -5 -6 6 -8 -9 -10 10 13 -13 -14 -15
leaf_value=-0.00088268353690904337 -0.0023204009836748749 0.000396614853206823 -0.0055732315332581292 0.021826008320144301 0.014508934037236394 -0.0044002697889232644 -4.0185612427739783e-05 -0.00082855729717785747 -0.014037490731141973 -0.00097124087095787565 0.00071257512187809812 0.025665761840009571 0.0010087298833331398 -0.0026445927640696212
leaf_weight=3028 15781 180552 2337 829 483 10698 216306 92772 950 304 15149 299 122047 17718
leaf_count=3028 15781 180552 2337 829 483 10698 216306 92772 950 304 15149 299 122047 17718
internal_value=-1.05179e-05 4.44238e-05 0.00064018 0.00516793 0.00123471 -0.00014834 -0.000455121 -0.00131466 -0.00518627 0.000515695 -0.000856985 0.0122368 0.000885064 -0.00109721
internal_weight=679253 663472 162194 4340 3511 501278 320726 104420 11648 157854 33470 603 124384 32867
internal_count=679253 663472 162194 4340 3511 501278 320726 104420 11648 157854 33470 603 124384 32867
is_linear=0
shrinkage=0.05


Tree=73
num_leaves=15
num_cat=0
split_feature=3 14 0 9 4 14 13 6 7 11 13 5 2 7
split_gain=30.5783 79.1094 28.6161 33.2235 27.7033 24.2047 40.2761 39.1761 23.9143 23.6609 21.5964 21.5818 28.8833 21.2386
threshold=0.90074257880709496 0.50058241296029971 0.12758895671781337 0.30041438440449419 0.0055020736838918673 0.50199601593625509 0.29380748603662438 0.14891541930664307 0.15593639872461826 0.10127086992510045 0.84865167858441415 0.0093520415812884203 0.9818308786185882 0.85804590238168976
decision_type=2 2 2 2 2 2 2 2 2 2 2 2 2 2
left_child=2 -2 3 5 9 8 -7 -8 -1 -4 -9 12 -3 -6
right_child=1 11 4 -5 13 6 7 10 -10 -11 -12 -13 -14 -15
leaf_value=-0.0020222405668607083 0.0085390048794471742 -0.0025196559304140171 -0.021112113625011301 0.00048419757104131478 -6.3019025572847321e-05 -0.0040056298428778909 0.028391315846981815 0.0054991947566346913 0.0032414768155382074 -0.0039546329402601332 0.020102486647028441 -0.001211104998020518 -0.027895454904538094 0.0011571761825351623
leaf_weight=2686 2113 306 228 56002 499329 593 274 1444 10973 1693 307 65996 177 38405
leaf_count=2686 2113 306 228 56002 499329 593 274 1444 10973 1693 307 65996 177 38405
internal_value=1.56363e-05 -0.000985446 0.000127848 0.00106212 2.71538e-06 0.00305051 0.00745462 0.0108106 0.00220638 -0.00599102 0.00805957 -0.00128818 -0.0118189 2.41274e-05
internal_weight=680526 68592 611934 72279 539655 16277 2618 2025 13659 1921 1751 66479 483 537734
internal_count=680526 68592 611934 72279 539655 16277 2618 2025 13659 1921 1751 66479 483 537734
is_linear=0
shrinkage=0.05


Tree=74
num_leaves=15
num_cat=0
split_feature=17 8 16 0 13 14 3 8 5 5 5 8 14 3
split_gain=30.2368 27.0717 42.9367 25.3361 36.7333 39.5504 30.31 29.7537 34.9233 31.9423 28.4886 28.146 42.1098 48.0045
threshold=0.27446680080482905 0.97446390502863356 0.96232702857610752 0.14773610914746221 0.11207651428226344 0.50062073270348184 0.16880287632260813 0.9507958882458688 0.5047214395263403 0.033622866186833487 0.34703571857726512 0.98217059490753578 0.50098522263119494 0.025142366251364234
decision_type=2 2 2 2 2 2 2 2 2 2 2 2 2 2
left_child=1 -1 -3 4 5 -2 7 9 -9 -7 -8 -5 13 -13
right_child=3 2 -4 11 -6 6 10 8 -10 -11 -12 12 -14 -15
leaf_value=-0.0011778816606767687 0.0091338308507753884 -0.0039665202888931371 -0.028816704550990835 -4.9541872734394104e-05 0.0012772864856142427 -0.019171634351935619 -0.0080410224279098032 0.017918162179621958 -0.00071713981427463523 0.0005504974403441863 -0.0019232393597200565 0.024267658931139399 -0.00015110854962366248 0.0050855524295274511
leaf_weight=31801 811 776 224 544726 81321 226 2747 522 485 2242 6193 365 4726 3065
leaf_count=31801 811 776 224 544726 81321 226 2747 522 485 2242 6193 365 4726 3065
internal_value=4.84227e-05 -0.0014326 -0.00953296 0.000123457 0.000879831 -0.00156396 -0.00226278 0.00169983 0.00894287 -0.0012555 -0.00380305 -5.88909e-06 0.00290961 0.0071268
internal_weight=680230 32801 1000 647429 94547 13226 12415 3475 1007 2468 8940 552882 8156 3430
internal_count=680230 32801 1000 647429 94547 13226 12415 3475 1007 2468 8940 552882 8156 3430
is_linear=0
shrinkage=0.05


Tree=75
num_leaves=15
num_cat=0
split_feature=17 6 14 14 8 13 14 13 1 8 1 9 16 9
split_gain=31.1744 33.9258 45.7399 40.7652 63.932 63.813 91.0274 50.5146 46.2983 59.7926 46.2819 44.7417 44.2062 42.5956
threshold=0.27446680080482905 0.19120669005946253 0.50072621679549068 0.50111607698938243 0.92008885864473322 0.31765380464112253 0.50090991886073855 0.77784519956850062 0.041104974383198288 0.98217059490753578 0.83341845420497118 0.60466717919149215 0.0096813246895258945 0.35547225650807907
decision_type=2 2 2 2 2 2 2 2 2 2 2 2 2 2
left_child=-1 2 -2 5 7 6 -3 -5 9 -6 -7 -8 -10 -12
right_child=1 3 -4 4 8 10 11 -9 12 -11 13 -13 -14 -15
leaf_value=-0.0014658109169095538 -0.0025893284513115811 0.0028425507829909361 -0.0001647517449853249 -0.00037689997125806663 -0.0074830877950312347 0.00052419608063819241 -0.0027381011393903796 0.0015286252364746825 0.015946698625412876 -0.039852889516623691 -0.0035694361740604245 0.0014770349173418376 -0.0029385537062048619 5.0552325813176243e-05
leaf_weight=33008 24014 61915 102393 165478 635 174180 13153 44035 316 184 14320 12075 15971 18788
leaf_count=33008 24014 61915 102393 165478 635 174180 13153 44035 316 184 14320 12075 15971 18788
internal_value=3.30532e-05 0.000109467 -0.000625357 0.000287736 -0.000216367 0.000675735 0.00181102 2.35993e-05 -0.00315545 -0.0147554 0.000198467 -0.00072059 -0.00257214 -0.00151518
internal_weight=680465 647457 126407 521050 226619 294431 87143 209513 17106 819 207288 25228 16287 33108
internal_count=680465 647457 126407 521050 226619 294431 87143 209513 17106 819 207288 25228 16287 33108
is_linear=0
shrinkage=0.05


Tree=76
num_leaves=15
num_cat=0
split_feature=10 11 4 8 2 7 17 1 4 8 16 16 17 6
split_gain=29.5087 43.4414 41.5177 42.4067 37.9466 37.3133 34.1479 39.6263 37.7893 41.3898 35.4702 31.3375 34.0236 33.0589
threshold=0.92311433702484302 0.80557320344486805 0.11291520874275034 0.8098113929935552 0.95846910723573198 0.021341798111308097 0.44335629277649424 0.88065711052201034 0.021945723733718628 0.98603073183242462 0.99000831946755419 0.74585186361711153 0.45189352666722549 0.19891987011219353
decision_type=2 2 2 2 2 2 2 2 2 2 2 2 2 2
left_child=1 5 3 -2 -3 -1 7 -6 9 -8 11 12 -10 -14
right_child=2 4 -4 -5 6 -7 8 -9 10 -11 -12 -13 13 -15
leaf_value=-0.003096632383089817 0.00084668789720119164 0.00078808546677220292 -0.0015657252897071856 0.012024514615951491 0.0033990925932509985 -1.1728774429339607e-05 0.010126496819763147 -0.011673660548827187 0.032964030478047433 0.039742440118612166 0.02520929648797976 -0.0050068947534085226 -0.0071244367703353594 0.0091972930233430467
leaf_weight=9995 4159 102102 48088 1066 2785 507965 332 517 123 183 221 669 391 1502
leaf_count=9995 4159 102102 48088 1066 2785 507965 332 517 123 183 221 669 391 1502
internal_value=2.34883e-05 0.000119542 -0.00110579 0.00312718 0.00102767 -7.12577e-05 0.00466621 0.00103912 0.00816713 0.0206502 0.00595489 0.00437007 0.00748177 0.00582603
internal_weight=680098 626785 53313 5225 108825 517960 6723 3302 3421 515 2906 2685 2016 1893
internal_count=680098 626785 53313 5225 108825 517960 6723 3302 3421 515 2906 2685 2016 1893
is_linear=0
shrinkage=0.05


Tree=77
num_leaves=15
num_cat=0
split_feature=4 14 13 14 10 14 13 17 17 13 13 4 14 5
split_gain=31.0233 44.0534 46.8924 42.3935 58.7434 37.5935 54.6703 33.2795 51.192 33.7692 33.0639 29.759 37.5252 29.3362
threshold=0.62506384065372844 0.50265253855679404 0.63182358022025487 0.50057142931778531 0.75422933825166161 0.50061462838215609 0.75035360961898201 0.35180224941155575 0.33997502800597468 0.23034095311894617 0.23408431965177001 0.9076546863486179 0.50056657387481329 0.62661846382282971
decision_type=2 2 2 2 2 2 2 2 2 2 2 2 2 2
left_child=3 5 -3 4 -1 6 7 8 -2 11 -6 -9 -13 -5
right_child=1 2 -4 13 10 -7 -8 9 -10 -11 -12 12 -14 -15
leaf_value=-0.0053461669675494081 0.00094491914088715503 -0.0041567011667081729 0.0006879879419730171 7.5263738294679462e-05 0.013946062561705677 -0.00039726151527673826 -0.0039720447421070487 0.0067065382277478715 -0.027656754939454405 0.0033336270279110632 0.0002565905621320499 0.032271702717865919 0.0099183383573197541 0.0010319715694190861
leaf_weight=7013 2475 15110 7461 305831 605 220258 2715 1768 167 5265 1628 301 499 108575
leaf_count=7013 2475 15110 7461 305831 605 220258 2715 1768 167 5265 1628 301 499 108575
internal_value=-1.13884e-05 -0.000445932 -0.00255526 0.000251213 -0.00309729 -0.000241991 0.00235084 0.00398966 -0.000862984 0.00562642 0.00396556 0.0103272 0.0183288 0.000325923
internal_weight=679671 256019 22571 423652 9246 233448 13190 10475 2642 7833 2233 2568 800 414406
internal_count=679671 256019 22571 423652 9246 233448 13190 10475 2642 7833 2233 2568 800 414406
is_linear=0
shrinkage=0.05


Tree=78
num_leaves=15
num_cat=0
split_feature=9 3 16 14 9 11 17 17 2 17 2 14 17 7
split_gain=32.1789 70.79 56.2742 51.3161 46.0879 42.4108 31.7193 33.2725 82.3612 42.136 47.1661 34.5429 35.6338 29.6484
threshold=0.90750335120643444 0.060891522376762236 0.13256384881817837 0.50168067701624763 0.9664483135707701 0.96298833079655 0.22203548085901029 0.33997502800597468 0.88468638771096242 0.34514099854708763 0.84564201094367031 0.50105374194981145 0.3198977265324735 0.013373455189311968
decision_type=2 2 2 2 2 2 2 2 2 2 2 2 2 2
left_child=5 2 4 6 -2 13 -3 8 -8 10 -9 12 -10 -1
right_child=1 3 -4 -5 -6 -7 7 9 11 -11 -12 -13 -14 -15
leaf_value=-0.0032196550208935409 0.0056414182250702841 -0.0091234978676695833 0.0021358056831371985 -0.0043939930942146306 0.028231431131290702 0.002795452177825522 0.00040474688216535676 -0.0059089810566092639 0.015972266181949815 -0.00092925134290440786 -0.044457087630163067 0.00076187759581388846 0.042537457669170442 5.8076292955376867e-05
leaf_weight=6980 491 1116 3677 12571 418 14087 4521 256 453 39864 115 231 175 595558
leaf_count=6980 491 1116 3677 12571 418 14087 4521 256 453 39864 115 231 175 595558
internal_value=-2.71621e-05 -0.00109533 0.00488967 -0.00155817 0.0160293 8.35097e-05 -0.000795305 -0.000591551 0.00310137 -0.00108535 -0.0178579 0.0172939 0.023375 2.0106e-05
internal_weight=680513 63888 4586 59302 909 616625 46731 45615 5380 40235 371 859 628 602538
internal_count=680513 63888 4586 59302 909 616625 46731 45615 5380 40235 371 859 628 602538
is_linear=0
shrinkage=0.05


Tree=79
num_leaves=15
num_cat=0
split_feature=6 14 2 4 14 13 14 14 17 0 13 3 17 15
split_gain=23.6323 57.6431 37.2571 27.1526 42.5228 41.6451 43.9259 38.5982 39.8029 41.3116 42.6669 37.7372 36.4142 32.4294
threshold=0.06219803944450928 0.50099304963867597 0.90034374409374418 0.6369910644540554 0.50058241296029971 0.32562174409476924 0.50057736797541197 0.50059488420814235 0.4758550330353673 0.14773610914746221 0.76633232263719853 0.0055020736838918673 0.44188093678349172 0.9742048437989258
decision_type=2 2 2 2 2 2 2 2 2 2 2 2 2 2
left_child=1 -1 -3 7 5 6 -5 8 9 10 -2 12 -6 -10
right_child=3 2 -4 4 11 -7 -8 -9 13 -11 -12 -13 -14 -15
leaf_value=-0.0035611819908587697 0.01345560041928439 0.0014743243962661652 -0.0055165738617000276 0.0056005667914708415 2.1278379218918937e-05 0.00037775200889599659 0.023632840469244937 0.00042070970997144103 -0.0036808975511499393 -0.00091147694926085529 -0.0099015221480862961 -0.000489511952353248 0.035397523151348448 -0.023498660152263817
leaf_weight=15290 1018 15655 2170 2562 147 4632 389 382326 9528 6592 242 239519 144 211
leaf_count=15290 1018 15655 2170 2562 147 4632 389 382326 9528 6592 242 239519 144 211
internal_value=-6.0032e-06 -0.0013088 0.000623259 6.06451e-05 -0.000351083 0.0033353 0.00797758 0.000315345 -0.00197468 0.000674118 0.00896955 -0.00046765 0.017527 -0.00411026
internal_weight=680425 33115 17825 647310 247393 7583 2951 399917 17591 7852 1260 239810 291 9739
internal_count=680425 33115 17825 647310 247393 7583 2951 399917 17591 7852 1260 239810 291 9739
is_linear=0
shrinkage=0.05


Tree=80
num_leaves=15
num_cat=0
split_feature=5 14 2 2 1 8 6 1 16 16 14 4 16 17
split_gain=32.5227 51.0315 32.4665 41.7035 32.5645 29.1919 27.0868 35.8245 44.2032 30.9162 26.3581 25.4052 24.3804 28.0671
threshold=0.99000713266761775 0.50099304963867597 0.99772208385222094 0.97016096909487115 0.2225450507435833 0.94689243597866313 0.96978704734309773 0.6529909600263667 0.72273147370189894 0.77789757694400152 0.5006958945610781 0.82547823132807208 0.35830140576944242 0.4409342502515935
decision_type=2 2 2 2 2 2 2 2 2 2 2 2 2 2
left_child=12 2 3 6 -5 -4 7 -2 11 -8 -11 -9 13 -1
right_child=1 -3 5 4 -6 -7 9 8 -10 10 -12 -13 -14 -15
leaf_value=-0.00038559565593213535 0.013475539641998088 -0.00041572186432157376 -0.023174715927483418 0.038802755194214673 0.013480291812509535 0.0056816203897629963 0.010685347499823568 -0.0044352819846773693 0.010994966669196348 -0.0018571265476445356 -0.035137190320134418 -0.036152792153618878 -0.00020613036195726311 0.00078338338923995398
leaf_weight=74311 960 4259 152 143 1132 207 149 154 287 120 118 107 431397 166169
leaf_count=74311 960 4259 152 143 1132 207 149 154 287 120 118 107 431397 166169
internal_value=5.59853e-05 0.00326852 0.00771487 0.00932879 0.0163204 -0.0065361 0.00462468 0.00765298 -0.00254713 -0.00717552 -0.0183573 -0.0174382 1.87475e-05 0.000422156
internal_weight=679665 7788 3529 3170 1275 359 1895 1508 548 387 238 261 671877 240480
internal_count=679665 7788 3529 3170 1275 359 1895 1508 548 387 238 261 671877 240480
is_linear=0
shrinkage=0.05


Tree=81
num_leaves=15
num_cat=0
split_feature=5 14 17 3 11 17 7 1 9 16 14 14 14 3
split_gain=30.9968 40.6786 34.6805 35.7775 31.7706 29.9783 40.7319 29.9001 40.6502 28.4234 29.655 29.59 27.6064 25.4298
threshold=0.98612074279550022 0.50122100304132633 0.47340009323077953 0.53884103462539856 0.24713241714210535 0.40971375742356481 0.27124844539705223 0.7676729703045494 0.82535548217534893 0.84831395410237731 0.50059988023986579 0.50058754487710588 0.50084602611085682 0.90074257880709496
decision_type=2 2 2 2 2 2 2 2 2 2 2 2 2 2
left_child=9 2 5 4 -4 6 7 8 12 13 11 -11 -2 -1
right_child=1 -3 3 -5 -6 -7 -8 -9 -10 10 -12 -13 -14 -15
leaf_value=0.00016074467549493496 0.028683499513044171 -0.0011738591163381197 -0.01380401741987204 -0.0091202407835635681 0.010184013701766227 0.011937456253662534 0.00073450914378826856 -0.0031093941945348124 0.051296131089329726 0.00069178749183273483 -0.0010514996234031657 0.0098104246349292341 -0.0038397422316484154 -0.0010016024840770001
leaf_weight=518631 143 4149 170 746 734 2051 2070 139 100 3465 94910 1197 120 51751
leaf_count=518631 143 4149 170 746 734 2051 2070 139 100 3465 94910 1197 120 51751
internal_value=-3.86956e-05 0.00266713 0.00520759 -0.00101534 0.00567299 0.00742863 0.00383313 0.0166103 0.0241614 -8.07883e-05 -0.000860259 0.00303306 0.013844 5.52844e-05
internal_weight=680376 10422 6273 1650 904 4623 2572 502 363 669954 99572 4662 263 570382
internal_count=680376 10422 6273 1650 904 4623 2572 502 363 669954 99572 4662 263 570382
is_linear=0
shrinkage=0.05


Tree=82
num_leaves=15
num_cat=0
split_feature=16 5 14 14 1 14 14 14 4 14 6 15 3 2
split_gain=28.4897 27.0098 89.3902 47.8685 38.9232 33.1166 32.8212 40.3865 31.5948 27.6191 49.5909 39.9005 35.1746 44.0787
threshold=0.86782325794708648 0.76867200579636752 0.50089206137000264 0.5005112479782704 0.91590701346185821 0.50089686170794656 0.50083542247111978 0.50082987609020246 0.14085904314777556 0.50104275400139187 0.091877704476129682 0.76360384679200022 0.90074257880709496 0.9818308786185882
decision_type=2 2 2 2 2 2 2 2 2 2 2 2 2 2
left_child=1 9 3 -3 6 -4 7 -5 -8 10 -1 -12 -11 -14
right_child=-2 2 5 4 -6 -7 8 -9 -10 12 11 -13 13 -15
leaf_value=-0.0024485009448387812 -0.00079351969838659933 -0.011617850226605416 -0.013337899451862862 0.0027745617305516695 -0.0018644724878358297 -0.00017551551199569086 0.017717823761883252 -0.011169527649504586 0.0053581789422514695 0.00056004532614784138 0.00023564779320459588 -0.0013668504558796112 -0.0014245194773586838 -0.017612411886430993
leaf_weight=25974 90891 591 481 35417 4242 73628 567 527 5871 208297 167017 50616 15827 432
leaf_count=25974 90891 591 481 35417 4242 73628 567 527 5871 208297 167017 50616 15827 432
internal_value=3.04587e-05 0.000157505 0.000822348 0.00252269 0.00270194 -0.000260945 0.00315899 0.00257012 0.0064467 -1.47883e-05 -0.000383506 -0.000137053 0.000385211 -0.00185463
internal_weight=680378 589487 121324 47215 46624 74109 42382 35944 6438 468163 243607 217633 224556 16259
internal_count=680378 589487 121324 47215 46624 74109 42382 35944 6438 468163 243607 217633 224556 16259
is_linear=0
shrinkage=0.05


Tree=83
num_leaves=15
num_cat=0
split_feature=5 3 14 14 14 5 6 2 4 16 1 6 14 2
split_gain=26.0516 46.4978 35.3668 30.4177 43.3117 28.5582 27.3018 27.0557 28.701 26.9128 26.1519 25.8401 41.5144 31.064
threshold=0.89638119097778624 0.084853526950032787 0.50069300102581449 0.50070771443797568 0.50072621679549068 0.99764982049157702 0.36606636127776881 0.95069879988715045 0.85682573002591933 0.99772208385222094 0.9513696761136673 0.55560887182768193 0.50068073550946279 0.98940838226621208
decision_type=2 2 2 2 2 2 2 2 2 2 2 2 2 2
left_child=-1 5 10 7 -5 11 -6 8 -4 -8 -3 12 -2 -13
right_child=1 2 3 4 6 -7 9 -9 -10 -11 -12 13 -14 -15
leaf_value=-8.0055196029142088e-05 0.038469611455592474 0.0039042066054207868 0.0027383074311017478 0.0085157936203651054 0.012783271581448669 0.019202239576824903 -0.00028503915017079253 -0.025448558770585807 -0.014112353078473383 0.0078824078580633835 -0.0060972995923887861 0.0038432635382352545 0.0075826855784774704 -0.01023000032770403
leaf_weight=609002 119 9666 578 1529 413 343 50922 184 449 1029 701 3671 1268 439
leaf_count=609002 119 9666 578 1529 413 343 50922 184 449 1029 701 3671 1268 439
internal_value=2.58219e-05 0.000930021 0.000548701 4.46453e-05 0.000220741 0.00520492 -2.14704e-05 -0.00779211 -0.00462873 -0.000123265 0.00322792 0.00433152 0.0102327 0.00234006
internal_weight=680313 71311 65471 55104 53893 5840 52364 1211 1027 51951 10367 5497 1387 4110
internal_count=680313 71311 65471 55104 53893 5840 52364 1211 1027 51951 10367 5497 1387 4110
is_linear=0
shrinkage=0.05


Tree=84
num_leaves=15
num_cat=0
split_feature=10 2 11 6 10 11 14 14 8 3 3 6 14 3
split_gain=27.5831 23.5099 21.9778 21.8479 21.9958 37.9702 35.1867 25.2412 39.9338 29.6639 26.5114 24.2101 50.2395 40.88
threshold=0.013076645386836908 0.80597986629353247 0.6713519066639847 0.95767784966003233 0.92311433702484302 0.96703638401399605 0.50058754487710588 0.50207901106500696 0.93152105951230613 0.0055020736838918673 0.99387910888817088 0.19120669005946253 0.50135318245074345 0.0055020736838918673
decision_type=2 2 2 2 2 2 2 2 2 2 2 2 2 2
left_child=1 -1 -3 4 5 11 -6 9 -9 -7 -11 12 -2 -14
right_child=3 2 -4 -5 6 7 -8 8 -10 10 -12 -13 13 -15
leaf_value=-0.001035832647237993 -0.0012662316883648168 -0.0092185378299728862 0.0020776832787268752 -0.0018253674697780665 0.0061014544870814048 0.029965512135945189 -0.0011615692528569568 0.00055825628384409821 -0.01922590671849074 0.0032627412244962276 0.02782292282166849 0.00025139425049896142 -0.016531869816262219 0.0011472336685514088
leaf_weight=5281 78680 2051 545 15582 1725 107 50086 1884 295 10867 111 476535 330 35810
leaf_count=5281 78680 2051 545 15582 1725 107 50086 1884 295 10867 111 476535 330 35810
internal_value=-9.43153e-06 -0.00295101 -0.00684703 2.50482e-05 6.89725e-05 0.000153698 -0.000919754 0.00279938 -0.00212019 0.00376643 0.00351107 9.43561e-05 -0.000557396 0.000985803
internal_weight=679889 7877 2596 672012 656430 604619 51811 13264 2179 11085 10978 591355 114820 36140
internal_count=679889 7877 2596 672012 656430 604619 51811 13264 2179 11085 10978 591355 114820 36140
is_linear=0
shrinkage=0.05


Tree=85
num_leaves=15
num_cat=0
split_feature=11 2 14 13 5 6 14 9 5 6 13 14 5 0
split_gain=25.3869 34.8703 38.3366 36.2886 32.8608 31.7425 30.9239 67.8484 59.4766 49.8414 50.737 46.7816 39.3614 34.8918
threshold=0.47501733703190019 0.66346920623236427 0.50090991886073855 0.49974306269270302 0.48002849002849007 0.86126770628215732 0.50162602055924543 0.18289098096247422 0.80682487418353144 0.96117496553844328 0.57214347724464931 0.50087719568235067 0.99000713266761775 0.025371514750239098
decision_type=2 2 2 2 2 2 2 2 2 2 2 2 2 2
left_child=1 2 4 -4 -1 -5 8 -8 -2 10 11 12 -10 -14
right_child=6 -3 3 5 -6 -7 7 -9 9 -11 -12 -13 13 -15
leaf_value=-0.0016830826400486719 0.00017750495051014589 -0.0010519197368859107 -0.00060512382285404396 0.0015337060433296375 0.00023948237879577183 -0.0013787058237316114 0.0029434782246724289 -0.0011848451194431484 0.0044699740857889851 -0.0027532119120345535 -0.0002140082997780609 0.0016657922611787905 0.03876404190714669 0.010951186585676103
leaf_weight=45212 219160 103375 41787 77720 43716 10636 11713 66216 18620 5170 14101 21928 127 1006
leaf_count=45212 219160 103375 41787 77720 43716 10636 11713 66216 18620 5170 14101 21928 127 1006
internal_value=2.682e-05 -0.000294992 6.21857e-05 0.000608941 -0.000737971 0.00118312 0.000316639 -0.000564344 0.000561734 0.00194328 0.00237856 0.00325564 0.00502055 0.0140688
internal_weight=680487 322446 219071 130143 88928 88356 358041 77929 280112 60952 55782 41681 19753 1133
internal_count=680487 322446 219071 130143 88928 88356 358041 77929 280112 60952 55782 41681 19753 1133
is_linear=0
shrinkage=0.05


Tree=86
num_leaves=15
num_cat=0
split_feature=15 17 11 7 8 14 14 6 5 16 17 11 2 1
split_gain=20.1271 22.4952 28.3513 21.2291 46.9545 33.5469 43.0782 37.3808 40.9541 50.839 36.1246 31.5884 31.1111 31.1678
threshold=0.0092111996983246253 0.47937637980272624 0.080960305796815804 0.021341798111308097 0.9507958882458688 0.50103842271892074 0.50222718253968268 0.80803860941263672 0.073403596912771249 0.096926805020504547 0.43536768319495106 0.89970388651686395 0.95463324422172768 0.39667537491522026
decision_type=2 2 2 2 2 2 2 2 2 2 2 2 2 2
left_child=1 -1 -3 4 -2 7 10 8 9 -6 -7 -12 -10 -14
right_child=3 2 -4 -5 5 6 -8 -9 12 -11 11 -13 13 -15
leaf_value=0.00067763946937949616 -0.0035363449364060255 -0.014045483165863135 0.0092832361693977981 -2.9870212679907055e-06 -0.027308545747214474 -0.020998691811054283 0.016015434416112841 -0.019988591030526623 0.0067124729913060196 0.0095036431145279418 -0.0062012783867951169 0.020124721824676312 0.044472807774863517 0.01744269812265083
leaf_weight=3487 10530 141 1706 661193 132 314 256 104 401 324 519 146 150 369
leaf_count=3487 10530 141 1706 661193 132 314 256 104 401 324 519 146 150 369
internal_value=-1.84948e-05 0.00304082 0.00750232 -4.26903e-05 -0.00202469 0.0038382 -0.00224607 0.00891528 0.0110999 -0.00115252 -0.00702129 -0.000421435 0.0171728 0.0252549
internal_weight=679772 5334 1847 674438 13245 2715 1235 1480 1376 456 979 665 920 519
internal_count=679772 5334 1847 674438 13245 2715 1235 1480 1376 456 979 665 920 519
is_linear=0
shrinkage=0.05


Tree=87
num_leaves=15
num_cat=0
split_feature=5 7 8 3 16 16 3 17 12 3 6 16 9 7
split_gain=26.2941 28.2671 33.1731 35.5717 29.2948 27.3312 27.3283 31.3354 28.5239 27.263 34.0531 29.6865 29.152 28.3503
threshold=0.98612074279550022 0.021341798111308097 0.97061363405465817 0.068745946822308709 0.90338001044522798 0.82878185918905134 0.9628261856137964 0.44715683023872682 0.98406899031343864 0.053063631112822494 0.61212678253119435 0.9937849572015699 0.89191246040561112 0.16412793800320194
decision_type=2 2 2 2 2 2 2 2 2 2 2 2 2 2
left_child=1 2 -1 4 5 -4 -3 -8 -9 11 13 12 -2 -11
right_child=9 6 3 -5 -6 -7 7 8 -10 10 -12 -13 -14 -15
leaf_value=-0.0033513980430034136 0.009307737402431987 4.8172385090263739e-05 0.0086040135443699716 -0.014338027978348628 -0.0042026419722255848 0.035227367539686659 -0.0028443565189230609 0.00069609037162277065 0.02407545939042352 -0.028077782540125135 0.0024293878186743088 -0.011016608912420151 0.032637758736884029 -0.0030332287806202965
leaf_weight=11318 581 632858 973 228 429 107 16839 6836 133 161 8941 132 174 379
leaf_count=11318 581 632858 973 228 429 107 16839 6836 133 161 8941 132 174 379
internal_value=-2.15087e-05 -6.01914e-05 -0.00236401 0.00406968 0.00685096 0.0112417 -1.43899e-05 -0.0016774 0.00114227 0.0024772 0.00169297 0.0108597 0.0146845 -0.0105002
internal_weight=680089 669721 13055 1737 1509 1080 656666 23808 6969 10368 9481 887 755 540
internal_count=680089 669721 13055 1737 1509 1080 656666 23808 6969 10368 9481 887 755 540
is_linear=0
shrinkage=0.05


Tree=88
num_leaves=15
num_cat=0
split_feature=0 14 14 11 1 13 14 14 13 5 10 14 14 6
split_gain=21.1749 27.9652 29.9592 22.1729 35.4994 34.1933 48.3222 33.0669 91.1552 59.7662 53.0434 49.8319 46.2537 51.6094
threshold=0.93475727171379364 0.50057736797541197 0.50057142931778531 0.40825361817636086 0.096563685082998396 0.65534614312149875 0.50090991886073855 0.50090991886073855 0.5002634351949421 0.65070672260513451 0.92735560108441473 0.50073152928685805 0.50064226102279974 0.44869390254570912
decision_type=2 2 2 2 2 2 2 2 2 2 2 2 2 2
left_child=3 2 -2 4 -1 -6 -7 8 9 11 -11 12 13 -5
right_child=1 -3 -4 7 5 6 -8 -9 -10 10 -12 -13 -14 -15
leaf_value=0.0015681006441106459 -0.0047701556665887502 -0.0008050961893933692 -0.025061789367373018 -0.00085861211057254052 -0.00095899196875028493 -0.0010651718179418177 0.0011841196654894328 -3.2767992627502018e-05 -0.00059335634874419071 0.0040926197083798544 -0.0021045362850178303 0.0023347434785158994 -0.0023747919641660502 0.0063345773989506131
leaf_weight=24315 987 44136 223 6546 134309 40339 58514 225048 60035 33479 3850 27896 16104 4028
leaf_count=24315 987 44136 223 6546 134309 40339 58514 225048 60035 33479 3850 27896 16104 4028
internal_value=3.31203e-05 -0.00101069 -0.00850985 0.000107723 -0.000249938 -0.00043953 0.00026625 0.000352001 0.000921914 0.00191175 0.00345346 0.000857213 -0.000687774 0.00188152
internal_weight=679809 45346 1210 634463 257477 233162 98853 376986 151938 91903 37329 54574 26678 10574
internal_count=679809 45346 1210 634463 257477 233162 98853 376986 151938 91903 37329 54574 26678 10574
is_linear=0
shrinkage=0.05


Tree=89
num_leaves=15
num_cat=0
split_feature=17 14 16 14 2 14 2 0 11 16 7 14 1 6
split_gain=29.2357 25.4981 30.5553 24.4272 29.0612 38.0854 31.5611 28.0633 28.027 25.6679 34.4036 25.4599 24.0629 23.83
threshold=0.27446680080482905 0.5005112479782704 0.87160717076328897 0.500798085105299 0.58066348973607051 0.50053909624800641 0.9818308786185882 0.017257925739625393 0.044932847612359557 0.66088870447738424 0.97469296262808924 0.50088574028745381 0.57095966395605591 0.17210258040893414
decision_type=2 2 2 2 2 2 2 2 2 2 2 2 2 2
left_child=1 2 -1 4 -3 -6 9 -5 -9 10 -7 -10 -8 -2
right_child=13 3 -4 7 5 6 12 8 11 -11 -12 -13 -14 -15
leaf_value=0.0012529664392374831 -0.00059244321904543457 -0.0011569273427881916 0.034635576710350953 0.01358375234590403 -0.03366548566458126 0.00057858970023722781 0.02841221580914546 -0.0098057211330651595 0.0046926096948073232 -0.0088510042678627589 -0.016682188580524188 -0.0009989549013709883 -0.00029133552103303371 0.00020592763270725883
leaf_weight=194 113307 7730 106 351 120 1945 115 806 2253 3365 339 15364 200 533764
leaf_count=194 113307 7730 106 351 120 1945 115 806 2253 3365 339 15364 200 533764
internal_value=-7.78734e-06 -0.00146205 0.0130482 -0.00159563 -0.00319149 -0.0057765 -0.00521536 -0.000421381 -0.000688211 -0.00607427 -0.00198332 -0.000271073 0.0101877 6.61269e-05
internal_weight=679959 32888 300 32588 13814 6084 5964 18774 18423 5649 2284 17617 315 647071
internal_count=679959 32888 300 32588 13814 6084 5964 18774 18423 5649 2284 17617 315 647071
is_linear=0
shrinkage=0.05


Tree=90
num_leaves=15
num_cat=0
split_feature=5 11 14 14 14 6 8 3 7 9 0 0 5 3
split_gain=28.3955 48.8865 32.7403 35.7995 45.0542 33.8025 30.6467 30.0982 29.1666 34.1455 71.3335 41.4493 29.1454 29.1411
threshold=0.93903324011469447 0.16461403033586133 0.50069300102581449 0.50070771443797568 0.50071174413279684 0.87730576893334034 0.98603073183242462 0.017584732324086607 0.021341798111308097 0.59303023534995403 0.009305418109846612 0.096306788374777061 0.58744693971633344 0.9785618536959021
decision_type=2 2 2 2 2 2 2 2 2 2 2 2 2 2
left_child=8 6 7 -4 -5 -6 -2 -3 9 11 -11 12 -1 -10
right_child=1 2 3 4 5 -7 -8 -9 13 10 -12 -13 -14 -15
leaf_value=-0.01862984936153075 -0.00230520827762115 0.030399463937068601 -0.010275213467097895 0.025879011859564968 0.0028994169670740616 -0.00044280966092240736 -0.018409744251347417 0.004783848737955048 -1.2637245914693598e-05 0.028934186723615442 -0.00077647380391085495 -0.0031367222480724976 -0.0011728640071265622 -0.0026361451529009071
leaf_weight=823 4990 117 662 188 16073 14292 314 5772 615424 210 5321 5375 337 10770
leaf_count=823 4990 117 662 188 16073 14292 314 5772 615424 210 5321 5375 337 10770
internal_value=-2.14338e-05 0.00123142 0.00187327 0.00122815 0.0014774 0.00132632 -0.00325861 0.00529277 -0.000104678 -0.00253961 0.000351575 -0.00498661 -0.0135583 -5.77593e-05
internal_weight=680668 42408 37104 31215 30553 30365 5304 5889 638260 12066 5531 6535 1160 626194
internal_count=680668 42408 37104 31215 30553 30365 5304 5889 638260 12066 5531 6535 1160 626194
is_linear=0
shrinkage=0.05


Tree=91
num_leaves=15
num_cat=0
split_feature=3 7 0 14 14 14 17 10 11 2 9 0 14 17
split_gain=27.6049 35.1645 36.7171 37.8979 32.9985 32.2592 28.3232 24.8797 25.1572 27.9797 23.7114 31.8279 23.0319 25.6678
threshold=0.43234808774995154 0.29112727620779599 0.43218941257953508 0.50053909624800641 0.5005112479782704 0.50056657387481329 0.30585360172516141 0.95480637775691402 0.95915386418358883 0.25440559578443028 0.61611829238340421 0.009305418109846612 0.50082987609020246 0.24660780693046394
decision_type=2 2 2 2 2 2 2 2 2 2 2 2 2 2
left_child=1 5 3 4 -3 -1 12 8 9 -2 11 -5 13 -7
right_child=7 2 -4 10 -6 6 -8 -9 -10 -11 -12 -13 -14 -15
leaf_value=-0.0052819690714081867 0.00045387433219041672 0.0025139097325041189 0.00025228632122909102 0.017700855132646163 0.025423361645410175 -0.00063973787806349011 0.00011807190387197922 -0.0020907226756431635 0.0020587521154153726 -0.00055026417543987797 0.00059086243991220025 0.0025963669467391919 -0.00062139814327616947 -0.0095148729425191675
leaf_weight=2973 94327 308 70714 353 321 1340 159708 18453 11833 262245 21417 29089 4619 2078
leaf_count=2973 94327 308 70714 353 321 1340 159708 18453 11833 262245 21417 29089 4619 2078
internal_value=-2.18483e-05 0.00034432 0.000991833 0.00200753 0.0142054 -0.000119177 -2.76751e-05 -0.000299103 -0.000209363 -0.000284631 0.00185667 0.00277746 -0.0029239 -0.00603545
internal_weight=679778 292920 122202 51488 629 170718 167745 386858 368405 356572 50859 29442 8037 3418
internal_count=679778 292920 122202 51488 629 170718 167745 386858 368405 356572 50859 29442 8037 3418
is_linear=0
shrinkage=0.05


Tree=92
num_leaves=15
num_cat=0
split_feature=10 14 2 17 5 6 2 17 6 10 0 8 14 14
split_gain=31.5542 25.1769 23.3815 22.5538 21.5703 26.1387 20.9096 22.0298 35.4535 34.6728 29.4646 37.6849 34.3667 64.4881
threshold=0.013076645386836908 0.50217865957850771 0.52547538916548475 0.42604025951787522 0.11689888347686951 0.58370207211616909 0.16783709943089353 0.72548090839714752 0.1761266688885281 0.92311433702484302 0.61350522301442556 0.71520480584560375 0.50099304963867597 0.50100502614078046
decision_type=2 2 2 2 2 2 2 2 2 2 2 2 2 2
left_child=1 2 -1 4 -4 -6 -2 8 -8 10 11 -10 -13 -14
right_child=6 -3 3 -5 5 -7 7 -9 9 -11 -12 12 13 -15
leaf_value=-0.00049353095091751503 0.00062212750566372399 0.0054255206523804826 -0.023765956271941273 -0.0035436729333376432 -0.00040863409397118365 -0.014202424814192519 -0.0014190925798362203 0.00053390006696501515 0.00080903262858089361 -0.0017331578692471518 -0.00057642537303105763 0.0005367133561675866 -0.015588412999766869 -0.0012596400899769454
leaf_weight=2778 112027 770 273 2732 592 818 59002 103074 157310 30230 129960 38899 801 39905
leaf_count=2778 112027 770 273 2732 592 818 59002 103074 157310 30230 129960 38899 801 39905
internal_value=-3.84831e-05 -0.00316744 -0.0040873 -0.00634857 -0.0109017 -0.00841099 -1.36222e-06 -0.000126273 -0.000275463 -0.000105542 2.85711e-05 0.000360443 -0.00052603 -0.0015416
internal_weight=679171 7963 7193 4415 1683 1410 671208 559181 456107 397105 366875 236915 79605 40706
internal_count=679171 7963 7193 4415 1683 1410 671208 559181 456107 397105 366875 236915 79605 40706
is_linear=0
shrinkage=0.05


Tree=93
num_leaves=15
num_cat=0
split_feature=16 3 14 6 13 4 2 10 6 12 13 14 0 10
split_gain=19.1402 21.7557 20.8151 44.5572 49.0183 31.6686 27.1936 24.6022 23.711 23.5486 21.7212 24.2573 23.9372 20.9082
threshold=0.29516561832765892 0.69271178256070653 0.50079681325490932 0.44869390254570912 0.15899270735543716 0.16462131610993261 0.77892740404516203 0.91545382070548553 0.49479467726396925 0.74338560654771912 0.61254864253963148 0.50220751627616866 0.092364898590943031 0.092229811837241146
decision_type=2 2 2 2 2 2 2 2 2 2 2 2 2 2
left_child=2 -2 3 6 5 8 13 -8 -5 -10 -4 -12 -13 -1
right_child=1 -3 10 4 -6 -7 7 -9 9 -11 11 12 -14 -15
leaf_value=-0.0054588394451465178 7.5321637399780613e-05 -0.00065751195128980989 -0.00033656475049793081 0.032441565248979953 0.0018030867447215064 0.0055755438992502676 0.0018004208426070898 0.012756280144878056 0.016623846716795336 -0.0067065136135055648 0.00043838514547623063 0.012211930168739902 0.002567721331568117 -0.00030452438576476543
leaf_weight=2149 335415 145081 93157 179 18840 3643 8330 546 544 135 39904 698 8225 23295
leaf_count=2149 335415 145081 93157 179 18840 3643 8330 546 544 135 39904 698 8225 23295
internal_value=2.50232e-05 -0.00014595 0.000436514 0.00123765 0.00292305 0.00761092 9.14188e-05 0.00247436 0.016253 0.0119853 0.000111163 0.000965383 0.00332214 -0.000739858
internal_weight=680141 480496 199645 57661 23341 4501 34320 8876 858 679 141984 48827 8923 25444
internal_count=680141 480496 199645 57661 23341 4501 34320 8876 858 679 141984 48827 8923 25444
is_linear=0
shrinkage=0.05


Tree=94
num_leaves=15
num_cat=0
split_feature=17 1 14 8 16 12 8 11 17 14 2 9 3 14
split_gain=23.6159 23.7652 23.3706 25.7488 48.276 35.0322 24.2733 22.407 43.0618 57.7475 55.3727 51.8818 40.5048 33.8019
threshold=0.27446680080482905 0.96275833688959345 0.5005112479782704 0.96660404780409948 0.96232702857610752 0.94550845385314053 0.4746437115718895 0.70647398332353484 0.33997502800597468 0.50106044657958193 0.89641248391248396 0.63573484504189903 0.20424967548958747 0.50084602611085682
decision_type=2 2 2 2 2 2 2 2 2 2 2 2 2 2
left_child=2 7 6 -4 5 -5 -1 -2 9 10 -9 -12 -10 -13
right_child=1 -3 3 4 -6 -7 -8 8 12 -11 11 13 -14 -15
leaf_value=-0.0031765350593223746 -6.7738231495360717e-05 -0.0014453346790063387 -0.0011485757364422791 -0.0077430535767153644 -0.026609235127249161 0.01616888097930877 0.025951607299693303 0.0040884882470608079 0.0017994692966113029 -0.00055880125456776578 0.0034252692220015598 0.015557730382680669 -6.5788136856688174e-05 0.038246865489996069
leaf_weight=130 438306 25010 31347 808 283 189 159 8488 37489 6608 504 414 130145 272
leaf_count=130 438306 25010 31347 808 283 189 159 8488 37489 6608 504 414 130145 272
internal_value=-5.59585e-07 6.58822e-05 -0.00130702 -0.00143241 -0.0083835 -0.0032101 0.012849 0.000126625 0.000589817 0.00304439 0.0055046 0.0156054 0.000351351 0.024554
internal_weight=680152 647236 32916 32627 1280 997 289 622226 183920 16286 9678 1190 167634 686
internal_count=680152 647236 32916 32627 1280 997 289 622226 183920 16286 9678 1190 167634 686
is_linear=0
shrinkage=0.05


end of trees

feature_importances:
Column_14=236
Column_3=109
Column_0=102
Column_8=101
Column_17=93
Column_5=91
Column_1=71
Column_6=64
Column_9=60
Column_2=58
Column_13=58
Column_16=56
Column_10=52
Column_4=50
Column_11=47
Column_15=43
Column_7=29
Column_12=10

parameters:
[boosting: gbdt]
[objective: regression]
[metric: l2]
[tree_learner: serial]
[device_type: cpu]
[data_sample_strategy: bagging]
[data: ]
[valid: ]
[num_iterations: 95]
[learning_rate: 0.05]
[num_leaves: 15]
[num_threads: 6]
[seed: 1]
[deterministic: 0]
[force_col_wise: 0]
[force_row_wise: 0]
[histogram_pool_size: -1]
[max_depth: -1]
[min_data_in_leaf: 100]
[min_sum_hessian_in_leaf: 0.001]
[bagging_fraction: 0.8]
[pos_bagging_fraction: 1]
[neg_bagging_fraction: 1]
[bagging_freq: 1]
[bagging_seed: 18467]
[bagging_by_query: 0]
[feature_fraction: 0.8]
[feature_fraction_bynode: 1]
[feature_fraction_seed: 26500]
[extra_trees: 0]
[extra_seed: 15724]
[early_stopping_round: 0]
[early_stopping_min_delta: 0]
[first_metric_only: 0]
[max_delta_step: 0]
[lambda_l1: 0]
[lambda_l2: 0]
[linear_lambda: 0]
[min_gain_to_split: 0]
[drop_rate: 0.1]
[max_drop: 50]
[skip_drop: 0.5]
[xgboost_dart_mode: 0]
[uniform_drop: 0]
[drop_seed: 6334]
[top_rate: 0.2]
[other_rate: 0.1]
[min_data_per_group: 100]
[max_cat_threshold: 32]
[cat_l2: 10]
[cat_smooth: 10]
[max_cat_to_onehot: 4]
[top_k: 20]
[monotone_constraints: ]
[monotone_constraints_method: basic]
[monotone_penalty: 0]
[feature_contri: ]
[forcedsplits_filename: ]
[refit_decay_rate: 0.9]
[cegb_tradeoff: 1]
[cegb_penalty_split: 0]
[cegb_penalty_feature_lazy: ]
[cegb_penalty_feature_coupled: ]
[path_smooth: 0]
[interaction_constraints: ]
[verbosity: -1]
[saved_feature_importance_type: 0]
[use_quantized_grad: 0]
[num_grad_quant_bins: 4]
[quant_train_renew_leaf: 0]
[stochastic_rounding: 1]
[linear_tree: 0]
[max_bin: 255]
[max_bin_by_feature: ]
[min_data_in_bin: 3]
[bin_construct_sample_cnt: 200000]
[data_random_seed: 41]
[is_enable_sparse: 1]
[enable_bundle: 1]
[use_missing: 1]
[zero_as_missing: 0]
[feature_pre_filter: 1]
[pre_partition: 0]
[two_round: 0]
[header: 0]
[label_column: ]
[weight_column: ]
[group_column: ]
[ignore_column: ]
[categorical_feature: ]
[forcedbins_filename: ]
[precise_float_parser: 0]
[parser_config_file: ]
[objective_seed: 19169]
[num_class: 1]
[is_unbalance: 0]
[scale_pos_weight: 1]
[sigmoid: 1]
[boost_from_average: 1]
[reg_sqrt: 0]
[alpha: 0.9]
[fair_c: 1]
[poisson_max_delta_step: 0.7]
[tweedie_variance_power: 1.5]
[lambdarank_truncation_level: 30]
[lambdarank_norm: 1]
[label_gain: ]
[lambdarank_position_bias_regularization: 0]
[eval_at: ]
[multi_error_top_k: 1]
[auc_mu_weights: ]
[num_machines: 1]
[local_listen_port: 12400]
[time_out: 120]
[machine_list_filename: ]
[machines: ]
[gpu_platform_id: -1]
[gpu_device_id: -1]
[gpu_device_id_list: ]
[gpu_use_dp: 0]
[num_gpu: 1]

end of parameters

pandas_categorical:null
