tree
version=v4
num_class=1
num_tree_per_iteration=1
label_index=0
max_feature_idx=17
objective=regression
feature_names=Column_0 Column_1 Column_2 Column_3 Column_4 Column_5 Column_6 Column_7 Column_8 Column_9 Column_10 Column_11 Column_12 Column_13 Column_14 Column_15 Column_16 Column_17
feature_infos=[0.0010405827263267431:1] [0.001006036217303823:1] [0.0010214504596527069:1] [0.0011363636363636363:1] [0.0010405827263267431:1] [0.0010214504596527069:1] [0.001152073732718894:1] [0.0010214504596527069:1] [0.0009727626459143969:1] [0.0011098779134295228:1] [0.001006036217303823:1] [0.0010214504596527069:1] [0.003787878787878788:1] [0.0010101010101010101:1] [0.5004863813229572:0.58333333333333337] [0.001006036217303823:1] [0.0010235414534288639:1] [0.013530135301353014:1]
tree_sizes=1597 1586 1597 1592 1586 1596 1590 1579 1585 1579 1595 1564 1594 1597 1587 1588 1582 1591 1609 1590 1600 1600 1606 1606 1603 1592 1590 1596 1603 1594 1598 1582 1600 1602 1584 1581 1613 1585 1559 1609 1605 1604 1583 1588 1571 1593 1559 1593 1545 1605 1611 1554 1609 1571 1585 1579 1556 1549 1587 1581 1566 1591 1547 1579 1562 1573 1554 1565 1568 1562 1600 1565 1585 1570 1573 1585 1577 1536 1565 1547 1591 1553 1507 1570 1550 1524 1569 1544 1571 1574 1585 1539 1533 1540 1533

Tree=0
num_leaves=15
num_cat=0
split_feature=1 15 1 8 9 1 17 4 1 8 14 9 14 16
split_gain=1859.08 424.949 337.606 180.617 130.908 83.1795 81.736 75.3036 72.0871 71.2048 66.6412 62.2035 64.636 60.8918
threshold=0.36422069516360039 0.04481462396279267 0.62720622495573586 0.2005438540060708 0.3980649388857686 0.84467858193586365 0.49814751286449405 0.67575540193904626 0.23055927911826038 0.66394000223040039 0.50058105772087635 0.4176972143777124 0.50111607698938243 0.84160689584507409
decision_type=2 2 2 2 2 2 2 2 2 2 2 2 2 2
left_child=1 4 13 -3 -1 -4 9 8 -5 -6 -9 12 -7 -2
right_child=2 3 5 7 6 11 -8 10 -10 -11 -12 -13 -14 -15
leaf_value=0.013415106220981052 -0.00048534594405403024 0.005153261030678812 -0.0029484847878075275 0.0032270022674625379 0.0079652786306844831 -0.0077354941172318829 0.011703779852350363 0.01043223815028488 0.00071843873488584614 0.0010901220703273232 -0.00027658475989764835 -0.0037313362772283518 -0.0039208360443216865 -0.0030331228926957186
leaf_weight=9327 150994 40118 148106 68111 7262 27048 5134 1490 49416 7823 58156 60862 18839 27764
leaf_count=9327 150994 40118 148106 68111 7262 27048 5134 1490 49416 7823 58156 60862 18839 27764
internal_value=-0.000575059 0.00288885 -0.00254691 0.00212385 0.00851492 -0.00371536 0.00625447 0.00143789 0.00217224 0.00439986 -9.07066e-06 -0.00477935 -0.00616938 -0.000881057
internal_weight=680450 246837 433613 217291 29546 254855 20219 177173 117527 15085 59646 106749 45887 178758
internal_count=680450 246837 433613 217291 29546 254855 20219 177173 117527 15085 59646 106749 45887 178758
is_linear=0
shrinkage=1


Tree=1
num_leaves=15
num_cat=0
split_feature=1 15 0 8 9 7 1 10 17 17 0 14 14 0
split_gain=1684.24 391.217 324.198 152.512 118.779 91.8116 84.1168 76.1871 65.9685 64.3752 59.7146 70.7076 59.6755 59.6721
threshold=0.38430635887901954 0.040570666304913072 0.70698299574893742 0.44002262443438916 0.3184870262000728 0.90416001064962737 0.24243464868464873 0.21177553894485973 0.39498805256869779 0.4658757523515713 0.25014029180695857 0.50069300102581449 0.50065574475404206 0.016766985042349976
decision_type=2 2 2 2 2 2 2 2 2 2 2 2 2 2
left_child=1 4 -2 6 13 9 -3 12 -5 -6 11 -10 -4 -1
right_child=2 3 7 8 5 -7 -8 -9 10 -11 -12 -13 -14 -15
leaf_value=0.02259742404111801 -0.00062479147303930757 0.0052772595420456613 -0.010815401763721975 -0.00042522964966501976 0.0055747767074876727 -0.0016210230566299812 0.0023140800778810602 -0.0028960374430666274 0.0069475929374612404 0.011669959878868911 0.00050948175135583779 0.0023086872767808585 -0.0046443013281421254 0.011844283028765369
leaf_weight=1786 219228 56257 4357 35497 9536 2664 41705 157297 9726 7938 37644 52853 38838 4647
leaf_count=1786 219228 56257 4357 35497 9536 2664 41705 157297 9726 7938 37644 52853 38838 4647
internal_value=5.79393e-06 0.00316595 -0.0019537 0.00251226 0.00891491 0.00702546 0.00401576 -0.0034068 0.00142704 0.00834367 0.00208308 0.00302966 -0.00526677 0.0148297
internal_weight=679973 260253 419720 233682 26571 20138 97962 200492 135720 17474 100223 62579 43195 6433
internal_count=679973 260253 419720 233682 26571 20138 97962 200492 135720 17474 100223 62579 43195 6433
is_linear=0
shrinkage=0.05


Tree=2
num_leaves=15
num_cat=0
split_feature=1 15 0 8 8 17 0 3 10 13 0 14 14 8
split_gain=1569.03 372.38 281.462 144.407 131.835 86.1355 79.6237 76.0833 75.2156 71.5746 61.3404 60.8265 53.2895 56.0203
threshold=0.37255539406920118 0.052848355326390546 0.67188614479315267 0.52613809751542906 0.20468459706480133 0.47937637980272624 0.016766985042349976 0.69235200283587395 0.21959766027370387 0.18270015058351113 0.076359158083296033 0.50066006629418314 0.50058105772087635 0.96284306752573012
decision_type=2 2 2 2 2 2 2 2 2 2 2 2 2 2
left_child=1 3 -2 6 -3 9 -1 10 11 -5 -6 -4 -9 -14
right_child=2 4 8 5 7 -7 -8 12 -10 -11 -12 -13 13 -15
leaf_value=0.018676604864510307 -0.00049663769974313341 0.0048986374324998371 -0.0098255212675149792 -0.0043627375067430548 0.0061734160429485927 0.0095880001811606622 0.0097203278882648982 0.0093048797986757751 -0.0025729588106143484 0.0046326200589479841 0.0021330511592135468 -0.0041707801721695328 0.00038913659169375307 -0.0065460901763633693
leaf_weight=3094 203627 41376 5320 2865 10283 6738 12537 1584 174070 9693 108645 44828 52441 3083
leaf_count=3094 203627 41376 5320 2865 10283 6738 12537 1584 174070 9693 108645 44828 52441 3083
internal_value=1.89833e-06 0.00312886 -0.00184236 0.00792103 0.00235901 0.0050274 0.0114931 0.00176209 -0.00306449 0.00258041 0.0024824 -0.00477067 0.000262031 4.05439e-06
internal_weight=680184 252339 427845 34927 217412 19296 15631 176036 224218 12558 118928 50148 57108 55524
internal_count=680184 252339 427845 34927 217412 19296 15631 176036 224218 12558 118928 50148 57108 55524
is_linear=0
shrinkage=0.05


Tree=3
num_leaves=15
num_cat=0
split_feature=1 1 0 8 3 8 14 0 3 16 5 2 5 10
split_gain=1399.02 320.042 262.474 193.728 123.967 99.8616 98.8758 97.2477 71.9462 70.6859 69.3232 80.6919 68.5872 63.3563
threshold=0.38430635887901954 0.068711904850215763 0.70698299574893742 0.85721949724095647 0.79091914722445711 0.33398247876213599 0.50071994277776632 0.016766985042349976 0.96649755634516477 0.92810877025178928 0.96298506143374885 0.25026310925978595 0.95134024069628842 0.19181490443071839
decision_type=2 2 2 2 2 2 2 2 2 2 2 2 2 2
left_child=1 3 10 7 5 -3 8 9 -5 -1 11 -2 -7 -4
right_child=2 4 13 6 -6 12 -8 -9 -10 -11 -12 -13 -14 -15
leaf_value=0.015723710683721592 0.00091242100781243902 0.0044628802533073463 -0.0049183827465641983 0.013379535240501148 -0.00018920392999163672 0.0015877269840367378 -0.0029969017247876667 0.0070595457601047313 -0.025587937723253164 -0.0011892505187453349 0.0033789282450920402 -0.0013651967674286997 0.0075978448927023065 -0.0026709035563478056
leaf_weight=5625 51644 54329 38935 1588 47649 107629 6612 30946 128 694 10405 157431 4966 161116
leaf_count=5625 51644 54329 38935 1588 47649 107629 6612 30946 128 694 10405 157431 4966 161116
internal_value=-1.20083e-05 0.00286858 -0.00179836 0.00667298 0.00206021 0.00270231 -0.00022143 0.00821375 0.0104729 0.0138662 -0.000604362 -0.000802598 0.0018528 -0.00310832
internal_weight=679697 260166 419531 45593 214573 166924 8328 37265 1716 6319 219480 209075 112595 200051
internal_count=679697 260166 419531 45593 214573 166924 8328 37265 1716 6319 219480 209075 112595 200051
is_linear=0
shrinkage=0.05


Tree=4
num_leaves=15
num_cat=0
split_feature=1 1 8 0 0 17 0 3 3 5 10 0 13 3
split_gain=1148.68 350.853 186.095 123.336 110.035 94.1304 97.8797 82.3628 72.5676 53.6892 51.5488 50.1955 49.4956 46.1093
threshold=0.52428167131795145 0.20707612606754242 0.50705129364117962 0.044380749944603573 0.8051320783949184 0.46670243204577971 0.012950701567806788 0.73219856101212044 0.89205124051101659 0.76668620554904277 0.41638976283785029 0.04034276204286668 0.35002850627137977 0.83382356757879095
decision_type=2 2 2 2 2 2 2 2 2 2 2 2 2 2
left_child=1 2 3 -1 9 -4 8 -3 -7 -2 -6 -9 -5 -14
right_child=4 7 5 12 10 6 -8 11 -10 -11 -12 -13 13 -15
leaf_value=0.011237054248004408 -0.0018462935324564834 0.0012959503013085245 0.00075147318839139776 0.0027544541455016328 -0.0044024476747706112 0.017811295830702518 0.0035674568854222391 0.014587223060974317 -0.010264021007377468 0.00012171993613613633 -0.0024097822638748895 -0.0010473661773364631 0.0067510658777615948 0.0020690818818221947
leaf_weight=9220 145770 157876 44366 17099 56159 1948 28394 518 261 45464 76895 57456 32226 6284
leaf_count=9220 145770 157876 44366 17099 56159 1948 28394 518 261 45464 76895 57456 32226 6284
internal_value=5.52743e-06 0.00196795 0.00391935 0.0058811 -0.00214666 0.00222294 0.00435617 0.000704092 0.0144941 -0.00137842 -0.00325084 -0.00090767 0.00499308 0.00598707
internal_weight=679936 355648 139798 64829 324288 74969 30603 215850 2209 191234 133054 57974 55609 38510
internal_count=679936 355648 139798 64829 324288 74969 30603 215850 2209 191234 133054 57974 55609 38510
is_linear=0
shrinkage=0.05


Tree=5
num_leaves=15
num_cat=0
split_feature=15 15 8 15 13 15 15 8 17 14 10 7 10 14
split_gain=1163.1 362.135 145.615 112.99 107.963 82.818 79.288 69.066 67.0356 56.094 53.3041 51.6435 49.4611 52.3492
threshold=0.50898742084176984 0.040570666304913072 0.34206314730560833 0.82514499312749356 0.21457500204960969 0.26576878892315142 0.24643729582629789 0.7420251310514957 0.39498805256869779 0.50064391527020402 0.19181490443071839 0.61605303555956625 0.41638976283785029 0.50066006629418314
decision_type=2 2 2 2 2 2 2 2 2 2 2 2 2 2
left_child=1 4 5 10 9 -3 8 -6 -4 -1 -2 -9 13 -5
right_child=3 2 6 12 7 -7 -8 11 -10 -11 -12 -13 -14 -15
leaf_value=0.018234883904508541 -0.0029333719371537736 0.0046589320491090998 -0.00029384040277523251 -0.0088909060786058047 0.011391777222137118 0.0018390084834853432 -4.4873712172496127e-06 0.008749492567579965 0.0027159156768826812 0.00056361870268340311 -0.00097352539947796312 -0.00054985832331603624 -0.0024057528189386722 -0.003883783040463436
leaf_weight=487 43507 48288 25029 5895 14090 56504 118001 3779 70927 5767 171278 2468 68457 45591
leaf_count=487 43507 48288 25029 5895 14090 56504 118001 3779 70927 5767 171278 2468 68457 45591
internal_value=4.32957e-05 0.00207905 0.00161139 -0.00205699 0.00768486 0.00313843 0.000863481 0.00945161 0.00193086 0.00193968 -0.00137051 0.0050756 -0.00328629 -0.00445708
internal_weight=680068 345340 318749 334728 26591 104792 213957 20337 95956 6254 214785 6247 119943 51486
internal_count=680068 345340 318749 334728 26591 104792 213957 20337 95956 6254 214785 6247 119943 51486
is_linear=0
shrinkage=0.05


Tree=6
num_leaves=15
num_cat=0
split_feature=15 15 9 15 15 17 0 0 2 9 14 15 13 9
split_gain=988.196 295.759 138.417 110.673 98.6542 81.949 67.9136 66.4733 63.9119 63.8063 55.0379 54.4059 53.8964 49.6092
threshold=0.50135318245074345 0.068635098345110293 0.32683454756625491 0.23851946334089194 0.83674634237256562 0.46735077149596604 0.052194934501823866 0.016766985042349976 0.17195546369169076 0.2555005567120105 0.50135318245074345 0.0089755098282925955 0.10379077101151898 0.42945260855091077
decision_type=2 2 2 2 2 2 2 2 2 2 2 2 2 2
left_child=1 2 7 9 -2 12 10 -1 -8 -3 -5 -7 -4 -6
right_child=4 3 5 6 13 11 8 -9 -10 -11 -12 -13 -14 -15
leaf_value=0.018779265449621739 -0.0013141312222383086 0.0046702016212851498 -0.0048715991455178572 0.015741290591209565 -0.004308896927350969 0.015508090562994986 0.0026637956359576269 0.0086383408906551881 4.8656147790645834e-05 0.001882057403880995 -0.014046324036791714 0.0058275766171181249 0.0029574906561444904 -0.0021903308049559195
leaf_weight=1929 227778 26693 2512 1160 49502 1650 27678 9958 149867 88728 179 12059 17600 62546
leaf_count=1929 227778 26693 2512 1160 49502 1650 27678 9958 149867 88728 179 12059 17600 62546
internal_value=-4.82964e-06 0.00190093 0.00564285 0.00131978 -0.00191164 0.00401163 0.000540943 0.010284 0.000456338 0.00252686 0.0117592 0.00699271 0.00197963 -0.0031263
internal_weight=679839 340013 45708 294305 339826 33821 178884 11887 177545 115421 1339 13709 20112 112048
internal_count=679839 340013 45708 294305 339826 33821 178884 11887 177545 115421 1339 13709 20112 112048
is_linear=0
shrinkage=0.05


Tree=7
num_leaves=15
num_cat=0
split_feature=1 1 9 3 1 15 14 3 6 9 1 9 14 1
split_gain=927.612 303.083 129.221 117.784 104.301 90.1709 85.9407 82.6534 75.2358 69.1595 66.5844 57.9341 78.3384 47.3789
threshold=0.508583434486653 0.068711904850215763 0.27493069474201554 0.89586541068839098 0.23055927911826038 0.79744929539919862 0.50058651046568603 0.74423721608749005 0.82918444550674864 0.30280287301498238 0.02084782104775151 0.2083546135512428 0.50117508975421166 0.03268855077730088
decision_type=2 2 2 2 2 2 2 2 2 2 2 2 2 2
left_child=1 2 8 4 9 -2 -5 10 13 -3 -4 12 -7 -1
right_child=5 3 7 6 -6 11 -8 -9 -10 -11 -12 -13 -14 -15
leaf_value=0.017357792975464307 -0.0011697841248545433 0.0050744768840775539 0.0096937632139384219 0.01335901170360786 0.00085620485513061839 -0.006678574969190919 -0.0020218454321425158 0.00048024805028905727 0.002059797530316214 0.0020861025104539611 0.0040988253295936965 -0.0022876509195338952 -0.0014713052725339587 0.0095210392753049666
leaf_weight=3390 196438 26769 7584 935 169851 19427 31676 10411 2010 69958 17795 107828 11497 4474
leaf_count=3390 196438 26769 7584 935 169851 19427 31676 10411 2010 69958 17795 107828 11497 4474
internal_value=1.40656e-05 0.00183466 0.00562886 0.00125557 0.00160255 -0.00185901 -0.00158086 0.0042318 0.0106928 0.00291313 0.00577076 -0.00283479 -0.0047426 0.0128993
internal_weight=680043 344853 45664 299189 266578 335190 32611 35790 9874 96727 25379 138752 30924 7864
internal_count=680043 344853 45664 299189 266578 335190 32611 35790 9874 96727 25379 138752 30924 7864
is_linear=0
shrinkage=0.05


Tree=8
num_leaves=15
num_cat=0
split_feature=0 15 1 8 3 3 17 3 0 2 14 8 14 2
split_gain=847.932 210.962 183.505 145.033 107.153 73.5885 65.0392 62.5821 62.6902 60.5558 57.9704 55.2417 72.4072 68.8188
threshold=0.33621436682005623 0.63552117473629977 0.028748716632443536 0.58574904067085476 0.69235200283587395 0.73219856101212044 0.47884860778542054 0.93878799990008255 0.14356848873535102 0.31799446271960868 0.50111607698938243 0.93559691114038956 0.50104712156697639 0.93612206889847382
decision_type=2 2 2 2 2 2 2 2 2 2 2 2 2 2
left_child=2 9 4 7 11 -3 10 8 -4 -2 -5 -1 13 -13
right_child=1 5 3 6 -6 -7 -8 -9 -10 -11 -12 12 -14 -15
leaf_value=0.011117933148885147 0.0010500036717784997 -0.0017158321720338638 0.0055223931562748702 0.0011024900168288049 0.002026406205402525 -0.0036913331107177524 0.0024663409478535032 -0.0012179721832774558 0.0028336204538022547 -0.000721406616216119 -0.0018725778577451968 0.0030168921716285991 -0.014789762683639927 0.046763358920050624
leaf_weight=10985 77323 183446 31708 37776 6349 63444 35333 6963 68537 128295 28901 492 496 110
leaf_count=10985 77323 183446 31708 37776 6349 63444 35333 6963 68537 128295 28901 492 496 110
internal_value=1.39268e-05 -0.00123825 0.00250293 0.00208157 0.00728563 -0.00222348 0.000732002 0.00336571 0.00368409 -5.52648e-05 -0.000187047 0.0100491 -0.0006443 0.0110104
internal_weight=680158 452508 227650 209218 18432 246890 102010 107208 100245 205618 66677 12083 1098 602
internal_count=680158 452508 227650 209218 18432 246890 102010 107208 100245 205618 66677 12083 1098 602
is_linear=0
shrinkage=0.05


Tree=9
num_leaves=15
num_cat=0
split_feature=15 15 9 15 17 15 9 0 14 6 6 5 7 2
split_gain=794.961 220.552 144.95 88.3686 79.6303 74.5167 73.1376 72.5548 64.2599 55.907 54.4141 48.4166 52.8295 49.0312
threshold=0.50898742084176984 0.080517389213041399 0.40978549275345233 0.81747822397484227 0.46797112462006085 0.25814244914612117 0.2555005567120105 0.016766985042349976 0.50061614505033958 0.93014338969120602 0.84497506972909375 0.96668400971210555 0.20008169934640527 0.24642345476872701
decision_type=2 2 2 2 2 2 2 2 2 2 2 2 2 2
left_child=1 2 7 -2 -4 6 -3 8 -1 -10 -9 13 -13 -7
right_child=3 5 4 -5 -6 11 -8 10 9 -11 -12 12 -14 -15
leaf_value=0.051727571325997895 -0.0010777721812175486 0.0043692517341021421 0.00084451588239809979 -0.0027566189269698001 0.0056829618175644331 0.0018820521572564582 0.0014476415504101029 0.0083310327435963654 0.016440311291939538 -0.011651011588158629 0.00063404897179307311 0.015009030584939964 0.002677176217197326 -0.00013716703708199901
leaf_weight=120 209689 27833 21243 125171 14180 39507 92980 13061 2285 192 2786 1086 4336 125778
leaf_count=120 209689 27833 21243 125171 14180 39507 92980 13061 2285 192 2786 1086 4336 125778
internal_value=3.05977e-05 0.00171361 0.00465292 -0.00170533 0.00278137 0.00117049 0.00212072 0.00824737 0.015994 0.0142629 0.00697786 0.000497986 0.00514719 0.000345474
internal_weight=680247 345387 53867 334860 35423 291520 120813 18444 2597 2477 15847 170707 5422 165285
internal_count=680247 345387 53867 334860 35423 291520 120813 18444 2597 2477 15847 170707 5422 165285
is_linear=0
shrinkage=0.05


Tree=10
num_leaves=15
num_cat=0
split_feature=1 1 0 8 3 0 9 5 14 2 5 3 14 3
split_gain=692.635 163.5 130.167 112.703 92.7561 73.8953 69.7732 56.4644 75.1911 68.8861 54.1018 67.6933 55.1591 52.7119
threshold=0.37255539406920118 0.028748716632443536 0.70698299574893742 0.58574904067085476 0.68837506311443775 0.22273526590642653 0.34252706738067834 0.96298506143374885 0.50089206137000264 0.38111318648777937 0.95541874485382505 0.88823956287885264 0.50119189680645537 0.90345324455927667
decision_type=2 2 2 2 2 2 2 2 2 2 2 2 2 2
left_child=1 4 7 5 6 13 -1 9 -9 -2 11 -5 -12 -3
right_child=2 3 -4 10 -6 -7 -8 8 -10 -11 12 -13 -14 -15
leaf_value=0.015884505821205357 0.00055862338779171308 0.004434820505821749 -0.0021677815096041186 0.00066603467076872336 0.0017005339855301828 0.0015479553730321507 0.0070166956483793111 0.0082177945881234775 -0.00035917714279170188 -0.0012818038589569331 0.0085528549861568354 -0.0032750121083245662 -0.00032507272676837327 -0.00018044706350629747
leaf_weight=2917 81189 55487 200222 82539 6385 69203 9259 4323 6249 136030 3998 12553 3111 6963
leaf_count=2917 81189 55487 200222 82539 6385 69203 9259 4323 6249 136030 3998 12553 3111 6963
internal_value=-1.26662e-05 0.00206465 -0.00123773 0.00170614 0.00658157 0.00267325 0.00914115 -0.000420248 0.00314804 -0.000593915 0.000460324 0.000145781 0.00466775 0.00392023
internal_weight=680428 252415 428013 233854 18561 131653 12176 227791 10572 217219 102201 95092 7109 62450
internal_count=680428 252415 428013 233854 18561 131653 12176 227791 10572 217219 102201 95092 7109 62450
is_linear=0
shrinkage=0.05


Tree=11
num_leaves=15
num_cat=0
split_feature=15 0 14 13 8 8 0 15 14 14 5 4 8 16
split_gain=650.772 198.406 122.914 125.706 91.2396 78.8502 74.8151 73.3954 70.8143 68.8775 68.627 78.2519 66.2693 59.164
threshold=0.51668131224370251 0.07233387797064468 0.50058105772087635 0.29455464889093214 0.29861905669972039 0.76193642350557256 0.016766985042349976 0.90775294545398288 0.50057142931778531 0.50108460380199527 0.9976918630514291 0.55764390474688541 0.99375812701602773 0.45748394220380645
decision_type=2 2 2 2 2 2 2 2 2 2 2 2 2 2
left_child=1 2 8 9 -3 6 -5 -2 -1 10 11 -4 -13 -7
right_child=7 4 3 5 -6 13 -8 -9 -10 -11 -12 12 -14 -15
leaf_value=0.012053229368397962 -0.0012657532259352886 0.0023242139746392325 0.0071908436042739561 0.014519355092563972 0.00042511501298071058 0.0064116562209529911 0.0064181240393817746 -0.0031535675546199072 0.037003291777586947 -0.0028912013812390025 0.035665557061556295 -0.0010163190358180284 -0.036900302561532171 -0.0010274075262515267
leaf_weight=1036 265628 90028 4895 3499 212594 5147 15362 63865 392 7768 163 3945 133 5560
leaf_count=1036 265628 90028 4895 3499 212594 5147 15362 63865 392 7768 163 3945 133 5560
internal_value=-3.63005e-05 0.00146335 0.00445336 0.00400937 0.000990084 0.00597561 0.00792102 -0.00163166 0.0189023 0.000570084 0.00351309 0.00292902 -0.00218664 0.00254865
internal_weight=680015 350522 47900 46472 302622 29568 18861 329493 1428 16904 9136 8973 4078 10707
internal_count=680015 350522 47900 46472 302622 29568 18861 329493 1428 16904 9136 8973 4078 10707
is_linear=0
shrinkage=0.05


Tree=12
num_leaves=15
num_cat=0
split_feature=0 1 1 3 10 3 9 9 2 5 6 13 3 5
split_gain=585.266 171.971 116.474 86.3787 75.4116 60.5668 59.4988 55.0383 54.9476 54.0341 62.153 50.7285 42.6402 44.5584
threshold=0.30122354316619421 0.63485162831635866 0.044820091869823671 0.69235200283587395 0.19181490443071839 0.64881589680840224 0.34252706738067834 0.2555005567120105 0.38111318648777937 0.90770203248079373 0.56507131412064737 0.087597273330518213 0.65692966916777207 0.98986730942230239
decision_type=2 2 2 2 2 2 2 2 2 2 2 2 2 2
left_child=2 8 3 6 -3 7 -1 -4 -2 -9 -11 -5 13 -6
right_child=1 4 5 11 12 -7 -8 9 -10 10 -12 -13 -14 -15
leaf_value=0.01185633835684128 0.00089016340698611996 -0.0036171771798251527 0.0046420853473993764 -0.009925984731125128 -0.0010027186755362453 0.00053949222603694527 0.0054814978575294434 0.0014586036408192728 -0.00067160669992677143 0.016201831940518704 0.0039290073821717456 0.0025078082377766454 -0.0024773304307951351 0.0097315464732337566
leaf_weight=4907 100769 50099 22889 900 130329 65587 14406 76819 127676 1196 7505 9266 66468 974
leaf_count=4907 100769 50099 22889 900 130329 65587 14406 76819 127676 1196 7505 9266 66468 974
internal_value=-1.34354e-05 -0.000972323 0.00223123 0.00513754 -0.00188439 0.00173883 0.0071012 0.00246442 1.73032e-05 0.00188158 0.00561597 0.00140704 -0.00144545 -0.000923092
internal_weight=679790 476315 203475 29479 247870 173996 19313 108409 228445 85520 8701 10166 197771 131303
internal_count=679790 476315 203475 29479 247870 173996 19313 108409 228445 85520 8701 10166 197771 131303
is_linear=0
shrinkage=0.05


Tree=13
num_leaves=15
num_cat=0
split_feature=1 3 0 0 8 8 14 5 5 14 8 16 3 14
split_gain=533.137 125.128 150.323 95.5604 74.7498 65.4476 64.3551 65.386 58.9622 58.3301 57.4443 48.1982 46.18 64.9774
threshold=0.37255539406920118 0.69235200283587395 0.064335324459495483 0.67580478028672619 0.46768645802866343 0.44002262443438916 0.50069300102581449 0.96298506143374885 0.89594865991783157 0.50058651046568603 0.83341845420497118 0.90005549389567163 0.73219856101212044 0.50057636906755121
decision_type=2 2 2 2 2 2 2 2 2 2 2 2 2 2
left_child=1 2 4 8 -1 -4 7 -6 11 -3 -11 -2 13 -5
right_child=3 9 5 12 6 -7 -8 -9 -10 10 -12 -13 -14 -15
leaf_value=0.010075195071103762 -0.0003450689635021192 0.0079062105435311232 0.0031729426305731425 -0.0076582211413561132 0.0090432099772589213 0.0010238758980676674 0.0029494178678522581 0.040648380345045837 0.0020167190492446762 0.00065872472156670034 -0.0027372838324419527 -0.0032128289100719189 -0.0030293366364162267 -0.0012096474674048471
leaf_weight=8093 166000 2403 63346 4003 3027 80381 15177 173 24453 64144 15452 16070 55693 161852
leaf_count=8093 166000 2403 63346 4003 3027 80381 15177 173 24453 64144 15452 16070 55693 161852
internal_value=1.20647e-05 0.0018357 0.00260875 -0.00106232 0.00607132 0.00197105 0.00430806 0.0107519 -0.000288572 0.000231166 -5.43636e-07 -0.000598185 -0.0017836 -0.00136529
internal_weight=680267 252196 170197 428071 26470 143727 18377 3200 206523 81999 79596 182070 221548 165855
internal_count=680267 252196 170197 428071 26470 143727 18377 3200 206523 81999 79596 182070 221548 165855
is_linear=0
shrinkage=0.05


Tree=14
num_leaves=15
num_cat=0
split_feature=1 0 8 0 9 14 3 0 8 5 14 14 8 3
split_gain=484.495 135.718 108.822 112.467 68.7439 68.5623 62.4053 59.9904 52.487 52.7651 91.1843 52.4797 49.1366 47.734
threshold=0.2619315028755928 0.57273423360712805 0.69894318023174662 0.016766985042349976 0.66182058364356922 0.50067888693882379 0.91503846376308651 0.10006337135614704 0.38500645994832045 0.89594865991783157 0.50102354252573011 0.50057636906755121 0.93969051607242571 0.013829438443744195
decision_type=2 2 2 2 2 2 2 2 2 2 2 2 2 2
left_child=2 8 3 -1 6 12 7 13 -2 -10 -11 -6 -4 -5
right_child=1 -3 5 4 11 -7 -8 -9 9 10 -12 -13 -14 -15
leaf_value=0.010644173045206748 0.0012236963845099831 -0.0015027853601399445 0.0027686450173260799 -0.013346703806238085 0.012410092539368377 -0.00019273792558019504 -0.00086375607777730351 0.0031864969763228061 -0.0008286476708194929 0.0052711412902963738 -0.001488089076159818 0.00053383087054223748 0.012383385090195133 0.0067929351215412319
leaf_weight=4761 75008 291223 6386 299 958 50916 7164 54377 116715 10164 9801 32044 1678 18384
leaf_count=4761 75008 291223 6386 299 958 50916 7164 54377 116715 10164 9801 32044 1678 18384
internal_value=-1.07225e-05 -0.000802494 0.00223936 0.00311599 0.00279944 0.000485698 0.00358963 0.00402632 0.000160909 -0.000422333 0.00195297 0.000878581 0.00476933 0.00647062
internal_weight=679878 502911 176967 117987 113226 58980 80224 73060 211688 136680 19965 33002 8064 18683
internal_count=679878 502911 176967 117987 113226 58980 80224 73060 211688 136680 19965 33002 8064 18683
is_linear=0
shrinkage=0.05


Tree=15
num_leaves=15
num_cat=0
split_feature=1 3 1 15 8 8 14 8 0 14 2 8 3 14
split_gain=431.612 119.577 120.187 98.9356 71.5466 68.8351 58.832 62.1763 53.6181 51.9471 48.8553 47.0666 47.4213 46.1716
threshold=0.37255539406920118 0.69235200283587395 0.028748716632443536 0.81369337393753538 0.15661302929840168 0.92780424241129611 0.50058105772087635 0.84167092271024868 0.0052049469007368889 0.50104712156697639 0.93612206889847382 0.84551996876962521 0.73219856101212044 0.50062150427984309
decision_type=2 2 2 2 2 2 2 2 2 2 2 2 2 2
left_child=1 2 5 -2 -4 -1 -3 -8 -6 10 -7 12 -5 -9
right_child=3 6 4 11 8 9 7 13 -10 -11 -12 -13 -14 -15
leaf_value=0.0084437192785255747 -0.00044814936050625843 0.0082030133661509241 0.0046380820231434819 -0.0018992214208058454 0.029429949397918355 -0.0009883721149649726 0.00053925342904181733 -0.020970153532513653 0.0015763816854190975 -0.015446029885820198 0.034009030404258213 0.00022405734055613486 -0.0042975800789186993 -0.0026168348071693819
leaf_weight=11022 299896 2177 22831 81436 173 567 64859 351 135054 550 121 18457 27594 14452
leaf_count=11022 299896 2177 22831 81436 173 567 64859 351 135054 550 121 18457 27594 14452
internal_value=2.37592e-05 0.00166428 0.00241904 -0.000944154 0.00204912 0.00718809 9.35297e-05 -0.000128086 0.00161202 -0.00399082 0.00516669 -0.00211094 -0.00250621 -0.00305202
internal_weight=679540 252157 170318 427383 158058 12260 81839 79662 135227 1238 688 127487 109030 14803
internal_count=679540 252157 170318 427383 158058 12260 81839 79662 135227 1238 688 127487 109030 14803
is_linear=0
shrinkage=0.05


Tree=16
num_leaves=15
num_cat=0
split_feature=1 0 8 0 5 2 14 6 14 5 13 16 1 0
split_gain=378.208 119.237 113.204 119.24 73.6965 73.9117 58.7413 63.4423 56.1235 58.6971 54.266 63.819 54.2508 50.8356
threshold=0.25820634187639507 0.67961520940694142 0.6600104931794335 0.012950701567806788 0.96298506143374885 0.25026310925978595 0.50136054673616881 0.9704391681022646 0.50069300102581449 0.9353984925675205 0.2667132216014898 0.92002538071066009 0.068711904850215763 0.044380749944603573
decision_type=2 2 2 2 2 2 2 2 2 2 2 2 2 2
left_child=2 4 3 -1 5 -2 7 -6 9 -4 -10 -12 -5 -7
right_child=1 -3 8 12 6 13 -8 -9 10 -11 11 -13 -14 -15
leaf_value=0.012411078569619214 0.0012403537159566816 -0.0016103799106317236 0.0025233907321553931 0.0047634766202686732 0.0073153372524351326 0.012857044257453064 -0.0013516353490855317 -0.00713316725370186 -0.0026731587847831171 0.015978853023647398 0.0014374825841916615 -0.0052327604707059468 0.002054299854619765 -0.0007369733135294636
leaf_weight=3235 64834 219066 9873 23867 7953 690 4035 840 16954 883 33841 4011 81850 208269
leaf_count=3235 64834 219066 9873 23867 7953 690 4035 840 16954 883 33841 4011 81850 208269
internal_value=-3.95517e-05 -0.000732165 0.00196743 0.00295528 -6.09414e-05 -0.000234485 0.00364306 0.00593506 0.000325787 0.003628 -0.000322291 0.000730668 0.00266593 -0.000692085
internal_weight=680201 505687 174514 108952 286621 273793 12828 8793 65562 10756 54806 37852 105717 208959
internal_count=680201 505687 174514 108952 286621 273793 12828 8793 65562 10756 54806 37852 105717 208959
is_linear=0
shrinkage=0.05


Tree=17
num_leaves=15
num_cat=0
split_feature=0 3 0 14 14 8 10 14 8 5 0 5 4 9
split_gain=350.832 125.138 137.853 129.228 68.3732 85.7976 60.7685 97.9072 59.1005 57.069 50.5767 48.7216 44.7612 50.782
threshold=0.54908230658513946 0.70461792333079476 0.12379376308668943 0.50058651046568603 0.50069300102581449 0.84551996876962521 0.33788607890106631 0.50068634212152741 0.43245086833081386 0.95919709989258872 0.016766985042349976 0.012995457078682047 0.17844492008060783 0.90396069966856574
decision_type=2 2 2 2 2 2 2 2 2 2 2 2 2 2
left_child=1 2 4 -3 9 10 7 -2 -4 -1 -6 -5 13 -7
right_child=6 3 8 11 5 12 -8 -9 -10 -11 -12 -13 -14 -15
leaf_value=0.0069962224121023521 -0.0058806331041228038 0.0090227867454035701 0.0020475119076714971 -0.011059676195237603 0.010043145320649068 0.00043241018249809892 -0.0007280351223957431 -0.0015802913913601285 0.00032149794168937016 0.025706352414095465 0.0037288169179144934 -0.00051799390414808465 -0.0031066532033301622 0.012949365761227316
leaf_weight=8532 15479 3584 86543 1107 3549 3669 201313 91330 116169 428 29798 111104 7007 1040
leaf_count=8532 15479 3584 86543 1107 3549 3669 201313 91330 116169 428 29798 111104 7007 1040
internal_value=8.67711e-06 0.00104105 0.00165649 -0.000323473 0.00390082 0.00310765 -0.0012395 -0.00220351 0.00105838 0.00788997 0.00440083 -0.000621991 -0.000573102 0.00319683
internal_weight=680652 372530 256735 115795 54023 45063 308122 106809 202712 8960 33347 112211 11716 4709
internal_count=680652 372530 256735 115795 54023 45063 308122 106809 202712 8960 33347 112211 11716 4709
is_linear=0
shrinkage=0.05


Tree=18
num_leaves=15
num_cat=0
split_feature=15 15 4 5 14 2 13 14 15 3 7 14 17 10
split_gain=344.514 100.79 85.4288 75.5879 87.7055 77.9435 66.7894 90.0956 64.4595 60.5063 58.2908 54.2148 52.8309 52.7913
threshold=0.26184027268728932 0.83674634237256562 0.70286055233549283 0.89594865991783157 0.50119189680645537 0.16804180792498905 0.18270015058351113 0.50064391527020402 0.0089755098282925955 0.86124700956937816 0.013673544337606839 0.50058105772087635 0.31906586663834713 0.7323286397162202
decision_type=2 2 2 2 2 2 2 2 2 2 2 2 2 2
left_child=2 3 6 5 -5 -2 7 -1 -8 -7 -10 -4 -13 -12
right_child=1 -3 11 4 -6 9 8 -9 10 -11 13 12 -14 -15
leaf_value=0.011006183215419621 0.0010155805313064958 -0.0019788305766758668 0.010408107359164564 0.0036559125439135616 -0.0011966055817925498 -0.00059407183295098623 0.010890498859397538 -0.0009839903586294997 -0.0070399274087818847 -0.0027915235516328763 0.0038474701771255451 -0.0037674694797781663 0.00068899158787146246 0.0012349697123102462
leaf_weight=1712 67765 111573 1295 24357 15075 247795 2643 18463 1431 35859 70004 7749 46909 26717
leaf_count=1712 67765 111573 1295 24357 15075 247795 2643 18463 1431 35859 70004 7749 46909 26717
internal_value=1.48048e-05 -0.000653361 0.00191226 -0.00027499 0.00180078 -0.000507908 0.00265948 3.34658e-05 0.0031851 -0.00087187 0.00297761 0.000296754 5.71881e-05 0.00312583
internal_weight=679347 502424 176923 390851 39432 351419 120970 20175 100795 283654 98152 55953 54658 96721
internal_count=679347 502424 176923 390851 39432 351419 120970 20175 100795 283654 98152 55953 54658 96721
is_linear=0
shrinkage=0.05


Tree=19
num_leaves=15
num_cat=0
split_feature=15 0 13 8 17 5 8 10 4 16 0 4 17 5
split_gain=320.023 109.906 94.5242 80.8994 61.1889 65.4426 65.7362 58.7946 49.9791 48.3651 43.4394 42.0768 36.5497 36.7626
threshold=0.52864956423113674 0.056236867321814536 0.10379077101151898 0.44002262443438916 0.46670243204577971 0.9976918630514291 0.49925145506825436 0.31847659288221825 0.99772856258384068 0.96276228906823191 0.22273526590642653 0.54963887150604929 0.33346415489272635 0.084687619215306528
decision_type=2 2 2 2 2 2 2 2 2 2 2 2 2 2
left_child=1 2 11 10 5 6 -4 8 12 -6 -3 -1 -2 -14
right_child=7 3 4 -5 9 -7 -8 -9 -10 -11 -12 -13 13 -15
leaf_value=0.0019137722990406295 -0.0047885972221321932 0.0029695288714563215 0.0065137579516313243 1.9157025509192279e-05 0.0078783797784880826 0.028940199108652864 0.00029287385230928676 -0.00067601203353583918 0.011955349037429662 -0.0094745479552187477 0.0010472617975445392 -0.006830464384744871 -0.0048589877772582998 -0.0015393110254013948
leaf_weight=2755 12023 41818 6580 180465 12378 237 11975 214111 628 415 98890 2748 9239 85686
leaf_count=2755 12023 41818 6580 180465 12378 237 11975 214111 628 415 98890 2748 9239 85686
internal_value=-1.04132e-05 0.00101746 0.00359457 0.000719863 0.00464819 0.0028324 0.00249893 -0.00115515 -0.00210879 0.00731546 0.00161855 -0.00245278 -0.00219137 -0.00186241
internal_weight=679948 358261 37088 321173 31585 18792 18555 321687 107576 12793 140708 5503 106948 94925
internal_count=679948 358261 37088 321173 31585 18792 18555 321687 107576 12793 140708 5503 106948 94925
is_linear=0
shrinkage=0.05


Tree=20
num_leaves=15
num_cat=0
split_feature=1 8 0 0 17 0 3 14 6 5 14 10 10 14
split_gain=300.014 83.1764 99.1435 76.8566 58.4803 80.9143 49.2466 49.7004 49.5574 46.9217 46.0211 47.4213 44.8197 67.2866
threshold=0.23456083848913753 0.72245182591865209 0.016766985042349976 0.60420542470878336 0.49814751286449405 0.0052049469007368889 0.70048020937820688 0.50058651046568603 0.093910836459942623 0.98576874113936885 0.50111607698938243 0.10440197853190894 0.41638976283785029 0.50066006629418314
decision_type=2 2 2 2 2 2 2 2 2 2 2 2 2 2
left_child=1 2 -1 6 9 -6 8 -8 -2 -3 -11 -12 13 -5
right_child=3 4 -4 12 5 -7 7 -9 -10 10 11 -13 -14 -15
leaf_value=0.0095441050679915176 -0.0019039416218333929 -0.0011668419231105202 0.0023415644677532168 -0.0053755933907426463 0.026163594552340942 0.0024333626898741492 0.0058684759176566414 -0.001250312030872113 0.00080052719194646728 0.017257619668118507 -0.030699837718358533 0.004788860229546426 -0.00061218304654976445 -0.0014933624234047978
leaf_weight=5008 18999 35339 103966 12516 370 12330 2536 73858 156216 698 112 590 154631 103099
leaf_count=5008 18999 35339 103966 12516 370 12330 2536 73858 156216 698 112 590 154631 103099
internal_value=-4.94922e-06 0.00190086 0.00267256 -0.000583473 0.000199877 0.00312472 4.53842e-05 -0.00101399 0.000507275 -0.000811186 0.00816633 -0.000873154 -0.00116896 -0.00191364
internal_weight=680268 158413 108974 521855 49439 12700 251609 76394 175215 36739 1400 702 270246 115615
internal_count=680268 158413 108974 521855 49439 12700 251609 76394 175215 36739 1400 702 270246 115615
is_linear=0
shrinkage=0.05


Tree=21
num_leaves=15
num_cat=0
split_feature=0 0 13 8 0 5 9 6 0 8 7 10 5 17
split_gain=250.019 87.7821 74.1644 77.011 116.514 65.4332 54.7053 47.5951 54.4151 46.8527 45.1305 42.0995 44.6643 36.7298
threshold=0.2780550024888005 0.71501187673004951 0.13131856780941822 0.86139351640082051 0.012950701567806788 0.89594865991783157 0.61829195148640437 0.88065179875215727 0.10812615018222498 0.32235498012029773 0.37077891471925323 0.26319185059422756 0.89594865991783157 0.36936464271196701
decision_type=2 2 2 2 2 2 2 2 2 2 2 2 2 2
left_child=2 9 -1 4 -4 -5 7 8 -6 -2 -7 13 -13 -11
right_child=1 -3 3 5 6 10 -8 -9 -10 11 -12 12 -14 -15
leaf_value=-0.00079744465604580635 0.00087552011372127021 -0.001372651496077223 0.010692304729942752 -0.0015268277449610455 0.0054767388664573122 0.0101883204052298 0.0008528694662732917 -0.00022733310551556726 0.0025284084867996876 -0.0046725621616441251 0.0010930531709528481 -0.00034128709927496082 0.0024799466956005748 -0.0010888443518404854
leaf_weight=27632 99831 194875 4223 23093 22946 2130 45167 9923 49217 8832 3792 135504 15649 37537
leaf_count=27632 99831 194875 4223 23093 22946 2130 45167 9923 49217 8832 3792 135504 15649 37537
internal_value=4.47015e-05 -0.000547853 0.00159513 0.00200707 0.0025216 -0.00032442 0.00225044 0.00301944 0.0034659 -7.30799e-06 0.0043644 -0.000453504 -4.92023e-05 -0.00177144
internal_weight=680351 492228 188123 160491 131476 29015 127253 82086 72163 297353 5922 197522 151153 46369
internal_count=680351 492228 188123 160491 131476 29015 127253 82086 72163 297353 5922 197522 151153 46369
is_linear=0
shrinkage=0.05


Tree=22
num_leaves=15
num_cat=0
split_feature=0 1 8 13 14 17 14 13 6 2 10 14 0 17
split_gain=230.239 76.3028 86.0212 67.1298 50.2942 49.5971 57.5933 105.167 94.5521 90.498 46.2992 64.5634 42.067 43.7382
threshold=0.57273423360712805 0.068711904850215763 0.92020027969233853 0.079790656918316508 0.50067888693882379 0.36848255213163411 0.50098522263119494 0.49231752901829634 0.093910836459942623 0.96704201893658248 0.40852475066621169 0.50066357029882258 0.016766985042349976 0.47844680356874486
decision_type=2 2 2 2 2 2 2 2 2 2 2 2 2 2
left_child=1 2 3 -1 -4 -3 8 -8 -7 -10 11 -2 13 -5
right_child=10 5 4 12 -6 6 7 -9 9 -11 -12 -13 -14 -15
leaf_value=-0.0041226413493636116 -0.0050441524390312902 -0.00073938520404142087 0.009107973660698777 0.0046799140892431817 -0.0056631129166474581 -0.0028912435175162529 -0.0012687416661410367 0.0013838021779338976 0.0016932644432851301 0.0083924910819957906 -0.00054737525332908645 -0.0014143383441515634 0.0032266033757028835 0.013271505479140284
leaf_weight=2736 13809 63636 669 4325 4158 10818 70273 79802 112794 5277 169281 108553 31517 2253
leaf_count=2736 13809 63636 669 4325 4158 10818 70273 79802 112794 5277 169281 108553 31517 2253
internal_value=-2.13631e-05 0.000776084 0.00269615 0.00344235 -0.00361591 0.000520199 0.00080753 0.000141742 0.00158276 0.00199268 -0.00108299 -0.00182398 0.00398567 0.00762258
internal_weight=679901 388258 45658 40831 4827 342600 278964 150075 128889 118071 291643 122362 38095 6578
internal_count=679901 388258 45658 40831 4827 342600 278964 150075 128889 118071 291643 122362 38095 6578
is_linear=0
shrinkage=0.05


Tree=23
num_leaves=15
num_cat=0
split_feature=1 3 1 14 16 13 14 9 11 7 0 9 1 5
split_gain=208.054 84.3404 83.8469 52.4039 48.208 46.2886 53.7204 46.1789 53.4721 49.887 50.9853 41.5606 41.0767 41.8214
threshold=0.45516095772711657 0.82216318558111345 0.028748716632443536 0.50058651046568603 0.81795813863399769 0.13131856780941822 0.50065061836259217 0.62215160169356143 0.86611126534335414 0.021753918958887907 0.10006337135614704 0.34252706738067834 0.88018801254398504 0.98576874113936885
decision_type=2 2 2 2 2 2 2 2 2 2 2 2 2 2
left_child=1 2 4 -3 11 6 -4 8 9 -7 -11 -1 13 -2
right_child=12 3 5 -5 -6 7 -8 -9 -10 10 -12 -13 -14 -15
leaf_value=0.011797201177040762 -0.00061196194826977255 0.0078984426664161118 0.0060664480430347462 -0.0010086335472326137 -0.00073694533171462389 -0.005479885016229878 -0.0015779996837549796 0.00041039202134561206 0.0054358708962590442 0.0045854244923008254 0.0014076452955548708 0.0047938473722190685 -0.0018002806860430874 0.0042104104265920667
leaf_weight=2806 284843 1700 2541 57676 2870 2403 24051 78478 10125 14389 102802 8645 82552 4568
leaf_count=2806 284843 1700 2541 57676 2870 2403 24051 78478 10125 14389 102802 8645 82552 4568
internal_value=-2.02587e-05 0.000939789 0.00134342 -0.000753614 0.00505766 0.00111686 -0.000847534 0.00136777 0.00194697 0.00165159 0.00179782 0.00650998 -0.00081647 -0.000535847
internal_weight=680449 308486 249110 59376 14321 234789 26592 208197 129719 119594 117191 11451 371963 289411
internal_count=680449 308486 249110 59376 14321 234789 26592 208197 129719 119594 117191 11451 371963 289411
is_linear=0
shrinkage=0.05


Tree=24
num_leaves=15
num_cat=0
split_feature=0 9 16 1 3 14 11 14 14 3 9 0 3 15
split_gain=189.986 75.6703 70.7255 67.3274 60.4594 103.175 61.3181 59.0737 52.4146 50.3888 41.0644 39.6372 38.7514 38.106
threshold=0.30122354316619421 0.47312938771883056 0.84963303246182298 0.02084782104775151 0.81823442760942777 0.50058651046568603 0.96719241596290784 0.50069300102581449 0.50057636906755121 0.60146264506123337 0.57120830860534133 0.0052049469007368889 0.0055478608802708535 0.59227827865310945
decision_type=2 2 2 2 2 2 2 2 2 2 2 2 2 2
left_child=1 2 3 -1 6 10 8 -3 -2 11 -6 -9 -4 -10
right_child=4 7 12 -5 5 -7 -8 9 13 -11 -12 -13 -14 -15
leaf_value=0.0094549482147177032 -0.0040151906694538058 0.0030037173512173225 -0.026670650365824444 0.0026843367327520503 0.0020389886226979716 -0.002152438706797829 0.003252936084573005 0.011625299090683706 0.00027743024938829637 -0.0013700133526554185 0.014018452625907424 0.00075453619759231338 -0.00051361973500338952 -0.00074383266231690004
leaf_weight=3884 9810 19053 143 67198 1576 77137 11793 851 158031 41331 1310 57267 14420 216436
leaf_count=3884 9810 19053 143 67198 1576 77137 11793 851 158031 41331 1310 57267 14420 216436
internal_value=-4.46613e-06 0.0012716 0.00240393 0.00305429 -0.00055164 -0.00180517 -0.000298373 0.000453233 -0.000407359 -3.54038e-05 0.00747665 0.000913713 -0.000770466 -0.000312844
internal_weight=680240 204147 85645 71082 476093 80023 396070 118502 384277 99449 2886 58118 14563 374467
internal_count=680240 204147 85645 71082 476093 80023 396070 118502 384277 99449 2886 58118 14563 374467
is_linear=0
shrinkage=0.05


Tree=25
num_leaves=15
num_cat=0
split_feature=15 3 0 14 0 14 16 3 14 14 4 14 10 5
split_gain=179.482 95.9326 105.924 56.8537 55.2114 52.0872 47.3561 44.9197 78.8681 54.7502 44.8132 44.7977 52.1194 43.6211
threshold=0.51668131224370251 0.63335225122966332 0.044380749944603573 0.50058105772087635 0.0052049469007368889 0.50127878074306664 0.9160052493438321 0.80651167785606914 0.50058651046568603 0.50057636906755121 0.95860219530133361 0.50057142931778531 0.67344259528999373 0.82515530346876587
decision_type=2 2 2 2 2 2 2 2 2 2 2 2 2 2
left_child=1 2 4 -3 5 -1 -5 9 10 11 -9 12 -2 -6
right_child=7 3 -4 6 13 -7 -8 8 -10 -11 -12 -13 -14 -15
leaf_value=0.019296492645120646 -0.0063427998468589767 0.0058617628241727105 0.0010799546790471392 -0.00017195049677459922 0.0029379268002002897 -0.0027509951169578419 -0.0034600469244314156 0.003777754245387756 -0.0024614341798154873 -0.00047679887342052109 0.022252170280919786 -0.014531939486247876 0.0044115129702767281 0.0094709422746678835
leaf_weight=1175 3970 3632 201968 116164 12330 347 12090 1967 58136 262600 394 1055 1573 3223
leaf_count=1175 3970 3632 201968 116164 12330 347 12090 1967 58136 262600 394 1055 1573 3223
internal_value=-2.88145e-05 0.000758182 0.00139965 -0.000307209 0.00518116 0.0142699 -0.000481906 -0.000866498 -0.00209762 -0.000589827 0.00686074 -0.00508833 -0.00329093 0.00429174
internal_weight=680624 350929 219043 131886 17075 1522 128254 329695 60497 269198 2361 6598 5543 15553
internal_count=680624 350929 219043 131886 17075 1522 128254 329695 60497 269198 2361 6598 5543 15553
is_linear=0
shrinkage=0.05


Tree=26
num_leaves=15
num_cat=0
split_feature=0 3 14 13 14 9 15 16 14 0 14 14 3 8
split_gain=160.551 69.3948 70.5578 67.8166 141.464 67.8838 73.5208 64.3476 62.4825 59.6946 48.5018 81.9071 46.6755 43.9573
threshold=0.2780550024888005 0.81823442760942777 0.50058651046568603 0.2667132216014898 0.50061614505033958 0.52439716508402323 0.02084782104775151 0.0055376107777698287 0.50201208058038616 0.84840750663267972 0.50086580151481541 0.50083542247111978 0.93468293332212471 0.66394000223040039
decision_type=2 2 2 2 2 2 2 2 2 2 2 2 2 2
left_child=3 9 -3 4 -1 6 -5 -6 12 -2 11 -9 -8 -12
right_child=1 2 -4 5 7 -7 8 10 -10 -11 13 -13 -14 -15
leaf_value=0.010400541393917419 0.00010907534913043049 0.0057797048785958169 -0.0020698360777087759 0.0093893067556621457 0.01625373163916528 0.00070838983752396752 0.0023034543297420543 0.00013175369568402791 0.0062293994401158214 -0.0013687977421796916 -0.00033738811399475303 0.012909187369461689 -0.003163279911310329 -0.0039045997811370443
leaf_weight=2947 322693 2969 80063 4173 543 66053 49765 14498 9719 86683 17458 1373 4237 17090
leaf_count=2947 322693 2969 80063 4173 543 66053 49765 14498 9719 86683 17458 1373 4237 17090
internal_value=3.27065e-06 -0.000471176 -0.00178916 0.00124689 -0.00025059 0.00184957 0.00295982 -0.000866518 0.00253876 -0.000203856 -0.0010509 0.00123713 0.00187453 -0.002102
internal_weight=680264 492408 83032 187856 53909 133947 67894 50962 63721 409376 50419 15871 54002 34548
internal_count=680264 492408 83032 187856 53909 133947 67894 50962 63721 409376 50419 15871 54002 34548
is_linear=0
shrinkage=0.05


Tree=27
num_leaves=15
num_cat=0
split_feature=15 9 17 3 14 3 5 11 3 0 15 2 14 8
split_gain=148.639 79.1885 70.214 65.1951 78.9931 50.7995 48.5246 77.9293 47.4611 46.2528 45.4813 44.0243 39.4727 39.2081
threshold=0.23851946334089194 0.27493069474201554 0.46735077149596604 0.81823442760942777 0.50058651046568603 0.013829438443744195 0.7977632319526381 0.7001471690267137 0.06937595847587591 0.056236867321814536 0.0089755098282925955 0.16804180792498905 0.50110987928061113 0.90084687010674036
decision_type=2 2 2 2 2 2 2 2 2 2 2 2 2 2
left_child=1 5 -3 6 -5 -1 11 12 -9 -7 -4 -2 -8 -14
right_child=3 2 10 4 -6 9 7 8 -10 -11 -12 -13 13 -15
leaf_value=-0.01486910865079805 0.00059009522957702298 -0.00033093035872018762 0.01015402418180246 0.0059358880968264048 -0.0019698620002591058 0.0073068497971533631 0.0010279391573147897 0.010026277653465164 0.0025277985803930304 0.00264873171126077 0.0018235840271672587 -0.00074836359909923045 -0.0010001205305144906 -0.0073304235845834762
leaf_weight=383 79019 73300 1697 3278 87538 6406 27216 2326 22749 31702 47501 276095 17634 2840
leaf_count=383 79019 73300 1697 3278 87538 6406 27216 2326 22749 31702 47501 276095 17634 2840
internal_value=-5.58254e-05 0.00127139 0.000649776 -0.000467756 -0.0016845 0.00324967 -0.000209505 0.000966782 0.00322337 0.00343177 0.00211093 -0.000450533 -0.000219713 -0.00187821
internal_weight=679684 160989 122498 518695 90816 38491 427879 72765 25075 38108 49198 355114 47690 20474
internal_count=679684 160989 122498 518695 90816 38491 427879 72765 25075 38108 49198 355114 47690 20474
is_linear=0
shrinkage=0.05


Tree=28
num_leaves=15
num_cat=0
split_feature=0 4 3 17 5 13 5 6 9 15 3 0 2 5
split_gain=124.601 66.3001 61.3329 61.0366 58.0814 58.3118 53.114 45.2626 45.2014 45.9278 61.4931 43.6117 37.687 39.7599
threshold=0.2780550024888005 0.64784499696352671 0.86124700956937816 0.39498805256869779 0.8366391274889079 0.2667132216014898 0.98576874113936885 0.056794002448533366 0.52047169884199718 0.080517389213041399 0.057583690306203403 0.84840750663267972 0.16804180792498905 0.89594865991783157
decision_type=2 2 2 2 2 2 2 2 2 2 2 2 2 2
left_child=1 4 11 -3 5 7 -5 -1 9 10 -7 12 -2 -14
right_child=2 3 -4 6 -6 8 -8 -9 -10 -11 -12 -13 13 -15
leaf_value=-0.0069912890334988187 0.001078076371230889 -0.0021669761499934995 -0.0019269618582853157 0.00053682488045507851 0.0048294304565719729 -0.0058797892058940864 0.0084278523089648984 3.7444627611120398e-05 0.00087263534860172764 0.0022235598603615307 0.007301228956517739 -0.0012160544866634667 -0.00043438922169597883 0.0016825703526680209
leaf_weight=2530 67145 24484 61890 44420 13861 974 2240 24193 38244 27366 9667 90894 247525 24363
leaf_count=2530 67145 24484 61890 44420 13861 974 2240 24193 38244 27366 9667 90894 247525 24363
internal_value=-3.68204e-05 0.00105812 -0.00045532 -0.000145228 0.00179087 0.00138185 0.000915648 -0.000628001 0.00208623 0.00330739 0.00609473 -0.00024347 1.72777e-05 -0.000244695
internal_weight=679796 187979 491817 71144 116835 102974 46660 26723 76251 38007 10641 429927 339033 271888
internal_count=679796 187979 491817 71144 116835 102974 46660 26723 76251 38007 10641 429927 339033 271888
is_linear=0
shrinkage=0.05


Tree=29
num_leaves=15
num_cat=0
split_feature=1 9 13 14 1 3 14 5 14 5 17 14 8 8
split_gain=139.084 61.5007 58.9049 66.4742 63.4836 56.7179 52.1577 49.6795 45.1166 44.8299 44.3408 44.1121 57.4627 42.2017
threshold=0.21127684743632399 0.61829195148640437 0.25826820197681127 0.50075301375610992 0.02084782104775151 0.72040559296766571 0.50058651046568603 0.89594865991783157 0.50058105772087635 0.9976918630514291 0.57228308838810482 0.50110987928061113 0.95899615940439853 0.95114289446186018
decision_type=2 2 2 2 2 2 2 2 2 2 2 2 2 2
left_child=1 2 3 -1 -4 7 -7 -2 -3 10 -10 12 -9 -5
right_child=5 8 4 13 -6 6 -8 11 9 -11 -12 -13 -14 -15
leaf_value=0.0054852734334547796 -0.00018100003748901692 0.0076324874821600483 0.0084051664513379917 -0.0013772896360116228 0.0025644672684371323 0.0037493545686827913 -0.0013455498093591419 0.0025864377024837973 -0.00086876628179363832 0.020852038346129122 0.0023975856200348106 -0.00027962248770135758 0.012091306809463905 -0.016339595975251472
leaf_weight=3909 359458 1988 5050 13000 59082 5207 142364 16050 45147 256 13496 13273 1765 489
leaf_count=3909 359458 1988 5050 13000 59082 5207 142364 16050 45147 256 13496 13273 1765 489
internal_value=3.70288e-05 0.00142647 0.00232438 -0.000255943 0.00302439 -0.000330699 -0.00116578 -1.51579e-05 0.000224139 -2.59131e-05 -0.000117054 0.00190241 0.00352812 -0.0019197
internal_weight=680534 142417 81530 17398 64132 538117 147571 390546 60887 58899 58643 31088 17815 13489
internal_count=680534 142417 81530 17398 64132 538117 147571 390546 60887 58899 58643 31088 17815 13489
is_linear=0
shrinkage=0.05


Tree=30
num_leaves=15
num_cat=0
split_feature=1 16 1 4 8 11 2 9 14 5 14 17 2 5
split_gain=114.283 79.013 60.3723 47.4144 59.9302 47.2205 44.7955 44.0457 42.0345 40.107 37.4298 35.2093 35.1414 32.0855
threshold=0.52428167131795145 0.87703967137043104 0.096116409436437109 0.54963887150604929 0.6600104931794335 0.72364356160138643 0.18753881987577642 0.61829195148640437 0.50066357029882258 0.98189590028860951 0.50163666559519993 0.73568617021276606 0.10861746093245513 0.87623276080063806
decision_type=2 2 2 2 2 2 2 2 2 2 2 2 2 2
left_child=1 2 3 13 -5 6 -4 -7 9 -3 -9 12 -2 -1
right_child=11 8 5 4 -6 7 -8 10 -10 -11 -12 -13 -14 -15
leaf_value=0.0031492511489801694 0.00042873608540812299 0.0020383942655924554 0.0017831277230250988 0.0025195850368327885 -0.0028500301201183709 0.0029202200470908692 -0.00027449763554022257 0.0012647450107808602 -0.001912615901941486 0.024376701452503247 -0.0025315721849685311 0.00036017215862965435 -0.001228764506498033 0.0096588700277914497
leaf_weight=30546 37182 4656 32031 14283 8168 33492 151836 29590 41021 210 8318 58294 228480 2018
leaf_count=30546 37182 4656 32031 14283 8168 33492 151836 29590 41021 210 8318 58294 228480 2018
internal_value=-7.30083e-05 0.000545124 0.000831514 0.00233385 0.000566041 0.000507731 8.3956e-05 0.00159902 -0.00139141 0.00300244 0.000431734 -0.000752605 -0.000996781 0.00355265
internal_weight=680125 356169 310282 55015 22451 255267 183867 71400 45887 4866 37908 323956 265662 32564
internal_count=680125 356169 310282 55015 22451 255267 183867 71400 45887 4866 37908 323956 265662 32564
is_linear=0
shrinkage=0.05


Tree=31
num_leaves=15
num_cat=0
split_feature=0 16 8 0 14 16 0 14 0 5 17 17 5 17
split_gain=113.014 71.9249 59.0014 83.7691 73.8009 51.6169 44.7159 43.0832 58.9284 39.3727 39.504 53.3441 45.3155 44.4883
threshold=0.53758311964883321 0.84160689584507409 0.86139351640082051 0.016766985042349976 0.50150376279894371 0.0094007180336923516 0.15153661258477127 0.50061614505033958 0.076359158083296033 0.9976918630514291 0.47937637980272624 0.85125707102451298 0.82908627087198528 0.47405002405002411
decision_type=2 2 2 2 2 2 2 2 2 2 2 2 2 2
left_child=1 2 3 -1 5 -4 -5 8 -3 10 13 -12 -13 -7
right_child=-2 7 4 6 -6 9 -8 -9 -10 -11 11 12 -14 -15
leaf_value=0.0074367874417191303 -0.00068827233489452452 0.01932144992204134 0.010220312830687573 0.0023151082142916827 -0.0041332571476531644 -0.0010612800360118742 0.00072620812636696236 -0.0012322987443440542 0.0015499579356979224 0.016221902506168805 0.0040875571158548061 -0.0047415723739871428 0.0079120658934933707 -0.012625524449527338
leaf_weight=5314 315223 570 1300 57551 11763 18418 192026 59822 2568 373 9356 3867 866 871
leaf_count=5314 315223 570 1300 57551 11763 18418 192026 59822 2568 373 9356 3867 866 871
internal_value=5.08312e-06 0.000604432 0.000925209 0.00122486 -0.000706337 0.000443727 0.0010926 -0.000932736 0.00477805 6.71582e-05 -0.000113372 0.00189931 -0.00242633 -0.00158347
internal_weight=679888 364665 301705 254891 46814 35051 249577 62960 3138 33751 33378 14089 4733 19289
internal_count=679888 364665 301705 254891 46814 35051 249577 62960 3138 33751 33378 14089 4733 19289
is_linear=0
shrinkage=0.05


Tree=32
num_leaves=15
num_cat=0
split_feature=0 14 14 8 0 13 14 3 0 2 10 14 14 5
split_gain=90.4918 73.4093 71.6214 65.6088 65.337 64.924 62.467 61.474 59.0152 52.4159 50.8554 98.1783 51.3692 74.5223
threshold=0.22684436888646428 0.50058105772087635 0.50057142931778531 0.85349890418464502 0.044380749944603573 0.11173713390892163 0.50150376279894371 0.17959476894205958 0.016766985042349976 0.23889222355608913 0.26319185059422756 0.50066357029882258 0.5016694537346712 0.91939444265866654
decision_type=2 2 2 2 2 2 2 2 2 2 2 2 2 2
left_child=1 2 -1 5 -4 -3 7 -5 -7 -2 11 -11 13 -12
right_child=9 3 4 6 -6 8 -8 -9 -10 10 12 -13 -14 -15
leaf_value=0.0035182637710840857 0.00053614480926142633 -0.0020685754232590585 0.041196649409416211 0.0039895654198076119 0.012000307219134511 0.0068566749746979535 -0.0047390631190943923 -0.0013986782191325452 0.0015881728309086155 -0.0057975758014587424 -0.00015979904846050586 -0.00097482642870807537 -0.0015352736005445292 0.0031282914887905753
leaf_weight=3407 143604 11611 236 7562 1019 5621 8499 17645 97742 11903 200206 93028 59336 18855
leaf_count=3407 143604 11611 236 7562 1019 5621 8499 17645 97742 11903 200206 93028 59336 18855
internal_value=3.2481e-05 0.00110148 0.00727959 0.000907765 0.0174906 0.00147646 -0.0010321 0.000217773 0.00187468 -0.000278609 -0.000583835 -0.0015219 -0.000230268 0.000123213
internal_weight=680274 153342 4662 148680 1255 114974 33706 25207 103363 526932 383328 104931 278397 219061
internal_count=680274 153342 4662 148680 1255 114974 33706 25207 103363 526932 383328 104931 278397 219061
is_linear=0
shrinkage=0.05


Tree=33
num_leaves=15
num_cat=0
split_feature=0 8 5 14 6 10 0 3 4 7 0 9 8 3
split_gain=103.25 66.3501 66.112 92.4496 54.5629 50.1143 47.8553 44.1566 40.2148 42.6183 47.4405 38.9474 38.7352 41.5687
threshold=0.57273423360712805 0.58574904067085476 0.91163133198616308 0.50138696522006787 0.96169312000679941 0.1755214899606907 0.020516328177066893 0.088907531692766606 0.74688537991121795 0.10547410102739728 0.24619140566885464 0.60266868010128727 0.86930574352399281 0.26248193302694228
decision_type=2 2 2 2 2 2 2 2 2 2 2 2 2 2
left_child=1 6 12 4 7 -5 -1 -4 9 -8 11 -11 -3 -14
right_child=-2 2 3 5 -6 -7 8 -9 -10 10 -12 -13 13 -15
leaf_value=0.0061970745130484513 -0.00065367361526596807 3.6811903381843002e-05 0.012371389546110639 -0.0098914613360296007 -0.0046439374853344149 -0.00011550573979534316 -0.0010389254835855091 0.0042541589177852003 -0.00013324157590479283 0.0039191675326197134 0.0010684857032747712 0.00088423628877458806 0.00021989357688959044 -0.0027914716593838498
leaf_weight=4656 291430 101763 1918 1681 1524 5955 15257 13246 51986 34419 91698 15257 18229 30861
leaf_count=4656 291430 101763 1918 1681 1524 5955 15257 13246 51986 34419 91698 15257 18229 30861
internal_value=5.77037e-05 0.000591406 -0.000129623 0.00228935 0.00437449 -0.0022676 0.00118364 0.00528086 0.00107175 0.00147169 0.00174263 0.00298705 -0.000519665 -0.00167324
internal_weight=679880 388450 175177 24324 16688 7636 213273 15164 208617 156631 141374 49676 150853 49090
internal_count=679880 388450 175177 24324 16688 7636 213273 15164 208617 156631 141374 49676 150853 49090
is_linear=0
shrinkage=0.05


Tree=34
num_leaves=15
num_cat=0
split_feature=1 16 1 17 8 3 17 2 9 8 14 10 14 3
split_gain=96.0793 72.9759 54.573 43.0396 42.807 40.7121 81.1519 75.9304 51.2348 40.5128 63.4988 38.619 38.3242 37.9023
threshold=0.62720622495573586 0.84160689584507409 0.028748716632443536 0.28792813550878071 0.72632126622487558 0.20742190331231428 0.89897099739914121 0.94388041411850943 0.96232111573726498 0.9782885980479149 0.50104712156697639 0.19181490443071839 0.50066800297009217 0.84974731361188405
decision_type=2 2 2 2 2 2 2 2 2 2 2 2 2 2
left_child=1 2 9 -3 -4 6 7 -6 -8 13 -11 -2 -5 -1
right_child=11 3 4 12 5 -7 8 -9 -10 10 -12 -13 -14 -15
leaf_value=0.0053700388136914447 -0.0019732795002526137 -0.0042966688404633005 0.00097635426627842999 0.0031956741005076902 0.0017367122534715181 -0.00090284954959293285 -0.0054470210247609544 0.010828090888388773 0.013562513084464534 0.0063267833112651333 -0.033066114157354512 -0.00044000449069469774 -0.00095784584413377647 -0.0011874433458752567
leaf_weight=11888 51500 8691 249586 6184 15472 68321 4756 2697 383 223 189 202737 54486 2705
leaf_count=11888 51500 8691 249586 6184 15472 68321 4756 2697 383 223 189 202737 54486 2705
internal_value=1.84649e-05 0.000477892 0.000766805 -0.00100589 0.000637026 -0.000287261 0.00151717 0.00308623 -0.00403028 0.00371798 -0.0117442 -0.000750595 -0.000534484 0.00415453
internal_weight=679818 425581 356220 69361 341215 91629 23308 18169 5139 15005 412 254237 60670 14593
internal_count=679818 425581 356220 69361 341215 91629 23308 18169 5139 15005 412 254237 60670 14593
is_linear=0
shrinkage=0.05


Tree=35
num_leaves=15
num_cat=0
split_feature=0 8 14 4 14 14 0 7 10 17 17 14 17 0
split_gain=105.298 55.1197 44.3534 43.4736 50.501 45.9598 40.7625 37.6424 37.0536 36.1883 55.3938 55.0348 49.4737 41.4567
threshold=0.30122354316619421 0.5659773134571523 0.50057636906755121 0.75878995617062961 0.50057636906755121 0.50064143708238718 0.044380749944603573 0.029756985438803622 0.67344259528999373 0.47884860778542054 0.91804128970818322 0.5005112479782704 0.9221807285104725 0.024442181489024672
decision_type=2 2 2 2 2 2 2 2 2 2 2 2 2 2
left_child=1 2 -1 4 8 -5 7 -4 -2 -3 11 -11 -12 -13
right_child=3 9 6 5 -6 -7 -8 -9 -10 10 12 13 -14 -15
leaf_value=0.0090528582623658812 -0.0058493848039996507 -0.00049680467721812944 -0.0090799663886961448 0.0019663890527056144 -2.5819838064921843e-05 -0.001583747415388688 0.0013106501919101399 0.0052511174927694871 0.0011309086943728688 -0.01628677693822583 -0.021213608226492719 0.0080200949884838366 -0.0021025353736146028 0.0018513129224904856
leaf_weight=2078 6443 68526 480 10041 357304 99015 86202 10091 2697 397 367 3015 4383 28175
leaf_count=2078 6443 68526 480 10041 357304 99015 86202 10091 2697 397 367 3015 4383 28175
internal_value=2.69731e-05 0.000978105 0.0018252 -0.000380512 -0.000119699 -0.00125688 0.00167 0.00460038 -0.00378966 0.000179574 0.00145512 0.00221216 -0.00357912 0.00244762
internal_weight=679214 203714 98851 475500 366444 109056 96773 10571 9140 104863 36337 31587 4750 31190
internal_count=679214 203714 98851 475500 366444 109056 96773 10571 9140 104863 36337 31587 4750 31190
is_linear=0
shrinkage=0.05


Tree=36
num_leaves=15
num_cat=0
split_feature=15 17 11 8 1 13 10 17 10 17 8 4 1 4
split_gain=58.1132 55.4921 50.2445 53.4097 59.1159 38.1281 35.7331 35.3644 34.6915 33.3178 33.1299 32.0095 30.1804 26.9884
threshold=0.90775294545398288 0.27472379230800364 0.80255799449959631 0.71865869344850208 0.096116409436437109 0.36998171136372676 0.95057586877708034 0.44347279877649121 0.72836019635510874 0.43350528237902702 0.9782885980479149 0.81398705461205478 0.024685715575416978 0.21368234807299918
decision_type=2 2 2 2 2 2 2 2 2 2 2 2 2 2
left_child=1 -1 3 4 5 -3 -4 9 12 -5 -2 -6 -7 -8
right_child=10 2 6 7 11 8 13 -9 -10 -11 -12 -13 -14 -15
leaf_value=-0.0019564402134301948 -0.0016254136472502426 -0.00020276382270782912 0.0015088899565600755 -0.0013024082821261104 0.00035269883802596934 0.0087851193419141958 0.0030126482560280292 -0.00011664591324391603 0.00012033827271609524 -0.0048494473017210602 0.005786822590348537 -0.0010584328919198845 0.0035808000164430456 -0.0021948108208224492
leaf_weight=30003 62131 9755 102198 49315 260505 3548 3148 73070 5520 7647 1545 47517 12966 11869
leaf_count=30003 62131 9755 102198 49315 260505 3548 3148 73070 5520 7647 1545 47517 12966 11869
internal_value=-7.45127e-06 0.000140951 0.000248144 1.71025e-05 0.000346872 0.00239972 0.00117425 -0.000844679 0.0035519 -0.00177859 -0.00144557 0.000135011 0.00469894 -0.00110318
internal_weight=680737 617061 587058 469843 339811 31789 117215 130032 22034 56962 63676 308022 16514 15017
internal_count=680737 617061 587058 469843 339811 31789 117215 130032 22034 56962 63676 308022 16514 15017
is_linear=0
shrinkage=0.05


Tree=37
num_leaves=15
num_cat=0
split_feature=0 8 5 14 6 5 6 13 14 14 17 0 14 6
split_gain=70.81 66.4972 73.0248 92.219 70.9244 54.366 52.9817 46.661 79.8875 46.3943 45.0428 44.3774 44.0359 43.7179
threshold=0.67188614479315267 0.23554316151531077 0.89182640502775412 0.50140252730305612 0.9704391681022646 0.9938712908476276 0.87392302705484715 0.25826820197681127 0.50061614505033958 0.50107411509529753 0.45790900979293264 0.012950701567806788 0.50068073550946279 0.45289004998869603
decision_type=2 2 2 2 2 2 2 2 2 2 2 2 2 2
left_child=1 -1 7 4 5 6 -4 8 13 -10 -9 -11 -7 -3
right_child=-2 2 3 -5 -6 12 -8 10 9 11 -12 -13 -14 -15
leaf_value=0.0015131996223890485 -0.00071344183571079493 0.0002790078170278268 0.0051623943576104021 -0.0014416709089553671 -0.0058271443706313323 0.027880613765582637 0.00070538885331158409 -0.00051868825150022874 -0.00046251057910194409 -0.014811382551112379 0.00087607720346807882 -0.0027273309371357527 0.0084992999728737834 0.010375070001217741
leaf_weight=99633 224552 2141 16897 14250 1958 350 11014 125019 37370 777 107794 34242 1802 2148
leaf_count=99633 224552 2141 16897 14250 1958 350 11014 125019 37370 777 107794 34242 1802 2148
internal_value=1.31919e-05 0.00037149 5.1748e-05 0.00190441 0.00339348 0.00399402 0.00340361 -0.000225237 -0.00129501 -0.00168785 0.000127098 -0.00299545 0.0116515 0.00533528
internal_weight=679947 455395 355762 46271 32021 30063 27911 309491 76678 72389 232813 35019 2152 4289
internal_count=679947 455395 355762 46271 32021 30063 27911 309491 76678 72389 232813 35019 2152 4289
is_linear=0
shrinkage=0.05


Tree=38
num_leaves=15
num_cat=0
split_feature=3 14 0 14 8 14 7 10 14 12 8 1 2 14
split_gain=74.3668 112.442 75.9002 47.887 61.8154 40.5096 40.0508 67.9984 42.7039 46.6887 41.3471 39.4322 44.9154 37.2356
threshold=0.90345324455927667 0.50058651046568603 0.080218892170165229 0.50069300102581449 0.86539755668288654 0.50068634212152741 0.025658350658350662 0.69286591786591789 0.50108460380199527 0.66420843485323133 0.95899615940439853 0.50092112271797373 0.17195546369169076 0.50057636906755121
decision_type=2 2 2 2 2 2 2 2 2 2 2 2 2 2
left_child=2 -2 3 5 -5 -1 7 8 10 -10 -6 12 -4 -13
right_child=1 -3 11 4 6 -7 -8 -9 9 -11 -12 13 -14 -15
leaf_value=0.0049333850792965322 0.0093619774281939582 -0.0019944587396005082 0.0019898401217294903 0.0025840720136803717 -0.0068009524570929042 0.021058506571341614 -0.0033396301146663985 0.028217331925911377 -0.026672700480799883 0.0060671823167070321 0.024597824761771005 -0.0038112420221775539 0.00016667310873903887 -0.00030080596310755954
leaf_weight=6841 2256 64401 39915 28063 185 413 8180 277 231 206 242 7748 219851 301660
leaf_count=6841 2256 64401 39915 28063 185 413 8180 277 231 206 242 7748 219851 301660
internal_value=-2.39294e-05 -0.0016101 0.000148321 0.0021337 0.00141231 0.00585145 -0.00211555 0.00666007 -0.000251223 -0.0112393 0.0109941 -7.38423e-06 0.000446816 -0.000388712
internal_weight=680469 66657 613812 44638 37384 7254 9321 1141 864 437 427 569174 259766 309408
internal_count=680469 66657 613812 44638 37384 7254 9321 1141 864 437 427 569174 259766 309408
is_linear=0
shrinkage=0.05


Tree=39
num_leaves=15
num_cat=0
split_feature=3 0 14 9 11 14 4 14 17 5 8 17 8 7
split_gain=70.8831 70.1868 67.3438 59.7134 52.8407 48.7667 44.4155 49.7396 60.0239 42.9655 40.5958 37.8958 36.7586 41.7278
threshold=0.70048020937820688 0.080218892170165229 0.50058651046568603 0.58300376721429359 0.96719241596290784 0.50066357029882258 0.62470852334802729 0.50140252730305612 0.42408128584578353 0.84850035668868851 0.50705129364117962 0.28792813550878071 0.99375812701602773 0.025658350658350662
decision_type=2 2 2 2 2 2 2 2 2 2 2 2 2 2
left_child=1 5 3 -2 11 -1 -4 8 -8 10 -7 -3 13 -13
right_child=2 4 6 -5 -6 9 7 -9 -10 -11 -12 12 -14 -15
leaf_value=0.0076212688876258015 9.2892081709964035e-06 -0.0022448981828542408 1.6671268309988488e-05 0.0093649427125857485 0.0032509864102708342 0.0035372544060510895 -0.0020498023778245085 -0.0030346215925369903 0.0006293099555806825 0.0057546728229088285 -0.00066121044172756161 -0.0028133531775072114 0.0069203074360563019 0.00022682733622791604
leaf_weight=4127 3927 16863 75410 3015 13538 9237 46775 37772 37803 5656 15285 11617 2009 396955
leaf_count=4127 3927 16863 75410 3015 13538 9237 46775 37772 37803 5656 15285 11617 2009 396955
internal_value=1.00009e-05 0.000345023 -0.00076787 0.00407257 0.000175555 0.00252349 -0.000937784 -0.00152606 -0.000852346 0.00182635 0.000920276 7.81499e-05 0.00017356 0.000140385
internal_weight=679989 475287 204702 6942 440982 34305 197760 122350 84578 30178 24522 427444 410581 408572
internal_count=679989 475287 204702 6942 440982 34305 197760 122350 84578 30178 24522 427444 410581 408572
is_linear=0
shrinkage=0.05


Tree=40
num_leaves=15
num_cat=0
split_feature=3 0 6 14 14 9 3 16 2 11 2 14 17 14
split_gain=66.329 78.4222 52.6209 75.4711 49.2712 51.4224 42.0549 41.0175 38.0293 37.8433 42.5074 45.0542 40.6976 37.9465
threshold=0.72040559296766571 0.080218892170165229 0.093910836459942623 0.50102354252573011 0.50058651046568603 0.5674194806558559 0.97060366644034335 0.86930273410450976 0.99010716557652478 0.7001471690267137 0.80626501859378574 0.50096993301723503 0.28792813550878071 0.50058651046568603
decision_type=2 2 2 2 2 2 2 2 2 2 2 2 2 2
left_child=1 -1 3 -3 5 -2 -7 -6 -9 12 -11 -12 -4 -14
right_child=4 2 9 -5 7 6 -8 8 -10 10 11 -13 13 -15
leaf_value=0.0025694055270966808 -0.00059701401249444633 -0.0034519843624089344 -0.0028068776362884192 0.00047187776995260525 -0.00064171307112486373 0.0061752255344562764 0.024833881389486258 -0.0030991516605493722 0.0071469474537322903 0.00061904280109561973 0.0056044183982365096 0.00097486161762903748 -0.0029752114733156004 0.00023727477233695827
leaf_weight=35259 3551 23720 12359 25352 157647 2640 341 26227 938 96218 9690 11483 9522 265573
leaf_count=35259 3551 23720 12359 25352 157647 2640 341 26227 938 96218 9690 11483 9522 265573
internal_value=-1.08099e-05 0.000297918 0.000121476 -0.0014248 -0.000800082 0.00346769 0.00830961 -0.000950922 -0.00274536 0.000308903 0.00106536 0.00309362 -2.2234e-08 0.000126079
internal_weight=680520 489176 453917 49072 191344 6532 2981 184812 27165 404845 117391 21173 287454 275095
internal_count=680520 489176 453917 49072 191344 6532 2981 184812 27165 404845 117391 21173 287454 275095
is_linear=0
shrinkage=0.05


Tree=41
num_leaves=15
num_cat=0
split_feature=1 9 11 13 6 5 14 14 4 1 8 10 14 14
split_gain=66.7853 42.5503 53.3785 48.5776 58.5985 46.2554 43.8049 42.9546 42.1174 40.053 38.075 37.5898 62.1217 40.1363
threshold=0.38430635887901954 0.61829195148640437 0.7160570699383485 0.34221455176695109 0.066850624900160513 0.95919709989258872 0.50090497811672841 0.50205339674829663 0.68741257646807963 0.10006218905472639 0.88511232011897867 0.19181490443071839 0.50066006629418314 0.50220751627616866
decision_type=2 2 2 2 2 2 2 2 2 2 2 2 2 2
left_child=1 2 3 4 -1 8 -6 -5 -3 -9 -10 12 -2 -14
right_child=11 5 -4 7 6 -7 -8 9 10 -11 -12 -13 13 -15
leaf_value=-0.009906623654450426 -0.0052212372369368591 0.00033800804436963773 0.0028775445719205345 0.0008255275512406749 0.001945410909026145 0.0045719898032495617 -0.0020848847159922841 0.0091881568504726847 -0.00098328935101035103 0.0024301508037669148 -0.0053041986171538172 -0.00012789069888738435 -0.0012957935292206078 0.0020971000217277725
leaf_weight=1762 9063 70382 35866 75334 11071 5026 17242 2874 25037 9246 6402 336184 64515 10078
leaf_count=1762 9063 70382 35866 75334 11071 5026 17242 2874 25037 9246 6402 336184 64515 10078
internal_value=2.62039e-05 0.000655541 0.00118913 0.000673883 -0.00105953 -0.000110509 -0.000508951 0.00127 -0.000341643 0.00403267 -0.00186317 -0.000363897 -0.00131232 -0.000837392
internal_weight=680082 260242 153395 117529 30075 106847 28313 87454 101821 12120 31439 419840 83656 74593
internal_count=680082 260242 153395 117529 30075 106847 28313 87454 101821 12120 31439 419840 83656 74593
is_linear=0
shrinkage=0.05


Tree=42
num_leaves=15
num_cat=0
split_feature=15 5 14 11 8 6 5 1 14 8 16 2 17 2
split_gain=56.5778 44.8155 95.0981 60.6396 57.7875 53.3039 46.9466 45.5984 41.4162 38.5908 38.1327 37.8468 37.2156 36.7266
threshold=0.90775294545398288 0.89978445773002413 0.50069300102581449 0.78322844514809697 0.71865869344850208 0.93398349438785433 0.98576874113936885 0.13594620643956509 0.50115607090924652 0.96670620234415172 0.86930273410450976 0.97458396136454528 0.44347279877649121 0.22309977311887483
decision_type=2 2 2 2 2 2 2 2 2 2 2 2 2 2
left_child=1 4 11 10 7 6 -5 -1 9 -8 -4 -3 -6 -9
right_child=-2 2 3 5 12 -7 8 13 -10 -11 -12 -13 -14 -15
leaf_value=0.0016021599051783927 -0.001453918262157303 0.0049140940806300694 0.00046648196882970747 0.0034244744460387396 -0.001752162459467396 -0.0022805865280575996 0.013272169870205795 0.00085496999474143638 0.0049634326173266345 0.036368844443638852 -0.0030776998745463083 0.015347240558291994 -0.00015631443433473201 -0.00026701818288479482
leaf_weight=55840 63760 8598 26721 10128 66888 3461 628 103438 973 254 10600 967 80500 247344
leaf_count=55840 63760 8598 26721 10128 66888 3461 628 103438 973 254 10600 967 80500 247344
internal_value=-3.60281e-05 0.000110652 0.00138176 0.000550237 -3.23574e-05 0.00318518 0.00476384 0.000275085 0.0120766 0.0199236 -0.000540145 0.00596886 -0.000880546 6.38318e-05
internal_weight=680100 616340 62330 52765 554010 15444 11983 406622 1855 882 37321 9565 147388 350782
internal_count=680100 616340 62330 52765 554010 15444 11983 406622 1855 882 37321 9565 147388 350782
is_linear=0
shrinkage=0.05


Tree=43
num_leaves=15
num_cat=0
split_feature=0 8 5 6 13 11 16 1 4 11 17 7 8 17
split_gain=55.2639 50.6751 51.911 64.7954 44.6594 41.701 34.4858 34.4802 37.6729 43.5969 32.6918 37.6001 35.9269 30.2063
threshold=0.73517513970287596 0.15661302929840168 0.89594865991783157 0.86756793788536213 0.12732563170647285 0.81424490619606982 0.032504876462938891 0.02084782104775151 0.34849674135388425 0.98272718533178194 0.26821420019157094 0.013673544337606839 0.98980334491875366 0.34175633331122762
decision_type=2 2 2 2 2 2 2 2 2 2 2 2 2 2
left_child=1 -1 4 5 -3 -4 -5 8 -6 -10 -9 12 -12 -8
right_child=-2 2 3 6 7 -7 13 10 9 -11 11 -13 -14 -15
leaf_value=0.0015727685302496142 -0.00066277418007882694 -0.0015452440331907853 0.0021614501479950286 0.015355867390156527 0.0071000362901646533 0.0066450664782617408 -0.0035591603721485824 -0.0023827810883298066 0.001180153054970035 -0.028723933024331929 -0.006276732500924702 0.00022507766614233396 0.013831450341918954 0.00056082303811669362
leaf_weight=73203 180803 44298 20406 347 3674 6953 6042 13122 4884 125 3332 305136 238 16872
leaf_count=73203 180803 44298 20406 347 3674 6953 6042 13122 4884 125 3332 305136 238 16872
internal_value=8.60917e-05 0.000357629 0.000148542 0.00165144 -5.44332e-05 0.00330091 -0.000288627 0.000145378 0.00325451 0.000433894 6.14933e-05 0.000165391 -0.00493619 -0.000525541
internal_weight=679435 498632 425429 50620 374809 27359 23261 330511 8683 5009 321828 308706 3570 22914
internal_count=679435 498632 425429 50620 374809 27359 23261 330511 8683 5009 321828 308706 3570 22914
is_linear=0
shrinkage=0.05


Tree=44
num_leaves=15
num_cat=0
split_feature=3 0 14 14 6 10 0 6 14 10 13 13 3 17
split_gain=60.6158 69.3933 45.5107 43.887 64.226 56.6184 46.4568 41.8192 65.0494 44.814 42.142 41.5297 39.6658 55.4249
threshold=0.676523741510479 0.12379376308668943 0.50058651046568603 0.50064143708238718 0.36626591454134055 0.47552886260539967 0.020516328177066893 0.1728573822136816 0.50111607698938243 0.10440197853190894 0.0052793674978631692 0.29060371382706413 0.89967096362199783 0.36848255213163411
decision_type=2 2 2 2 2 2 2 2 2 2 2 2 2 2
left_child=1 3 12 4 -1 6 -6 8 9 -3 -10 -5 -2 -14
right_child=2 7 -4 11 5 -7 -8 -9 10 -11 -12 -13 13 -15
leaf_value=0.00037532684775086245 0.00068658948923242544 -0.0061854772876139986 -0.00080991570681601113 -0.00049628507193141683 0.041448466825049102 0.0048100258966666722 0.015387061240331229 0.00038367637804497684 -0.029136321949871192 -0.0014816648454906202 0.00078904810489704199 0.0026351499508478048 -0.00085787935797047583 0.014770856157787166
leaf_weight=2206 5137 5691 213612 15907 205 1317 1031 315909 118 45925 39194 31664 946 1417
leaf_count=2206 5137 5691 213612 15907 205 1317 1031 315909 118 45925 39194 31664 946 1417
internal_value=4.63703e-06 0.000332159 -0.000675504 0.00204603 0.00662403 0.0120234 0.0197095 0.00011171 -0.000833177 -0.00200029 0.000699223 0.00158805 0.00315277 0.00851407
internal_weight=680279 459167 221112 52330 4759 2553 1236 406837 90928 51616 39312 47571 7500 2363
internal_count=680279 459167 221112 52330 4759 2553 1236 406837 90928 51616 39312 47571 7500 2363
is_linear=0
shrinkage=0.05


Tree=45
num_leaves=15
num_cat=0
split_feature=5 16 15 8 0 4 4 4 9 10 17 8 16 5
split_gain=53.918 61.962 53.1379 48.1532 46.0791 43.8221 32.2646 29.8014 35.001 29.3753 28.474 37.3729 27.7712 35.687
threshold=0.98986730942230239 0.84566521561966712 0.62766833748115969 0.86139351640082051 0.016766985042349976 0.041524433104594589 0.13174664185143228 0.041524433104594589 0.90396069966856574 0.021289185446304926 0.28792813550878071 0.98219447120729286 0.0055376107777698287 0.88024714901407386
decision_type=2 2 2 2 2 2 2 2 2 2 2 2 2 2
left_child=1 2 3 4 -1 -2 -3 -6 -9 -4 11 -8 13 -5
right_child=5 6 9 12 7 -7 10 8 -10 -11 -12 -13 -14 -15
leaf_value=0.0053808713491176894 0.025277560713940658 0.0028048440086847807 -0.0044954684095304615 0.0042586916701148163 -0.0019972008117158982 0.0034440494425850912 -0.0031680261063628187 0.0009147827929937933 -0.0010371795945254569 -0.00040236911858486547 -0.0010672814296378863 -0.020526700082627483 -0.0011397246944723489 0.036403463443390807
leaf_weight=5247 237 4790 4477 595 10235 7585 12439 268001 25118 209824 84915 318 45887 101
leaf_count=5247 237 4790 4477 595 10235 7585 12439 268001 25118 209824 84915 318 45887 101
internal_value=-2.17008e-05 -6.97457e-05 0.000133914 0.000509074 0.000735263 0.00410559 -0.00120169 0.00065491 0.000747515 -0.000487879 -0.00139818 -0.00360073 -0.000989371 0.00892338
internal_weight=679769 671947 569485 355184 308601 7822 102462 303354 293119 214301 97672 12757 46583 696
internal_count=679769 671947 569485 355184 308601 7822 102462 303354 293119 214301 97672 12757 46583 696
is_linear=0
shrinkage=0.05


Tree=46
num_leaves=15
num_cat=0
split_feature=4 5 14 14 8 6 14 7 0 10 0 14 5 14
split_gain=53.7027 76.7614 71.5981 59.5636 48.5735 46.7353 46.4888 43.6781 68.8895 42.3219 42.2244 107.323 36.154 42.9293
threshold=0.64784499696352671 0.89594865991783157 0.50099304963867597 0.50057142931778531 0.88086290049639004 0.54431364056932507 0.50057142931778531 0.021753918958887907 0.0089839576303106256 0.75927199551683744 0.10812615018222498 0.50057636906755121 0.94341528492471893 0.50056657387481329
decision_type=2 2 2 2 2 2 2 2 2 2 2 2 2 2
left_child=1 6 4 12 -3 -6 9 8 -8 -1 11 -9 -2 -14
right_child=3 2 -4 -5 5 -7 7 10 -10 -11 -12 -13 13 -15
leaf_value=-0.0052894223908122682 0.0032041213296985661 0.0039828579620003303 0.00042568821383440534 -0.00073054644487526542 0.024104961242908278 0.008301140720449008 0.021578688618938694 0.039909069015569038 -0.0038110064690956794 0.0027411029196886426 0.00015110414991732169 0.0017310295537598973 0.0091778364023371219 0.04202748151492415
leaf_weight=6915 4659 8674 12480 235141 581 2401 275 185 9376 2151 360019 36993 446 128
leaf_count=6915 4659 8674 12480 235141 581 2401 275 185 9376 2151 360019 36993 446 128
internal_value=-1.21149e-05 0.000316185 0.0030575 -0.00061313 0.00587537 0.0113803 0.000157103 0.000236014 -0.00308754 -0.0033841 0.000316769 0.00192101 0.00466288 0.0165032
internal_weight=680424 440050 24136 240374 11656 2982 415914 406848 9651 9066 397197 37178 5233 574
internal_count=680424 440050 24136 240374 11656 2982 415914 406848 9651 9066 397197 37178 5233 574
is_linear=0
shrinkage=0.05


Tree=47
num_leaves=15
num_cat=0
split_feature=16 15 9 14 11 11 5 14 8 2 0 4 15 8
split_gain=55.6612 50.7791 43.8367 43.6272 43.1868 42.9507 44.8698 38.0012 33.5784 32.4308 31.2822 42.12 39.9756 30.4049
threshold=0.84963303246182298 0.62766833748115969 0.66576817938262312 0.5016583793535897 0.61685303181742468 0.21468158929010075 0.95541874485382505 0.50060315035104963 0.90867837304957977 0.48013024670818089 0.036463331733845174 0.99000998003992025 0.25015883100381203 0.92780424241129611
decision_type=2 2 2 2 2 2 2 2 2 2 2 2 2 2
left_child=1 2 4 -4 9 -2 7 -7 -8 -1 11 12 -11 -5
right_child=5 -3 3 13 -6 6 8 -9 -10 10 -12 -13 -14 -15
leaf_value=0.0011324001876287313 -0.0031509946598111114 -0.00044875655603796011 0.00023391020484029323 -0.0014159159591684213 0.0018792127977521372 0.0040228260824759898 0.00070950884632063518 -0.0012762214381929187 0.0071969510531946172 0.0035323298150559492 -0.00055824355612432719 -0.027408969729146526 0.031443164658699195 -0.0065142847272899708
leaf_weight=82342 20546 217115 97450 22025 78128 3556 6797 69669 2823 4563 71802 107 132 3372
leaf_count=82342 20546 217115 97450 22025 78128 3556 6797 69669 2823 4563 71802 107 132 3372
internal_value=-3.62738e-05 0.00015515 0.000519444 -0.000247114 0.000916659 -0.00110463 -0.00059712 -0.00101889 0.00261326 0.000443527 -0.000296946 0.00361011 0.00431704 -0.00209283
internal_weight=680427 577036 359921 122847 237074 103391 82845 73225 9620 158946 76604 4802 4695 25397
internal_count=680427 577036 359921 122847 237074 103391 82845 73225 9620 158946 76604 4802 4695 25397
is_linear=0
shrinkage=0.05


Tree=48
num_leaves=15
num_cat=0
split_feature=3 5 3 11 9 14 17 14 6 17 10 10 14 16
split_gain=51.8775 53.6008 63.3319 58.7841 53.2386 48.3469 37.1572 58.9784 50.3655 44.898 40.5592 35.7266 33.7825 56.5707
threshold=0.82216318558111345 0.89594865991783157 0.0055478608802708535 0.72765556086933436 0.81423879858961146 0.50058651046568603 0.36848255213163411 0.50055834885861161 0.88065179875215727 0.4990580642989963 0.42030007563214167 0.013535725783444095 0.50099304963867597 0.16232055773061341
decision_type=2 2 2 2 2 2 2 2 2 2 2 2 2 2
left_child=1 -1 4 -4 -3 6 -2 10 9 -9 -8 -7 13 -5
right_child=5 2 3 12 -6 11 7 8 -10 -11 -12 -13 -14 -15
leaf_value=8.7566906045082149e-05 -0.0019411664204689147 0.010172093123379425 0.00040268224697838752 0.017169162275519324 0.053195379698613238 -0.0086642838127621268 -0.011597376115202836 0.0040393712524631311 0.031673536166002055 0.028627406837864935 0.0068793303842682564 -0.0009886214306353495 0.0019147850610706668 0.0047985958457036348
leaf_weight=511068 1492 233 30485 1070 104 1536 467 820 342 240 816 116445 8341 6781
leaf_count=511068 1492 233 30485 1070 104 1536 467 820 342 240 816 116445 8341 6781
internal_value=3.19013e-05 0.000236188 0.00185178 0.00169585 0.0234493 -0.000901388 0.0043851 0.00790047 0.0149895 0.00960647 0.000153982 -0.00108855 0.00413053 0.00648456
internal_weight=680240 558082 47014 46677 337 122158 4177 2685 1402 1060 1283 117981 16192 7851
internal_count=680240 558082 47014 46677 337 122158 4177 2685 1402 1060 1283 117981 16192 7851
is_linear=0
shrinkage=0.05


Tree=49
num_leaves=15
num_cat=0
split_feature=4 5 14 8 14 8 14 13 6 14 4 1 14 8
split_gain=46.5328 60.3315 64.9172 55.1052 50.5653 46.0656 44.8981 51.6937 44.8443 52.0853 40.3846 39.5544 45.129 36.7987
threshold=0.64784499696352671 0.7977632319526381 0.50103842271892074 0.94739785705875434 0.50057142931778531 0.73031947883245196 0.50265253855679404 0.42118700124800018 0.093910836459942623 0.50102354252573011 0.0054982843841165719 0.48591980278242292 0.50057636906755121 0.99375812701602773
decision_type=2 2 2 2 2 2 2 2 2 2 2 2 2 2
left_child=1 8 3 -3 -2 -4 -6 -8 9 13 -11 -10 -13 -1
right_child=4 2 5 -5 6 -7 7 -9 11 10 -12 12 -14 -15
leaf_value=-0.0029960998585878492 0.0043420750911296142 0.0028758146464668969 0.0017364297317468429 0.010669279824520936 -0.00042164769253700337 -0.0026115498333837694 -0.0057567819186089449 -0.00073826880356688517 0.00090442387565248304 -0.011516896704871847 0.0005750867263297903 -0.0052556648323354117 -6.0397704422553428e-05 0.014615155950033418
leaf_weight=26281 5209 25562 16156 2489 214052 9779 8829 12252 158907 708 27927 4287 167532 300
leaf_count=26281 5209 25562 16156 2489 214052 9779 8829 12252 158907 708 27927 4287 167532 300
internal_value=2.8951e-05 0.000334607 0.00190017 0.00356734 -0.00053053 9.69891e-05 -0.000638475 -0.00284009 0.000115614 -0.00120345 0.000276113 0.000335836 -0.000190023 -0.00279733
internal_weight=680270 439928 53986 28051 240342 25935 235133 21081 385942 55216 28635 330726 171819 26581
internal_count=680270 439928 53986 28051 240342 25935 235133 21081 385942 55216 28635 330726 171819 26581
is_linear=0
shrinkage=0.05


Tree=50
num_leaves=15
num_cat=0
split_feature=5 16 1 5 4 8 1 17 7 4 17 17 17 17
split_gain=48.8668 55.4768 41.0504 42.5919 48.016 41.4246 64.0321 48.9778 48.4137 36.2541 35.1048 33.8825 32.2495 35.6253
threshold=0.98576874113936885 0.86930273410450976 0.78592594868913201 0.89594865991783157 0.80213496772723214 0.73031947883245196 0.0051679624903555122 0.46285139279325332 0.0096424282338356659 0.13174664185143228 0.89558548703222585 0.28792813550878071 0.33902469495689841 0.36275218444720775
decision_type=2 2 2 2 2 2 2 2 2 2 2 2 2 2
left_child=1 2 3 5 10 6 -1 12 -8 -3 -5 -11 -7 -14
right_child=-2 9 -4 4 -6 7 8 -9 -10 11 -12 -13 13 -15
leaf_value=0.011712240334195607 0.0033578626846176131 0.0034737556176193183 -0.00067481975494114888 0.0029680452439044859 -0.00024706836489343814 0.000715298737315189 -0.00918420027413119 0.0004534208351356862 0.00048466950847173137 -0.0040655527382312982 0.010928060024195982 -0.0010648289218417705 -0.0066967626471316826 -0.001851347820690177
leaf_weight=1266 10688 3896 125987 19500 14001 10935 1300 51043 315392 10847 1491 70875 4206 38677
leaf_count=1266 10688 3896 125987 19500 14001 10935 1300 51043 315392 10847 1491 70875 4206 38677
internal_value=3.66179e-06 -4.98919e-05 0.000124421 0.000344367 0.00202079 0.000205629 0.000489842 -0.000656158 0.000444979 -0.00123847 0.00353345 -0.00146312 -0.00170852 -0.00232659
internal_weight=680104 669416 583798 457811 34992 422819 317958 104861 316692 85618 20991 81722 53818 42883
internal_count=680104 669416 583798 457811 34992 422819 317958 104861 316692 85618 20991 81722 53818 42883
is_linear=0
shrinkage=0.05


Tree=51
num_leaves=15
num_cat=0
split_feature=0 10 13 16 0 7 7 17 9 7 17 4 4 12
split_gain=45.8944 46.2257 42.0997 35.9605 35.2689 53.2496 34.8458 29.3488 26.8884 26.3446 39.8279 39.6203 49.6252 30.0844
threshold=0.2780550024888005 0.013535725783444095 0.13131856780941822 0.021134204806003042 0.0052049469007368889 0.62407405149340645 0.73677158938352971 0.26821420019157094 0.70911276223776232 0.97840643648477199 0.44044194241060186 0.98598785308515946 0.68741257646807963 0.84937563346240819
decision_type=2 2 2 2 2 2 2 2 2 2 2 2 2 2
left_child=2 3 -1 -2 5 -4 -7 -6 -8 -3 -11 12 13 -12
right_child=1 9 4 -5 7 6 8 -9 -10 10 11 -13 -14 -15
leaf_value=-0.0011422179132980787 -0.028906574244017172 -0.00015565552303947256 0.014440287243384923 -0.0040273340785626881 -0.0022841168377343022 -0.022761268515817144 0.010847882613842837 0.0010332245338102292 -0.010365827660025237 -0.0054404047304562539 0.0058297707271303539 0.015005595093963953 -0.0054681744162410964 0.034511413126590861
leaf_weight=27654 149 477455 1167 5758 6974 165 404 151611 237 5592 665 472 1738 106
leaf_count=27654 149 477455 1167 5758 6974 165 404 151611 237 5592 665 472 1738 106
internal_value=-4.36645e-06 -0.000258416 0.000659649 -0.0046549 0.000969997 0.00761381 -0.00227018 0.00088734 0.00300444 -0.000204983 -0.00295215 0.00171552 -0.000784647 0.00977303
internal_weight=680147 491935 188212 5907 160558 1973 806 158585 641 486028 8573 2981 2509 771
internal_count=680147 491935 188212 5907 160558 1973 806 158585 641 486028 8573 2981 2509 771
is_linear=0
shrinkage=0.05


Tree=52
num_leaves=15
num_cat=0
split_feature=0 10 14 14 9 15 5 14 10 3 16 3 0 9
split_gain=42.7266 34.7114 48.3341 35.3758 31.0306 28.2196 27.6831 56.4636 48.5928 43.3641 32.5146 35.5058 34.6187 31.2913
threshold=0.53758311964883321 0.19181490443071839 0.50195695465686285 0.50066006629418314 0.060646981209336197 0.95421340712703884 0.98576874113936885 0.50098912065119572 0.14801754723898172 0.66087400630634641 0.83761529999153772 0.86512075995877591 0.04034276204286668 0.70911276223776232
decision_type=2 2 2 2 2 2 2 2 2 2 2 2 2 2
left_child=4 2 3 -2 -1 -3 10 9 -9 -8 11 12 -6 -14
right_child=1 5 -4 -5 6 -7 7 8 -10 -11 -12 -13 13 -15
leaf_value=0.0023846258257489133 -0.0055302328562350494 3.9286517407119024e-05 0.0018456623394566191 -0.0015707544727446841 0.0029999706845113654 -0.0016837900357196661 0.015194832089959781 -0.010803702412938168 0.0024738649481004489 0.0032140294037811407 -0.00084340166059773724 -0.00093256536699498356 0.00092272062263188456 -0.00034516871488126494
leaf_weight=18628 6440 227813 9337 45479 15057 26529 1349 896 2984 1716 58788 39852 154663 71004
leaf_count=18628 6440 227813 9337 45479 15057 26529 1349 896 2984 1716 58788 39852 154663 71004
internal_value=2.82497e-05 -0.000397776 -0.00146627 -0.00206189 0.000396677 -0.000140438 0.000289745 0.00341469 -0.000592295 0.00848715 0.000225794 0.000449819 0.000678673 0.000523791
internal_weight=680535 315598 61256 51919 364937 254342 346309 6945 3880 3065 339364 280576 240724 225667
internal_count=680535 315598 61256 51919 364937 254342 346309 6945 3880 3065 339364 280576 240724 225667
is_linear=0
shrinkage=0.05


Tree=53
num_leaves=15
num_cat=0
split_feature=10 0 8 5 6 9 0 7 4 10 5 6 16 7
split_gain=38.5416 36.1526 36.3078 40.6559 48.8514 37.9608 34.9239 35.6762 26.8002 26.3478 30.7139 28.9991 27.4877 25.4902
threshold=0.013535725783444095 0.53758311964883321 0.82096327042860606 0.86843966351522384 0.9704391681022646 0.77144744291375744 0.016766985042349976 0.0096424282338356659 0.99000998003992025 0.80622178759229313 0.98576874113936885 0.33940499889405001 0.88822942350592948 0.49558010510070527
decision_type=2 2 2 2 2 2 2 2 2 2 2 2 2 2
left_child=8 2 5 -4 9 6 7 -2 -1 11 -11 -5 -12 -8
right_child=1 -3 3 4 -6 -7 13 -9 -10 10 12 -13 -14 -15
leaf_value=-0.0029693776104743157 -0.024163379740901519 -0.00029965102324986976 -0.0011607571786253557 0.016599520160856952 -0.010754564216568693 -0.00043588345148991363 0.00034161523566135515 0.0060409369497758459 -0.024231505206483879 0.0040557826951722782 0.0076554427685385402 0.00096264116677355577 0.030853737293676076 0.0014178155771572966
leaf_weight=8008 100 311869 58879 303 767 58715 105472 4373 151 2083 297 13822 224 115025
leaf_count=8008 100 311869 58879 303 767 58715 105472 4373 151 2083 297 13822 224 115025
internal_value=5.29471e-05 9.44243e-05 0.000435756 -0.00053191 0.00158434 0.000696275 0.000991758 0.00536568 -0.00336288 0.00215006 0.00677154 0.00129807 0.0176294 0.000903029
internal_weight=680088 671929 360060 76375 17496 283685 224970 4473 8159 16729 2604 14125 521 220497
internal_count=680088 671929 360060 76375 17496 283685 224970 4473 8159 16729 2604 14125 521 220497
is_linear=0
shrinkage=0.05


Tree=54
num_leaves=15
num_cat=0
split_feature=16 6 1 3 5 8 5 11 2 11 11 11 13 8
split_gain=43.1896 42.4959 44.0082 34.9027 37.0757 40.2823 32.7043 41.8194 48.4126 32.3939 29.2637 24.7121 24.5433 24.0223
threshold=0.86930273410450976 0.093910836459942623 0.88018801254398504 0.72441594553156119 0.76668620554904277 0.12841310773710848 0.98986730942230239 0.93636909309178229 0.95135966688381435 0.71989162157009412 0.97102448775612205 0.97102448775612205 0.12732563170647285 0.9163218371150591
decision_type=2 2 2 2 2 2 2 2 2 2 2 2 2 2
left_child=1 -1 3 4 5 -3 -2 -8 -9 13 -10 12 -7 -6
right_child=6 2 -4 -5 9 11 7 8 10 -11 -12 -13 -14 -15
leaf_value=-0.0011737963738147402 -0.0011990581807116115 0.0019548991741971541 -0.00092662382048000849 -0.00020207171612293985 0.0014228194548883421 -0.0015030328305675701 0.0017148032990374745 -0.0031201594749290964 0.050683858974472341 0.0034342938311099063 0.017110497899913705 0.0033825924996815529 0.00030894499998460973 -0.0025628810747677908
leaf_weight=54164 86599 39566 64739 138881 39642 20598 2756 160 115 20918 149 6039 201562 4179
leaf_count=54164 86599 39566 64739 138881 39642 20598 2756 160 115 20918 149 6039 201562 4179
internal_value=5.52345e-06 0.000160919 0.000295764 0.000463644 0.000741702 0.000482091 -0.00101619 0.0039638 0.0185823 0.00181547 0.0317353 0.00022673 0.000140944 0.00104272
internal_weight=680067 590288 536124 471385 332504 267765 89779 3180 424 64739 264 228199 222160 43821
internal_count=680067 590288 536124 471385 332504 267765 89779 3180 424 64739 264 228199 222160 43821
is_linear=0
shrinkage=0.05


Tree=55
num_leaves=15
num_cat=0
split_feature=2 0 14 14 14 13 0 14 14 4 5 10 14 6
split_gain=35.2068 41.4389 64.5232 56.189 47.0246 44.6811 44.3301 42.2451 41.8802 63.465 42.9216 40.4289 54.1526 40.2014
threshold=0.16804180792498905 0.25014029180695857 0.50058105772087635 0.50057142931778531 0.50058651046568603 0.13131856780941822 0.044380749944603573 0.50057636906755121 0.50103842271892074 0.057185883867341719 0.88419903604467376 0.19570876323557293 0.50066006629418314 0.07061352796646915
decision_type=2 2 2 2 2 2 2 2 2 2 2 2 2 2
left_child=-1 2 3 -2 -4 8 -5 -8 9 13 -11 12 -3 -6
right_child=1 11 4 6 5 -7 7 -9 -10 10 -12 -13 -14 -15
leaf_value=0.00079852403778066434 0.0028354651959123221 -0.0050722685108607153 -0.013270473291086552 0.033736583019979303 -0.0037380619121053262 0.00076588376655003316 0.019924940529704862 0.00061953277520097058 -0.003709936094556136 -0.0028038118806476319 0.0046577581529325491 -0.00018197787466267461 -0.00097119846526339231 0.014879603808954917
leaf_weight=113110 3625 9034 632 250 391 127490 579 555 11792 7584 2584 327298 73858 1122
leaf_count=113110 3625 9034 632 250 391 127490 579 555 11792 7584 2584 327298 73858 1122
internal_value=-6.89453e-06 -0.000167625 0.00052429 0.00610762 0.000339806 0.000396785 0.0146781 0.0104765 -0.00160792 0.000514072 -0.000907599 -0.000431787 -0.00141815 0.0100683
internal_weight=679904 566794 156604 5009 151595 150963 1384 1134 23473 11681 10168 410190 82892 1513
internal_count=679904 566794 156604 5009 151595 150963 1384 1134 23473 11681 10168 410190 82892 1513
is_linear=0
shrinkage=0.05


Tree=56
num_leaves=15
num_cat=0
split_feature=6 5 11 14 5 14 8 10 14 13 0 14 10 3
split_gain=38.1104 75.03 68.571 44.4083 38.2711 35.4371 34.726 42.3058 34.6187 33.801 33.6178 35.305 42.6944 31.2922
threshold=0.93398349438785433 0.89594865991783157 0.80626501859378574 0.50097371075765518 0.98189590028860951 0.50122699571229001 0.92020027969233853 0.64128937798139141 0.50116144175254962 0.80464798576693364 0.036463331733845174 0.50069300102581449 0.27094723110168401 0.98593198535475157
decision_type=2 2 2 2 2 2 2 2 2 2 2 2 2 2
left_child=1 -1 5 -2 -4 10 -7 -8 -6 13 11 12 -3 -5
right_child=3 2 4 9 8 6 7 -9 -10 -11 -12 -13 -14 -15
leaf_value=-0.00013455906496092853 0.0001165436613023494 0.045832766200119793 0.0035202367470211315 -0.0036241312022818415 0.015284720644035727 -3.8052821538536507e-05 -0.0093935310951636392 0.0060121610542384117 0.0038331470685468716 0.0020009289798582973 0.001442288455178456 0.0050114368827948079 0.0096032968510619612 -0.01106280276870888
leaf_weight=591097 16689 129 11882 12630 1471 13439 2167 561 1197 2363 23381 1252 220 1592
leaf_count=591097 16689 129 11882 12630 1471 13439 2167 561 1197 2363 23381 1252 220 1592
internal_value=-5.41447e-05 3.07506e-05 0.00178507 -0.00170438 0.00473536 0.000741871 -0.0010821 -0.00622543 0.010147 -0.00353672 0.00192225 0.00893159 0.0229947 -0.00445681
internal_weight=680070 646796 55699 33274 14550 41149 16167 2728 2668 16585 24982 1601 349 14222
internal_count=680070 646796 55699 33274 14550 41149 16167 2728 2668 16585 24982 1601 349 14222
is_linear=0
shrinkage=0.05


Tree=57
num_leaves=15
num_cat=0
split_feature=2 11 14 5 6 9 3 5 4 3 6 7 14 1
split_gain=38.0645 45.6596 42.8412 42.2571 40.528 39.2372 31.068 31.0307 38.1755 54.6558 33.837 30.6026 28.5768 37.1894
threshold=0.2349264921220641 0.80255799449959631 0.50277010435850233 0.86843966351522384 0.98353906367605004 0.27888753153794688 0.15218842514657227 0.98986730942230239 0.98598785308515946 0.59361547725658537 0.69477281809648617 0.013673544337606839 0.50134589745819214 0.60385027178389072
decision_type=2 2 2 2 2 2 2 2 2 2 2 2 2 2
left_child=-1 11 3 6 7 -4 -3 10 9 -9 -5 -2 13 -10
right_child=1 2 5 4 -6 -7 -8 8 12 -11 -12 -13 -14 -15
leaf_value=0.00071188762188328307 -0.0039157122442971442 0.0025578084855864122 0.0057306934286536155 0.007130383549560331 -0.011770767167702111 -0.0039029458304539002 3.907030013493467e-05 0.015664519849849647 0.041163432940647747 -0.003348727233283283 0.0016478598108806829 -0.00035980209831068907 0.0025597236759494994 0.010290643990162933
leaf_weight=158816 6142 15094 1225 3504 450 7705 64817 680 222 851 14298 406531 160 174
leaf_count=158816 6142 15094 1225 3504 450 7705 64817 680 222 851 14298 406531 160 174
internal_value=3.41071e-05 -0.000172162 0.000737109 0.00103271 0.00306749 -0.00258142 0.000514823 0.00340321 0.00917131 0.00509609 0.00272699 -0.000412726 0.0203928 0.0275981
internal_weight=680669 521853 109180 100250 20339 8930 79911 19889 2087 1531 17802 412673 556 396
internal_count=680669 521853 109180 100250 20339 8930 79911 19889 2087 1531 17802 412673 556 396
is_linear=0
shrinkage=0.05


Tree=58
num_leaves=15
num_cat=0
split_feature=10 16 6 5 8 0 3 17 17 8 16 15 7 8
split_gain=39.2996 36.5844 39.8703 38.9286 32.7413 32.1136 32.0531 29.2415 27.4737 41.4012 32.7956 35.1385 27.2562 33.8742
threshold=0.013535725783444095 0.35594229217110579 0.093910836459942623 0.98576874113936885 0.99375812701602773 0.37597405225980129 0.69643988774216925 0.43733568942222584 0.31316979392100436 0.7420251310514957 0.0094007180336923516 0.98986730942230239 0.99373858553781524 0.89287938089307961
decision_type=2 2 2 2 2 2 2 2 2 2 2 2 2 2
left_child=-1 2 4 6 -2 -6 -3 8 12 -10 -11 -12 13 -4
right_child=1 3 7 -5 5 -7 -8 -9 9 10 11 -13 -14 -15
leaf_value=-0.003481926993915216 -0.0013035797214882123 -5.3601829258027762e-05 0.0015291781277621663 0.0032769785339725106 0.024794490124921173 -0.0028272294555790724 -0.0010042536917321964 0.0011722272179012123 0.00028520327423622074 0.0086004118504014945 -0.0029851211894164993 -0.025850899810902772 -0.01231963435350099 0.0098987703594799054
leaf_weight=8191 32237 300950 8980 7598 239 188 125704 138760 40461 608 14399 170 313 1397
leaf_count=8191 32237 300950 8980 7598 239 188 125704 138760 40461 608 14399 170 313 1397
internal_value=-3.94993e-05 2.46014e-06 0.000501047 -0.000270515 -0.00112139 0.0126332 -0.00033369 0.00075945 -0.000104092 -0.000550141 -0.00277712 -0.00325193 0.00221745 0.00265593
internal_weight=680195 672004 237752 434252 32664 427 426654 205088 66328 55638 15177 14569 10690 10377
internal_count=680195 672004 237752 434252 32664 427 426654 205088 66328 55638 15177 14569 10690 10377
is_linear=0
shrinkage=0.05


Tree=59
num_leaves=15
num_cat=0
split_feature=4 3 5 14 14 13 14 14 17 17 17 14 10 3
split_gain=34.2624 50.1299 47.7797 72.3509 47.515 46.3532 113.221 46.1545 47.4811 41.6327 46.5854 39.6158 39.2001 36.8071
threshold=0.75878995617062961 0.0055478608802708535 0.79394512230050995 0.50095147564729325 0.50057142931778531 0.61888406702909238 0.50090991886073855 0.5005112479782704 0.49238070358760017 0.36848255213163411 0.33902469495689841 0.50220751627616866 0.61433777813053958 0.033873153247661512
decision_type=2 2 2 2 2 2 2 2 2 2 2 2 2 2
left_child=2 -2 5 7 9 -1 -7 8 -4 10 -3 -8 -11 -9
right_child=1 4 3 -5 -6 6 11 13 -10 12 -12 -13 -14 -15
leaf_value=-0.00045208960420257781 0.021471981757101331 0.0011101146644557228 -0.028652055221385111 -6.6240517797075429e-05 -0.00084086688595437498 -0.00094152096722154423 0.0011586514826779622 0.011529473443081808 0.0070117846757609724 0.0033991119455182026 -0.028618774655897985 0.0035866218566441123 0.016392968323754382 0.0029829249883805142
leaf_weight=271713 255 1035 228 40113 161099 70444 79895 1315 158 1401 151 21274 991 29993
leaf_count=271713 255 1035 228 40113 161099 70444 79895 1315 158 1401 151 21274 991 29993
internal_value=-5.27847e-05 -0.000679991 0.00014803 0.00134452 -0.000714293 -4.57696e-05 0.000597552 0.00313003 -0.0140539 0.00498466 -0.00267493 0.00166921 0.00878244 0.0033419
internal_weight=680065 164932 515133 71807 164677 443326 171613 31694 386 3578 1186 101169 2392 31308
internal_count=680065 164932 515133 71807 164677 443326 171613 31694 386 3578 1186 101169 2392 31308
is_linear=0
shrinkage=0.05


Tree=60
num_leaves=15
num_cat=0
split_feature=6 14 5 14 13 14 1 6 14 14 2 10 16 9
split_gain=32.2985 54.8672 41.2062 55.0017 40.1522 46.6947 38.9742 37.785 33.4788 31.4877 30.9703 28.5528 30.9766 26.2382
threshold=0.93398349438785433 0.50091743428140501 0.91163133198616308 0.50145138186720606 0.56002528445006339 0.5007336761102571 0.076497634776935011 0.98353906367605004 0.50059488420814235 0.50074129025167613 0.10861746093245513 0.013535725783444095 0.9745816552882649 0.91538994985596933
decision_type=2 2 2 2 2 2 2 2 2 2 2 2 2 2
left_child=2 7 10 4 5 6 -4 -2 -9 -7 -1 12 -12 -10
right_child=1 -3 3 -5 -6 9 -8 8 13 -11 11 -13 -14 -15
leaf_value=0.00098941191892676058 0.0015956784485302408 -0.003328349450977432 0.02191380550532511 -0.0011671813602761065 -0.00011847890908608932 -0.012595225676561187 0.0063381912526674971 0.0079265382364823167 -0.00830890526000682 0.0026842229859884124 -0.0028442645619692619 -0.00010418056055538563 -0.023493486170203769 -0.034945895590002211
leaf_weight=67846 13402 18401 431 13495 9553 344 5894 308 1092 17014 6314 525721 187 101
leaf_count=67846 13402 18401 431 13495 9553 344 5894 308 1092 17014 6314 525721 187 101
internal_value=1.65275e-05 -0.00150196 9.4715e-05 0.00152481 0.00261785 0.0037216 0.00739955 0.000753123 -0.00676981 0.00238142 -1.66552e-05 -0.000144905 -0.00343824 -0.010564
internal_weight=680103 33304 646799 46731 33236 23683 6325 14903 1501 17358 600068 532222 6501 1193
internal_count=680103 33304 646799 46731 33236 23683 6325 14903 1501 17358 600068 532222 6501 1193
is_linear=0
shrinkage=0.05


Tree=61
num_leaves=15
num_cat=0
split_feature=3 0 6 17 0 8 10 16 2 5 6 3 5 2
split_gain=38.2486 36.9879 33.2465 28.2293 26.7495 31.1965 24.948 24.8568 24.1106 24.0122 27.4172 23.943 21.2611 22.2663
threshold=0.676523741510479 0.0052049469007368889 0.093910836459942623 0.28792813550878071 0.23061010567749116 0.33398247876213599 0.069053532229895381 0.35990415514955398 0.63831320129989588 0.96298506143374885 0.45289004998869603 0.12066954297421696 0.73179102019691122 0.44489386937139591
decision_type=2 2 2 2 2 2 2 2 2 2 2 2 2 2
left_child=1 -1 -3 -4 5 -5 12 -2 -9 -8 11 -11 13 -6
right_child=7 2 3 4 6 -7 9 8 -10 10 -12 -13 -14 -15
leaf_value=0.0078555338377499975 0.00011894321287974681 -0.00098445199820333803 -0.0016246096681685092 0.0028438795077075415 -0.00033912002589964082 0.00065296375552480917 0.00027613690173912273 -0.0004564406911137879 -0.0018072570191235847 0.036716082448601327 0.0027181217989849724 0.0039460827758408742 0.0013459237440637982 -0.0041767342393608615
leaf_weight=1584 81913 52306 17240 22191 7031 60667 277777 85447 53853 113 6429 110 5037 8174
leaf_count=1584 81913 52306 17240 22191 7031 60667 277777 85447 53853 113 6429 110 5037 8174
internal_value=-3.22178e-05 0.000228232 0.0002018 0.000355092 0.000443163 0.00123973 0.000226529 -0.00057223 -0.000978663 0.00034723 0.00331596 0.0205515 -0.0014695 -0.00240217
internal_weight=679872 458659 457075 404769 387529 82858 304671 221213 139300 284429 6652 223 20242 15205
internal_count=679872 458659 457075 404769 387529 82858 304671 221213 139300 284429 6652 223 20242 15205
is_linear=0
shrinkage=0.05


Tree=62
num_leaves=15
num_cat=0
split_feature=2 5 14 14 6 12 6 14 9 0 14 14 7 5
split_gain=31.6955 32.5965 56.5414 37.8955 33.5676 36.1528 31.2279 45.3007 29.2875 28.7224 30.8378 27.2907 26.2556 25.8355
threshold=0.16804180792498905 0.88419903604467376 0.50073260112579066 0.5005112479782704 0.36626591454134055 0.74764520612763952 0.81179456801447192 0.50053909624800641 0.42551105548602425 0.78201941034197719 0.50106723707469991 0.5007241133413034 0.097501003613006842 0.95134024069628842
decision_type=2 2 2 2 2 2 2 2 2 2 2 2 2 2
left_child=8 -2 3 -3 5 -4 7 -5 9 -1 -11 12 -9 -13
right_child=1 2 4 6 -6 -7 -8 11 -10 10 -12 13 -14 -15
leaf_value=0.0023401469876767381 -0.00033202725861686673 -0.012911974881316766 0.0046079376726757895 0.035206824065045376 -4.7474969559173127e-05 0.030294180472264998 0.002244318987330911 0.013040719738455449 -7.2781616914999737e-05 -0.0017033250535949459 0.0023669964242366212 0.0086683381475547699 0.0032232717965232959 0.033284188501199179
leaf_weight=37539 490953 345 618 139 59426 176 10121 839 56515 11358 7883 283 3617 171
leaf_count=37539 490953 345 618 139 59426 176 10121 839 56515 11358 7883 283 3617 171
internal_value=-3.04522e-05 -0.000183087 0.00078242 0.00347395 8.89776e-05 0.0103016 0.0038466 0.00705847 0.000733008 0.00153504 -3.57223e-05 0.0062616 0.00507175 0.0179399
internal_weight=679983 566688 75735 15515 60220 794 15170 5049 113295 56780 19241 4910 4456 454
internal_count=679983 566688 75735 15515 60220 794 15170 5049 113295 56780 19241 4910 4456 454
is_linear=0
shrinkage=0.05


Tree=63
num_leaves=15
num_cat=0
split_feature=16 6 14 5 3 14 11 10 6 9 3 4 6 14
split_gain=34.2302 27.1926 38.0583 25.7586 24.0932 26.6787 26.2632 38.595 24.5915 23.5066 47.2888 28.5129 23.0657 22.6198
threshold=0.35594229217110579 0.093910836459942623 0.50195695465686285 0.0091037174581813114 0.71636021142600104 0.50145138186720606 0.96340666347839965 0.95057586877708034 0.19184162873782609 0.868558014755198 0.06937595847587591 0.013389868999808761 0.038205502476999297 0.50079681325490932
decision_type=2 2 2 2 2 2 2 2 2 2 2 2 2 2
left_child=1 2 9 -4 6 8 -2 -8 -6 -1 11 12 -11 -3
right_child=4 13 3 -5 5 -7 7 -9 -10 10 -12 -13 -14 -15
leaf_value=-0.0022071134057194083 -0.00016048368654692746 0.0014587237306254025 0.019864567929625616 0.0022738850675425907 -0.0047989914198530402 -0.0020829866977615749 0.004348756372551975 -0.0018636947184945997 -0.00027944186231839915 0.012177237235680894 -0.00085286249749777921 0.007027878928195991 0.044633795029949401 0.00031375433275775957
leaf_weight=24067 305328 61131 217 5081 3120 34254 7561 3735 85195 111 3023 584 108 146540
leaf_count=24067 305328 61131 217 5081 3120 34254 7561 3735 85195 111 3023 584 108 146540
internal_value=-4.06085e-05 0.000438403 -0.000890488 0.00299438 -0.000303308 -0.000898519 -7.28944e-05 0.00229462 -0.000439109 -0.00162838 0.00201208 0.0127975 0.0281832 0.000650793
internal_weight=680055 240862 33191 5298 439193 122569 316624 11296 88315 27893 3826 803 219 207671
internal_count=680055 240862 33191 5298 439193 122569 316624 11296 88315 27893 3826 803 219 207671
is_linear=0
shrinkage=0.05


Tree=64
num_leaves=15
num_cat=0
split_feature=1 8 14 8 15 9 14 6 4 9 11 17 6 3
split_gain=32.7927 36.9343 42.7071 47.5452 55.2521 37.7091 40.9039 37.0041 34.7781 76.7858 36.2287 35.769 34.2638 32.3621
threshold=0.80140392227715462 0.7662170432366272 0.50163666559519993 0.92780424241129611 0.04481462396279267 0.90005202913631643 0.50058651046568603 0.07061352796646915 0.084166750008334193 0.95057347423280991 0.97873753214093984 0.71166488031439812 0.50713083100982803 0.045688592596519605
decision_type=2 2 2 2 2 2 2 2 2 2 2 2 2 2
left_child=1 5 7 -4 12 -1 -7 -3 9 10 -9 -11 -5 -13
right_child=-2 2 3 4 -6 6 -8 8 -10 11 -12 13 -14 -15
leaf_value=0.00057268387247513721 -0.00067140085190925186 -0.0033575926415053271 -0.00086255386139593218 -0.009591633986193138 -0.0042813401991498509 0.0075132020058892961 -0.0014747973876587722 0.0010516418451529958 -0.00013292610681353077 0.0079286900275796317 0.024207260849517447 0.044084610015245301 -0.034845635672875991 0.016134156966557345
leaf_weight=378573 136178 7870 19099 305 8352 1315 33860 9432 83359 646 172 163 240 284
leaf_count=378573 136178 7870 19099 305 8352 1315 33860 9432 83359 646 172 163 240 284
internal_value=2.24513e-05 0.000196247 -0.000539188 -0.0022689 -0.00528787 0.000427182 -0.00113879 -6.40885e-05 0.000211491 0.00289544 0.00146634 0.0154527 -0.0207127 0.0263264
internal_weight=679848 543670 129922 27996 8897 413748 35175 101926 94056 10697 9604 1093 545 447
internal_count=679848 543670 129922 27996 8897 413748 35175 101926 94056 10697 9604 1093 545 447
is_linear=0
shrinkage=0.05


Tree=65
num_leaves=15
num_cat=0
split_feature=5 14 3 6 14 8 11 16 5 14 13 11 14 6
split_gain=33.7401 45.891 36.5784 36.4092 35.9621 33.0178 63.4316 32.9343 34.5328 57.2186 40.6595 38.3252 30.6215 30.5513
threshold=0.98576874113936885 0.50122699571229001 0.96227641877468917 0.91651694966636787 0.50058651046568603 0.9550036284470248 0.38506120316465148 0.83761529999153772 0.7977632319526381 0.50089206137000264 0.56402191959520898 0.29748693847756374 0.50084104348810243 0.74348392210144942
decision_type=2 2 2 2 2 2 2 2 2 2 2 2 2 2
left_child=2 3 7 5 -4 13 -7 8 -1 10 11 -10 -13 -2
right_child=1 -3 4 -5 -6 6 -8 -9 9 -11 -12 12 -14 -15
leaf_value=-1.4595561035186378e-05 -0.0037520118148174925 -0.0012632769825257652 0.0084393838003875548 0.00099232443232632659 -0.0023275806055992258 -0.0023775895068735868 0.023573516894133673 -0.00082561827135059149 -0.00027401573973535783 3.8124367318984341e-05 0.00027273616578881419 0.0041461209815252973 0.010249284967108257 0.0087112001801680373
leaf_weight=458291 659 4236 802 2669 23497 336 787 100928 4359 52054 11544 15516 2369 1937
leaf_count=458291 659 4236 802 2669 23497 336 787 100928 4359 52054 11544 15516 2369 1937
internal_value=-2.34383e-05 0.00277219 -6.78102e-05 0.00544819 -0.00197221 0.00864601 0.015809 3.92724e-06 0.000157795 0.00107815 0.00268041 0.00392993 0.00495453 0.00554739
internal_weight=679984 10624 669360 6388 24299 3719 1123 645061 544133 85842 33788 22244 17885 2596
internal_count=679984 10624 669360 6388 24299 3719 1123 645061 544133 85842 33788 22244 17885 2596
is_linear=0
shrinkage=0.05


Tree=66
num_leaves=15
num_cat=0
split_feature=16 5 14 14 14 4 14 15 17 17 4 6 7 2
split_gain=35.089 37.0966 38.3042 36.4995 36.2442 33.5685 28.8995 41.7544 31.3532 39.8356 28.1002 26.4343 26.191 25.7704
threshold=0.84963303246182298 0.89978445773002413 0.50068634212152741 0.50067613283107215 0.50060315035104963 0.47778379679788135 0.50057636906755121 0.18370627126259712 0.49814751286449405 0.31789515997653034 0.12770024337188521 0.95065018482768993 0.10145744489649201 0.16804180792498905
decision_type=2 2 2 2 2 2 2 2 2 2 2 2 2 2
left_child=1 13 3 -3 6 -4 7 -2 9 -8 -6 -5 -11 -1
right_child=4 2 5 11 10 -7 8 -9 -10 12 -12 -13 -14 -15
leaf_value=0.00072803641563338626 0.013522030230791982 0.0034358886505734738 0.0031406992047117877 0.017287561744792644 0.0028867340336976126 -4.3396073683533222e-05 -0.0089706929825795773 -0.0029925912593430507 -0.0062842669836555027 0.028445552072411503 -0.0012577140814271413 -0.0059170571566533508 0.01031086139974078 -0.00015656688633766441
leaf_weight=101948 462 6050 11663 831 4276 28516 239 2231 346 232 93988 144 1404 427875
leaf_count=101948 462 6050 11663 831 4276 28516 239 2231 346 232 93988 144 1404 427875
internal_value=-1.85442e-05 0.000133311 0.00147643 0.00488271 -0.000867803 0.00088087 0.00332279 -0.000159411 0.00754501 0.010097 -0.00107737 0.0138604 0.0128825 1.36476e-05
internal_weight=680205 577027 47204 7025 103178 40179 4914 2693 2221 1875 98264 975 1636 529823
internal_count=680205 577027 47204 7025 103178 40179 4914 2693 2221 1875 98264 975 1636 529823
is_linear=0
shrinkage=0.05


Tree=67
num_leaves=15
num_cat=0
split_feature=11 9 3 4 13 14 9 2 0 9 14 5 14 13
split_gain=27.2561 37.3711 50.7915 36.7115 33.9981 30.6129 29.7287 32.0595 26.5808 26.8211 65.6576 39.6948 27.3916 28.1346
threshold=0.96340666347839965 0.90768230469140754 0.1010305798101943 0.42287641536087633 0.15891946703057186 0.5016694537346712 0.98984403203347759 0.90448228143734599 0.71912997197591177 0.43335082196572233 0.50112739714884202 0.23666496700750367 0.5016583793535897 0.2501422070534699
decision_type=2 2 2 2 2 2 2 2 2 2 2 2 2 2
left_child=8 -2 3 6 -5 -4 -3 -8 -1 10 11 -10 13 -11
right_child=1 2 5 4 -6 -7 7 -9 9 12 -12 -13 -14 -15
leaf_value=0.00015117126832649405 0.0033820355022059576 0.006825284899535532 -0.00036929824464440402 -0.019092063391829832 0.0090211951334236411 -0.0072410490276785828 0.01130241284993562 0.040212216730339125 -0.0049954062989790229 0.0021539805554609127 0.00045060255282158932 -0.0016094316210507591 -0.0015594064347878725 -8.6448511073573743e-05
leaf_weight=468785 13801 735 8421 206 225 2007 220 170 10943 18647 36273 41413 21351 56381
leaf_count=468785 13801 735 8421 206 225 2007 220 170 10943 18647 36273 41413 21351 56381
internal_value=1.37741e-05 0.00160825 -0.000434467 0.00799229 -0.00441577 -0.00169185 0.0127459 0.0239041 -4.91107e-05 -0.000556598 -0.00118439 -0.00231714 2.07134e-05 0.000470374
internal_weight=679578 25785 11984 1556 431 10428 1125 390 653793 185008 88629 52356 96379 75028
internal_count=679578 25785 11984 1556 431 10428 1125 390 653793 185008 88629 52356 96379 75028
is_linear=0
shrinkage=0.05


Tree=68
num_leaves=15
num_cat=0
split_feature=3 8 14 16 3 8 14 1 13 17 16 14 13 9
split_gain=30.0025 69.512 54.6933 45.3224 33.767 31.2339 49.7256 37.311 31.7341 30.3438 36.1357 30.0286 40.4504 34.7173
threshold=0.70048020937820688 0.99375812701602773 0.5010319928431457 0.028840608641646708 0.0055478608802708535 0.21991392970103521 0.5016583793535897 0.7343568735498841 0.55204040438022517 0.85125707102451298 0.10314293329988398 0.50058651046568603 0.33014680444134031 0.90005202913631643
decision_type=2 2 2 2 2 2 2 2 2 2 2 2 2 2
left_child=1 5 4 -4 -3 6 7 -1 -8 10 -6 12 -2 -13
right_child=11 2 3 -5 9 -7 8 -9 -10 -11 -12 13 -14 -15
leaf_value=0.0010823841654205083 0.0075047432516082693 0.040640679186409609 0.022354515443551836 -0.0017988557360133859 0.033962069883180616 -9.8356618720119401e-06 0.0012744216488450181 -0.0012380552798776075 0.0050494720904473416 -0.0025232607295448094 0.011521610949061995 -0.00035073711423971112 -0.00030438285805365175 -0.0025130124487784365
leaf_weight=59423 2733 112 223 1505 220 365808 11764 24452 10568 284 972 177129 4217 20737
leaf_count=59423 2733 112 223 1505 220 365808 11764 24452 10568 284 972 177129 4217 20737
internal_value=4.20132e-05 0.000260001 0.00747394 0.00131816 0.0141724 0.000209321 0.000964162 0.000405909 0.00306086 0.012164 0.0156633 -0.000463886 0.00276646 -0.000577351
internal_weight=680147 475331 3316 1728 1588 472015 106207 83875 22332 1476 1192 204816 6950 197866
internal_count=680147 475331 3316 1728 1588 472015 106207 83875 22332 1476 1192 204816 6950 197866
is_linear=0
shrinkage=0.05


Tree=69
num_leaves=15
num_cat=0
split_feature=10 16 6 3 0 14 14 14 14 8 7 14 4 6
split_gain=27.6126 24.7165 31.6502 34.1943 33.0206 41.9504 31.1267 26.7216 23.4617 29.4621 21.8792 25.9042 23.3055 32.6308
threshold=0.013535725783444095 0.35594229217110579 0.093910836459942623 0.58218070238642439 0.064335324459495483 0.50061614505033958 0.50184843515101829 0.50059206651897148 0.5017513188565822 0.88511232011897867 0.70214407670081436 0.50059488420814235 0.12385018916730127 0.36439191138999583
decision_type=2 2 2 2 2 2 2 2 2 2 2 2 2 2
left_child=-1 2 6 4 5 7 8 -4 -2 -10 11 12 13 -6
right_child=1 -3 3 -5 10 -7 -8 -9 9 -11 -12 -13 -14 -15
leaf_value=-0.0029025274100940484 -0.0014857082829393864 -0.00021872770996333711 0.011587692880472063 -2.9236194850739563e-05 -0.0022039540745925168 0.0035422241772880094 0.0023302340508080427 0.037884699343878753 -0.0064107898894203083 -0.034778487734566231 0.0035752924222669652 0.0010005159436835094 -0.00080662094393578422 -0.019859404333954379
leaf_weight=8262 26393 434204 353 97966 648 6347 5708 133 633 107 7811 88404 3047 439
leaf_count=8262 26393 434204 353 97966 648 6347 5708 133 633 107 7811 88404 3047 439
internal_value=-2.95748e-05 5.737e-06 0.000415266 0.00064597 0.00126312 0.00462632 -0.00102587 0.0187842 -0.0017319 -0.0105126 0.00103411 0.000819614 -0.00304892 -0.00933435
internal_weight=680455 672193 237989 205148 107182 6833 32841 486 27133 740 100349 92538 4134 1087
internal_count=680455 672193 237989 205148 107182 6833 32841 486 27133 740 100349 92538 4134 1087
is_linear=0
shrinkage=0.05


Tree=70
num_leaves=15
num_cat=0
split_feature=11 2 11 5 9 17 3 17 17 7 1 6 17 13
split_gain=28.2821 34.2099 35.8105 33.2554 32.845 31.7424 47.5759 38.7517 35.7522 33.0837 30.6074 30.3535 32.5082 31.1105
threshold=0.95194656601979266 0.64213362879673908 0.36152395177039404 0.88791204544576274 0.92723248709164208 0.33902469495689841 0.99367588537604745 0.39135924462011423 0.30585360172516141 0.27953650680028636 0.73048319714935195 0.96169312000679941 0.34795114849830855 0.56002528445006339
decision_type=2 2 2 2 2 2 2 2 2 2 2 2 2 2
left_child=1 4 -3 5 10 6 8 -7 9 -4 -1 13 -13 -5
right_child=-2 2 3 11 -6 7 -8 -9 -10 -11 -12 12 -14 -15
leaf_value=0.00054515385597691418 0.0013819644573168698 -0.0014141482763457324 -0.005287466830225282 0.0027285144454333799 -0.0016815939769709886 -0.0033150122720820088 -0.018305366271444405 -0.000437120727455373 0.005399268215792191 0.0019692856132953315 -0.00043503856636473615 -0.0096614560143277045 0.0016315500838413406 -0.0010879085607006958
leaf_weight=283886 33601 84560 2110 21661 22801 13544 290 85784 5226 6144 110698 1250 1300 7087
leaf_count=283886 33601 84560 2110 21661 22801 13544 290 85784 5226 6144 110698 1250 1300 7087
internal_value=-3.23448e-05 -0.00010587 -0.000597012 -0.000118488 0.000163546 -0.000517655 0.00173208 -0.000829539 0.00216315 0.000114216 0.000270167 0.00132394 -0.00390424 0.00178768
internal_weight=679942 646341 228956 144396 417385 113098 13770 99328 13480 8254 394584 31298 2550 28748
internal_count=679942 646341 228956 144396 417385 113098 13770 99328 13480 8254 394584 31298 2550 28748
is_linear=0
shrinkage=0.05


Tree=71
num_leaves=15
num_cat=0
split_feature=11 4 8 14 14 9 14 10 1 8 14 14 8 3
split_gain=29.0118 43.74 35.1034 30.5656 29.5852 26.1329 25.7589 25.3628 24.7285 46.8078 39.4025 43.8268 34.2688 32.8409
threshold=0.95194656601979266 0.084166750008334193 0.84167092271024868 0.50108460380199527 0.50053909624800641 0.81028303445471084 0.50199601593625509 0.013535725783444095 0.19537834170441445 0.88511232011897867 0.50067888693882379 0.50066006629418314 0.93969051607242571 0.017832502058470017
decision_type=2 2 2 2 2 2 2 2 2 2 2 2 2 2
left_child=7 2 -2 -4 -3 -6 -7 -1 9 13 11 12 -11 -9
right_child=1 4 3 -5 5 6 -8 8 -10 10 -12 -13 -14 -15
leaf_value=-0.002758826134968138 0.0024082433665697819 0.01790363610113465 0.018947208325717661 0.004090448216266562 0.0025106745766134593 0.0003299918207711776 -0.0050178531074314336 -0.005776549825517896 -0.00012150077496265983 -0.0063446575142079038 -0.0028819469658776971 0.018627942497917296 0.007833140197604286 0.0011529267240980229
leaf_weight=8255 1824 254 846 586 12551 14949 2651 1738 515300 844 13529 433 861 105518
leaf_count=8255 1824 254 846 586 12551 14949 2651 1738 515300 844 13529 433 861 105518
internal_value=6.94058e-05 0.00150051 0.00700829 0.0128676 0.000910696 0.000767543 -0.000475527 -5.10938e-06 3.05082e-05 0.000667738 -0.00188514 0.00442252 0.000814922 0.00104064
internal_weight=680139 33661 3256 1432 30405 30151 17600 646478 638223 122923 15667 2138 1705 107256
internal_count=680139 33661 3256 1432 30405 30151 17600 646478 638223 122923 15667 2138 1705 107256
is_linear=0
shrinkage=0.05


Tree=72
num_leaves=15
num_cat=0
split_feature=16 17 1 17 2 16 9 6 9 17 14 14 2 17
split_gain=30.5062 35.1506 35.0285 28.7878 29.3713 36.9102 37.4061 33.6809 27.4206 27.2452 45.2113 29.5993 37.3879 52.7176
threshold=0.35594229217110579 0.44234501881560712 0.23055927911826038 0.31316979392100436 0.87306454073610518 0.0094007180336923516 0.48063948205361207 0.5235790533264667 0.5674194806558559 0.28792813550878071 0.5005112479782704 0.500798085105299 0.59885794405474713 0.26821420019157094
decision_type=2 2 2 2 2 2 2 2 2 2 2 2 2 2
left_child=1 3 -3 8 -5 7 -7 -6 -1 10 -2 12 -12 -14
right_child=9 2 -4 4 5 6 -8 -9 -10 -11 11 -13 13 -15
leaf_value=-0.00035883009972528432 0.019328337634922754 0.0021435402433808595 0.00041950778004665943 -0.00044129407547405453 -9.1953269737378286e-06 -0.00029208569198412889 -0.0069733348153766736 0.022919114585965874 0.0046632881255115853 -0.00017492485636665263 -0.0015072325747586275 -0.00056562312282603777 -0.0094196452988844701 0.0025172806900654529
leaf_weight=6088 255 38336 127288 55211 503 3449 5336 235 4910 405119 8541 19893 4240 1183
leaf_count=6088 255 38336 127288 55211 503 3449 5336 235 4910 405119 8541 19893 4240 1183
internal_value=-4.10499e-05 0.000410536 0.000818559 -0.000481802 -0.000883617 -0.00344805 -0.00435027 0.00729182 0.00188327 -0.000289195 -0.00164628 -0.00180425 -0.00356879 -0.00681567
internal_weight=680587 241356 165624 75732 64734 9523 8785 738 10998 439231 34112 33857 13964 5423
internal_count=680587 241356 165624 75732 64734 9523 8785 738 10998 439231 34112 33857 13964 5423
is_linear=0
shrinkage=0.05


Tree=73
num_leaves=15
num_cat=0
split_feature=1 13 0 11 16 0 9 3 8 10 8 13 9 8
split_gain=27.3382 36.2494 28.0217 27.0462 29.5789 33.1729 39.0379 48.3429 31.1627 29.9408 29.6112 28.1687 26.567 24.453
threshold=0.62720622495573586 0.16292554710199697 0.0052049469007368889 0.3927907272521029 0.0055376107777698287 0.028377611436635277 0.74053266094082437 0.073486620881654988 0.9163218371150591 0.98192226410161454 0.95114289446186018 0.14724600552821415 0.10456310445457397 0.64072541416023798
decision_type=2 2 2 2 2 2 2 2 2 2 2 2 2 2
left_child=1 3 -3 -1 8 6 10 -8 -5 11 -6 -9 -7 -4
right_child=-2 2 13 4 5 12 7 9 -10 -11 -12 -13 -14 -15
leaf_value=-0.0025465546599912035 -0.00045989572498999695 0.0065108925978065897 0.00066166449661556655 -0.00012554127974542738 -0.008808938892735825 0.0066330502674441577 0.015036531209491897 -0.0044009247386264409 0.030397100794354676 -0.024561562037685083 -0.03043752831096451 0.02291155900462594 -0.00023703065776824769 -0.00020251225792062151
leaf_weight=17965 254763 1860 232925 174 1170 1457 392 1131 161 169 183 103 41177 126217
leaf_count=17965 254763 1860 232925 174 1170 1457 392 1131 161 169 183 103 41177 126217
internal_value=-5.03345e-05 0.000195125 0.00038966 -0.000900772 -0.000259653 -0.000367973 -0.00532105 -0.000486986 0.0145435 -0.00482428 -0.0117343 -0.0021212 -2.24837e-06 0.000357958
internal_weight=679847 425084 361002 64082 46117 45782 3148 1795 335 1403 1353 1234 42634 359142
internal_count=679847 425084 361002 64082 46117 45782 3148 1795 335 1403 1353 1234 42634 359142
is_linear=0
shrinkage=0.05


Tree=74
num_leaves=15
num_cat=0
split_feature=6 5 6 2 6 3 1 13 3 1 3 16 15 3
split_gain=28.7462 41.8831 38.768 27.4454 27.0589 25.0205 28.428 24.3858 24.9419 31.3059 24.149 24.1225 30.1108 35.0368
threshold=0.93398349438785433 0.89182640502775412 0.44449334898278564 0.16804180792498905 0.093910836459942623 0.18376578340778824 0.47075426661892833 0.075779083818742252 0.013829438443744195 0.10825476547126033 0.36197678625837909 0.35594229217110579 0.0051679624903555122 0.17959476894205958
decision_type=2 2 2 2 2 2 2 2 2 2 2 2 2 2
left_child=1 3 5 -1 7 6 -3 10 9 -9 -5 12 13 -6
right_child=-2 2 -4 4 11 -7 -8 8 -10 -11 -12 -13 -14 -15
leaf_value=0.00072052342370174788 -0.0013925599808389758 0.0045475319218590054 0.0011508588972573767 -0.0027085737149727582 0.034361374597188625 0.0027367425263792218 0.021661620772076725 -0.017176867504384238 -0.00066828557290783848 -0.0030708628602685696 -0.011578230043538898 -0.00032719323402432947 0.00040418426983729089 0.0052211606520235739
leaf_weight=104961 33287 442 56181 2844 132 1013 538 487 40393 2045 1051 279907 156326 472
leaf_count=104961 33287 442 56181 2844 132 1013 538 487 40393 2045 1051 279907 156326 472
internal_value=4.03708e-05 0.000114116 0.00139397 -1.23734e-05 -0.000171423 0.00824701 0.0139428 -0.00131378 -0.000970043 -0.00578398 -0.0051019 -4.89864e-05 0.000447235 0.0115896
internal_weight=680079 646792 58174 588618 483657 1993 980 46820 42925 2532 3895 436837 156930 604
internal_count=680079 646792 58174 588618 483657 1993 980 46820 42925 2532 3895 436837 156930 604
is_linear=0
shrinkage=0.05


Tree=75
num_leaves=15
num_cat=0
split_feature=4 3 14 1 13 14 5 3 17 10 1 17 11 10
split_gain=26.8654 35.2046 33.4369 31.4734 33.4325 59.3373 35.7159 30.5736 35.7378 32.0043 38.6282 29.2322 28.896 28.7022
threshold=0.99772856258384068 0.96227641877468917 0.50058651046568603 0.25820634187639507 0.31442563455885147 0.50066357029882258 0.85254945088360368 0.013829438443744195 0.91804128970818322 0.7323286397162202 0.03268855077730088 0.44668001878408126 0.85007626251018575 0.057163803937997491
decision_type=2 2 2 2 2 2 2 2 2 2 2 2 2 2
left_child=1 3 -3 4 5 -1 -7 8 -6 10 -9 -4 -12 -13
right_child=-2 2 11 -5 7 6 -8 9 -10 -11 12 13 -14 -15
leaf_value=0.0044790798642540611 0.0050123257620350676 0.0080025243515595892 -0.0033234920022080249 -0.00017501606828855014 -0.0027172213337586784 -0.0017464834776705991 0.0018514826661058137 0.0048480844515975943 -0.02418615243640607 -0.00020904434322338027 0.0010088132640147303 0.011104389352985142 0.0043951821644678171 -0.00046823987019300886
leaf_weight=5427 2638 829 17272 486438 1233 36056 8529 8658 230 30365 68262 583 6940 6616
leaf_count=5427 2638 829 17272 486438 1233 36056 8529 8658 230 30365 68262 583 6940 6616
internal_value=-2.36695e-05 -4.32801e-05 -0.00187325 2.77145e-05 0.000622862 -0.000457329 -0.0010582 0.00108983 -0.00609238 0.00118182 0.00168544 -0.00220781 0.00132132 0.000468952
internal_weight=680076 677438 25300 652138 165700 50012 44585 115688 1463 114225 83860 24471 75202 7199
internal_count=680076 677438 25300 652138 165700 50012 44585 115688 1463 114225 83860 24471 75202 7199
is_linear=0
shrinkage=0.05


Tree=76
num_leaves=15
num_cat=0
split_feature=17 11 4 5 9 3 8 14 15 3 6 14 13 15
split_gain=24.887 26.7312 42.1801 36.4542 36.2011 33.6706 29.0527 30.622 28.651 25.6058 33.2533 66.3717 45.1069 31.7663
threshold=0.26821420019157094 0.95194656601979266 0.084166750008334193 0.95134024069628842 0.81796675763947924 0.029682483204988102 0.83764271760364672 0.50187617921207528 0.30476974974503812 0.86512075995877591 0.1728573822136816 0.50111607698938243 0.23829494167985468 0.0089755098282925955
decision_type=2 2 2 2 2 2 2 2 2 2 2 2 2 2
left_child=-1 9 6 4 -4 -5 -3 -8 -6 10 11 -2 -13 -14
right_child=1 2 3 5 8 -7 7 -9 -10 -11 -12 12 13 -15
leaf_value=-0.0013957649433100976 -0.0017752828142643937 0.0027128261604424161 0.0024715999161805786 0.034444955816098417 -0.0042608517865368447 0.0053939926880603043 0.015266003221837169 -0.005671556479144641 0.00031303765179802382 -0.00085593299048069042 0.0003075605351712455 -0.0022480084852048682 0.020652131149561409 0.0014634581806827669
leaf_weight=30549 59958 1828 11121 104 5273 2435 1213 204 9763 77882 433828 9806 217 35549
leaf_count=30549 59958 1828 11121 104 5273 2435 1213 204 9763 77882 433828 9806 217 35549
internal_value=-1.09055e-06 6.45397e-05 0.00147496 0.000863954 0.000308727 0.00658395 0.00687819 0.0122517 -0.00129099 -8.44694e-06 0.000113928 -0.000682085 0.00075621 0.00157988
internal_weight=679730 649181 31941 28696 26157 2539 3245 1417 15036 617240 539358 105530 45572 35766
internal_count=679730 649181 31941 28696 26157 2539 3245 1417 15036 617240 539358 105530 45572 35766
is_linear=0
shrinkage=0.05


Tree=77
num_leaves=15
num_cat=0
split_feature=17 14 16 8 12 16 14 5 14 14 14 0 6 17
split_gain=27.4771 40.7522 31.6684 28.8015 34.4979 25.4026 25.5642 25.3119 87.9855 79.9017 60.6154 49.8828 44.9511 37.6646
threshold=0.27472379230800364 0.5005112479782704 0.86930273410450976 0.96670620234415172 0.59699231117141571 0.27651251352112266 0.500798085105299 0.89182640502775412 0.50073260112579066 0.5005112479782704 0.50053909624800641 0.36396620103888816 0.95814041161353358 0.34795114849830855
decision_type=2 2 2 2 2 2 2 2 2 2 2 2 2 2
left_child=1 2 -1 -3 -5 -6 -7 -2 9 -9 11 -11 -10 -14
right_child=7 3 -4 4 5 6 -8 8 12 10 -12 -13 13 -15
leaf_value=0.0050172806774687502 -5.4383716002671972e-05 -0.0012829858410367632 0.040145725534763192 -0.019147805050961614 0.014420171163976193 -0.018853859819429823 0.0016971924858289822 -0.022528986107773336 0.00051508270453770458 0.054045953668121788 0.0046516160559353986 0.010811072600948992 -0.011427146828574448 -0.0016619370358306748
leaf_weight=179 578491 31659 100 502 175 266 351 266 50743 112 12828 165 1412 3284
leaf_count=179 578491 31659 100 502 175 266 351 266 50743 112 12828 165 1412 3284
internal_value=-1.85367e-05 -0.00142072 0.0176081 -0.00158183 -0.00889342 -0.00239379 -0.00716274 5.34506e-05 0.000960022 0.00460064 0.00515131 0.0282923 8.19623e-05 -0.00459815
internal_weight=680533 33232 279 32953 1294 792 617 647301 68810 13371 13105 277 55439 4696
internal_count=680533 33232 279 32953 1294 792 617 647301 68810 13371 13105 277 55439 4696
is_linear=0
shrinkage=0.05


Tree=78
num_leaves=15
num_cat=0
split_feature=5 14 6 8 12 17 3 17 14 8 3 16 5 14
split_gain=25.9278 60.5314 32.8064 28.7463 31.093 37.9615 28.2562 57.3195 32.5945 26.2813 31.5391 25.3908 27.0896 43.8178
threshold=0.98576874113936885 0.50122699571229001 0.96169312000679941 0.84167092271024868 0.52864009728340688 0.48569153776160151 0.96227641877468917 0.44347279877649121 0.50917508417508428 0.9550036284470248 0.025801556610700476 0.84160689584507409 0.56608332968747732 0.50184843515101829
decision_type=2 2 2 2 2 2 2 2 2 2 2 2 2 2
left_child=6 2 9 4 5 -3 11 8 -8 -2 -11 12 13 -1
right_child=1 3 -4 -5 -6 -7 7 -9 -10 10 -12 -13 -14 -15
leaf_value=-0.0003350862298010899 0.0050249811271363938 -0.004918335212139381 -0.0019839962324288639 -0.0062779484526056736 0.013108380219714012 0.015290097632455302 -0.0031279733116785762 0.001896206759858353 -0.029500355837981107 0.034454935271979167 0.010398841550793479 -0.00066453887668106195 0.00064825832720357291 0.0011829617947037791
leaf_weight=275681 3844 1321 1191 2122 483 282 16493 7732 118 152 1315 98278 213379 57440
leaf_count=275681 3844 1321 1191 2122 483 282 16493 7732 118 152 1315 98278 213379 57440
internal_value=5.12882e-05 0.00249196 0.00551595 -0.00218055 0.00198755 -0.00136326 1.22225e-05 -0.00165999 -0.00331532 0.00719783 0.0128914 7.53555e-05 0.000208412 -7.33295e-05
internal_weight=679831 10710 6502 4208 2086 1603 669121 24343 16611 5311 1467 644778 546500 333121
internal_count=679831 10710 6502 4208 2086 1603 669121 24343 16611 5311 1467 644778 546500 333121
is_linear=0
shrinkage=0.05


Tree=79
num_leaves=15
num_cat=0
split_feature=16 1 8 4 1 10 16 14 14 8 7 6 9 10
split_gain=28.6415 30.3234 27.497 28.4406 30.769 27.0834 25.7399 25.3989 25.986 27.5895 24.9716 23.3553 22.5452 27.8506
threshold=0.90412091022302732 0.068711904850215763 0.90867837304957977 0.12770024337188521 0.0051679624903555122 0.72836019635510874 0.89205461050993817 0.50060315035104963 0.50058651046568603 0.92780424241129611 0.017626693594025682 0.40932477054506716 0.36595328309114378 0.10064725596983663
decision_type=2 2 2 2 2 2 2 2 2 2 2 2 2 2
left_child=1 2 5 11 -5 -1 -7 8 -2 -10 12 -4 -9 -14
right_child=7 -3 3 4 -6 6 -8 10 9 -11 -12 -13 13 -15
leaf_value=0.0028809625798044444 0.00052324233599066513 2.4452404785299293e-05 0.00075154399481948202 -0.025604338733862864 -0.0037228108054671604 -0.00031276690580635085 0.018737759040442243 -0.013567743553363579 0.00747407441418909 0.035207181511271633 -0.00099416392659388295 0.017950484517741682 -0.022447551566819175 -0.0010538651805909016
leaf_weight=23836 2233 572965 1181 170 2923 11864 180 719 800 101 60444 237 168 1610
leaf_count=23836 2233 572965 1181 170 2923 11864 180 719 800 101 60444 237 168 1610
internal_value=1.12442e-05 0.000117795 0.00144191 -0.00223735 -0.00492548 0.00190448 -2.8053e-05 -0.00097784 0.00341531 0.0105829 -0.00119659 0.00362612 -0.00609656 -0.00307532
internal_weight=679431 613356 40391 4511 3093 35880 12044 66075 3134 901 62941 1418 2497 1778
internal_count=679431 613356 40391 4511 3093 35880 12044 66075 3134 901 62941 1418 2497 1778
is_linear=0
shrinkage=0.05


Tree=80
num_leaves=15
num_cat=0
split_feature=10 14 9 5 17 8 5 14 17 3 3 17 17 10
split_gain=28.7873 45.4978 44.8797 33.191 33.7566 32.2288 40.3893 29.436 34.8003 29.3649 29.7321 29.2235 28.8941 31.2608
threshold=0.19181490443071839 0.50199601593625509 0.3504642113947275 0.29237808686961236 0.39498805256869779 0.92780424241129611 0.9976918630514291 0.50068634212152741 0.94715683023872688 0.95854492649017442 0.013829438443744195 0.41087092731829578 0.7321971892205158 0.92370025059365546
decision_type=2 2 2 2 2 2 2 2 2 2 2 2 2 2
left_child=1 3 11 7 5 6 9 8 -1 10 -5 -3 13 -2
right_child=12 2 -4 4 -6 -7 -8 -9 -10 -11 -12 -13 -14 -15
leaf_value=-0.0049398701459562929 0.00011539856376694073 -0.0004192034892625126 -0.0037657115340467544 -0.022018111127100011 0.00017832745988023924 -0.0086845368121221678 0.025665387163559594 -0.0016602998245448331 -0.033963229438910884 -0.008349231952901685 -0.0010085276877471129 0.0041075088140969142 0.00092159472858214229 -0.0013004658596087997
leaf_weight=6315 407870 5295 3303 170 54089 1742 135 27962 105 1564 17843 10915 99457 43105
leaf_count=6315 407870 5295 3303 170 54089 1742 135 27962 105 1564 17843 10915 99457 43105
internal_value=-7.58312e-06 -0.000678515 0.00154644 -0.00107347 -0.000487332 -0.00216557 -0.00158947 -0.00236131 -0.00541455 -0.00177741 -0.00120681 0.00262886 0.000150191 -1.99323e-05
internal_weight=679870 129438 19513 109925 75543 21454 19712 34382 6420 19577 18013 16210 550432 450975
internal_count=679870 129438 19513 109925 75543 21454 19712 34382 6420 19577 18013 16210 550432 450975
is_linear=0
shrinkage=0.05


Tree=81
num_leaves=15
num_cat=0
split_feature=17 14 14 5 14 13 14 5 12 3 14 14 6 14
split_gain=26.1367 30.0363 24.7455 36.7531 45.4046 34.3052 26.3487 25.8087 27.7332 25.6341 40.5711 25.5161 22.4615 37.2976
threshold=0.26821420019157094 0.5005112479782704 0.500798085105299 0.70445589919816742 0.50063091507763657 0.099703387473171659 0.50053909624800641 0.89978445773002413 0.63644120384734737 0.13648836859143268 0.50067613283107215 0.50072621679549068 0.19184162873782609 0.50114547687527566
decision_type=2 2 2 2 2 2 2 2 2 2 2 2 2 2
left_child=1 -1 3 4 5 -3 -5 -4 -9 10 -6 -8 13 -2
right_child=12 2 7 6 9 -7 11 8 -10 -11 -12 -13 -14 -15
leaf_value=0.014864863377595586 -0.0012277668323770535 0.027809150215878261 -0.0011440697033748308 -0.029817872878629716 -0.031663151243462778 0.0037719476135620877 -0.004283658748505721 0.0015383206078595931 0.013884146030391495 -0.0020175835276338393 -0.0036826478566496681 -0.013624896179989923 0.00023620635591049623 0.00051427185162258111
leaf_weight=281 74158 163 14309 117 195 1661 4418 2122 579 5369 386 876 522983 52463
leaf_count=281 74158 163 14309 117 195 1661 4418 2122 579 5369 386 876 522983 52463
internal_value=2.43997e-05 -0.00140667 -0.0015581 -0.00318388 -0.000981493 0.00592001 -0.00634805 -0.000297899 0.00418483 -0.00309718 -0.0130737 -0.00582936 9.1538e-05 -0.000505986
internal_weight=680080 30476 30195 13185 7774 1824 5411 17010 2701 5950 581 5294 649604 126621
internal_count=680080 30476 30195 13185 7774 1824 5411 17010 2701 5950 581 5294 649604 126621
is_linear=0
shrinkage=0.05


Tree=82
num_leaves=15
num_cat=0
split_feature=5 14 0 6 11 8 3 2 13 7 11 7 3 4
split_gain=29.9911 35.0245 40.5966 36.4917 29.6285 32.0777 42.5756 26.3663 25.6651 27.1569 39.7157 31.5348 25.5983 25.5277
threshold=0.98986730942230239 0.50122100304132633 0.032278100581045889 0.9704391681022646 0.24255635764944278 0.79388026487190633 0.081133989054307479 0.99407845715538035 0.59557065383993724 0.85302663824827774 0.092721252257676121 0.9121009631698469 0.73629883307965505 0.99000998003992025
decision_type=2 2 2 2 2 2 2 2 2 2 2 2 2 2
left_child=-1 3 -3 4 7 -6 -7 -2 9 10 -4 -11 -10 -8
right_child=1 2 8 -5 5 6 13 -9 12 11 -12 -13 -14 -15
leaf_value=-9.0348736980447392e-06 0.003034324629317151 -0.017241457783178812 -0.027159631975331708 -0.0051255530140503318 0.0029408858874673937 0.029894193495397993 0.0071283587736188968 -0.021579629702507767 -0.00048887414571792973 -0.028460142024073612 0.0054294924520963015 -0.0038933767247586871 0.019522288066174644 0.021544111634522113
leaf_weight=672271 642 340 101 649 1124 330 1380 131 309 158 1257 754 331 395
leaf_count=672271 642 340 101 649 1124 330 1380 131 309 158 1257 754 331 395
internal_value=2.69588e-05 0.00308954 -0.000892874 0.00587235 0.00765587 0.00976082 0.0134024 -0.00113699 0.00101727 -0.00147602 0.00300571 -0.00814946 0.00986065 0.0103364
internal_weight=680172 7901 3250 4651 4002 3229 2105 773 2910 2270 1358 912 640 1775
internal_count=680172 7901 3250 4651 4002 3229 2105 773 2910 2270 1358 912 640 1775
is_linear=0
shrinkage=0.05


Tree=83
num_leaves=15
num_cat=0
split_feature=3 0 5 6 9 16 3 13 10 5 15 8 8 2
split_gain=21.36 35.7495 32.7875 30.7448 27.8772 44.5182 42.6439 25.3654 24.909 24.8741 22.8506 36.4568 27.4424 22.4225
threshold=0.42518258984368063 0.0052049469007368889 0.9938712908476276 0.12704250547338072 0.97415960166055349 0.11095282483585962 0.025801556610700476 0.85977435636425337 0.95843674748880681 0.048577212261422795 0.84092582675056915 0.84551996876962521 0.72632126622487558 0.92816496681236849
decision_type=2 2 2 2 2 2 2 2 2 2 2 2 2 2
left_child=1 7 4 -2 -3 6 -6 -1 10 -8 12 -12 -5 -4
right_child=3 2 13 8 5 -7 9 -9 -10 -11 11 -13 -14 -15
leaf_value=0.011401929085023479 -0.0020099641988894847 0.00021860626436381072 -0.0029944462592501214 0.00046779570321859139 0.037787659076036095 0.0017365828204518497 0.02746289386601506 -0.012919820012953213 -0.0019908719701115496 0.0051813696844025033 -0.0014254885978293944 0.0022729557651482864 -0.00062366899572492403 0.010849892889927262
leaf_weight=1081 21886 277604 386 219508 146 6834 149 119 16325 786 48515 7724 78072 1207
leaf_count=1081 21886 277604 386 219508 146 6834 149 119 16325 786 48515 7724 78072 1207
internal_value=5.1246e-05 0.000377935 0.000341941 -0.000189012 0.00030203 0.00322796 0.0126564 0.00899002 -8.13425e-05 0.00873212 6.76206e-06 -0.000917535 0.000181443 0.00749527
internal_weight=680342 288312 287112 392030 285519 7915 1081 1200 370144 935 353819 56239 297580 1593
internal_count=680342 288312 287112 392030 285519 7915 1081 1200 370144 935 353819 56239 297580 1593
is_linear=0
shrinkage=0.05


Tree=84
num_leaves=15
num_cat=0
split_feature=10 2 14 6 16 6 12 10 14 4 11 9 6 7
split_gain=18.7448 34.975 35.8375 28.7359 25.3491 38.4785 37.9431 22.8456 33.7501 30.0981 22.6218 21.8374 23.5514 21.4011
threshold=0.16783709943089353 0.5635560775559999 0.50086580151481541 0.46006153468060579 0.0094007180336923516 0.40510140920160309 0.68389617174883643 0.95457671626860086 0.50058651046568603 0.084166750008334193 0.97102448775612205 0.97017580544987536 0.164970302841949 0.20417150038669762
decision_type=2 2 2 2 2 2 2 2 2 2 2 2 2 2
left_child=1 2 3 -1 5 -3 -7 10 -9 11 -2 -10 -13 -14
right_child=7 4 -4 -5 -6 6 -8 8 9 -11 -12 12 13 -15
leaf_value=-0.0033800406745790341 0.00014851499725193452 -0.0002498942425101101 0.0013255588082788218 0.0005075926498069723 -0.00155397861199804 0.0083784080265710756 0.042644839321509899 0.0076392835218880798 -0.0019645119762563465 -0.0019024030851502362 0.0022283430403113725 0.0018722999598789363 0.027274194709718865 0.0080979058895679443
leaf_weight=9257 521948 833 34041 9770 58946 261 117 1050 853 28730 13410 672 235 382
leaf_count=9257 521948 833 34041 9770 58946 261 117 1050 853 28730 13410 672 235 382
internal_value=5.89327e-06 -0.000581491 0.00035414 -0.00138382 -0.00140686 0.00575396 0.0189847 0.000123131 -0.00117629 -0.00147612 0.000200612 0.0042415 0.00834835 0.0154017
internal_weight=680505 113225 53068 19027 60157 1211 378 567280 31922 30872 535358 2142 1289 617
internal_count=680505 113225 53068 19027 60157 1211 378 567280 31922 30872 535358 2142 1289 617
is_linear=0
shrinkage=0.05


Tree=85
num_leaves=15
num_cat=0
split_feature=3 8 4 6 12 14 16 14 0 6 10 16 2 11
split_gain=31.9874 38.7161 62.7036 37.5807 34.2963 33.9706 32.9894 29.5048 29.2808 28.1496 28.1343 28.938 27.6699 27.2061
threshold=0.676523741510479 0.99375812701602773 0.025366148849465333 0.042341993275191767 0.50527010137480921 0.5006349208908728 0.98222581224196748 0.50136054673616881 0.21488036453731138 0.81523332908325907 0.52303044313413583 0.032504876462938891 0.90040041043071184 0.7001471690267137
decision_type=2 2 2 2 2 2 2 2 2 2 2 2 2 2
left_child=1 13 4 -4 -3 -5 9 -2 -8 10 11 -7 -12 -1
right_child=7 2 3 5 -6 6 8 -9 -10 -11 12 -13 -14 -15
leaf_value=-8.4916180886875003e-05 -0.00014059304580141491 0.044049886713323536 -0.027226612623328868 0.025663843404707367 0.014250915397972384 0.019377613621802372 -0.030269356102549605 -0.001386655390583108 0.0030954367781598725 0.02219602010802043 -0.0033453869442122857 -0.0067101681837205039 0.014746251663919994 0.00076418331747532813
leaf_weight=322581 152096 122 103 163 463 121 140 69085 124 196 322 875 615 133331
leaf_count=322581 152096 122 103 163 463 121 140 69085 124 196 322 875 615 133331
internal_value=-3.5822e-05 0.000202131 0.0056451 0.00238452 0.0204654 0.00357777 0.00207337 -0.000529796 -0.014598 0.00414065 0.00230989 -0.00354087 0.00852906 0.000163402
internal_weight=680337 459156 3244 2659 585 2556 2393 221181 264 2129 1933 996 937 455912
internal_count=680337 459156 3244 2659 585 2556 2393 221181 264 2129 1933 996 937 455912
is_linear=0
shrinkage=0.05


Tree=86
num_leaves=15
num_cat=0
split_feature=11 2 1 5 17 0 17 2 15 17 2 17 4 9
split_gain=21.8467 34.1898 30.934 27.2155 24.2217 26.9092 29.3253 36.0101 32.7494 26.7153 44.2077 38.2554 36.439 26.3418
threshold=0.49496813093325059 0.61873918016785956 0.96200788727998787 0.56608332968747732 0.50926243567753005 0.20691523144170063 0.94715683023872688 0.77878145263243759 0.20320427807486632 0.49386498826305508 0.63442892992297173 0.49655740424725076 0.67575540193904626 0.54774585708478685
decision_type=2 2 2 2 2 2 2 2 2 2 2 2 2 2
left_child=1 -1 3 4 9 6 8 -8 -6 -2 -11 -12 -13 -10
right_child=2 -3 -4 -5 5 -7 7 -9 13 10 11 12 -14 -15
leaf_value=7.8738330240558929e-05 -0.00027891118464131169 -0.0009686970445605636 -0.0021344049676463896 0.0008445680982103155 0.0027432836688765748 0.00026997336642888161 0.0026993598183325351 -0.0188238862129473 0.021654572980253993 -0.00029792771645711501 -0.020897517399475717 -0.010466405954114102 0.0086263137162109569 0.0064196928641741995
leaf_weight=212820 125202 122898 12959 153181 8382 37809 479 327 415 2965 572 928 342 897
leaf_count=212820 125202 122898 12959 153181 8382 37809 479 327 415 2965 572 928 342 897
internal_value=-1.76676e-05 -0.000304702 0.000262083 0.000355767 -6.41286e-05 0.000891849 0.00313113 -0.00603278 0.00389306 -0.000419353 -0.00407725 -0.0101607 -0.0053249 0.0112387
internal_weight=680176 335718 344458 331499 178318 48309 10500 806 9694 130009 4807 1842 1270 1312
internal_count=680176 335718 344458 331499 178318 48309 10500 806 9694 130009 4807 1842 1270 1312
is_linear=0
shrinkage=0.05


Tree=87
num_leaves=15
num_cat=0
split_feature=16 15 11 14 13 6 2 9 13 11 8 0 13 2
split_gain=26.3416 30.5678 25.0195 26.6843 44.8633 50.8074 30.506 28.5542 25.3923 40.2969 32.765 25.2747 24.0028 32.9839
threshold=0.3041787299019571 0.13600618238021642 0.59735276104328994 0.50090991886073855 0.33014680444134031 0.45606467927353972 0.97851795569809086 0.90396069966856574 0.34221455176695109 0.81035572605606176 0.86930574352399281 0.32070856493933425 0.17091372912801486 0.84938487816479658
decision_type=2 2 2 2 2 2 2 2 2 2 2 2 2 2
left_child=1 -1 -3 4 5 -4 -5 12 10 11 -8 -10 13 -7
right_child=-2 2 3 6 -6 7 8 -9 9 -11 -12 -13 -14 -15
leaf_value=0.0019736652714882506 -0.00020495862239972538 -0.00025988046455384536 0.0014424503785930764 0.00040528752488089433 0.00043805460734806453 0.0086412621815023689 0.0035559943184865633 -1.2264675025743159e-05 -0.03006545764994677 0.017029510789317675 -0.017064914322044288 0.0025239928165075383 0.0057017296690220409 0.020697359463340712
leaf_weight=29110 474637 106154 6542 40253 16609 1610 263 942 107 239 720 134 2180 876
leaf_count=29110 474637 106154 6542 40253 16609 1610 263 942 107 239 720 134 2180 876
internal_value=-1.28478e-07 0.000472412 0.000224992 0.000955339 0.00212711 0.00443605 0.000147516 0.00792823 -0.0069448 0.0024818 -0.0115478 -0.0119452 0.00953131 0.0128895
internal_weight=680376 205739 176629 70475 28759 12150 41716 5608 1463 480 983 241 4666 2486
internal_count=680376 205739 176629 70475 28759 12150 41716 5608 1463 480 983 241 4666 2486
is_linear=0
shrinkage=0.05


Tree=88
num_leaves=15
num_cat=0
split_feature=3 5 7 14 2 2 13 6 13 14 4 11 8 4
split_gain=20.7435 34.6066 35.8391 33.6692 39.6565 36.4886 25.4673 24.5523 29.7212 33.1116 29.1557 35.2773 30.245 22.9974
threshold=0.26248193302694228 0.98986730942230239 0.25551065690593422 0.50087950815614268 0.99010716557652478 0.97458396136454528 0.10379077101151898 0.18769386265641058 0.61118981448967113 0.50090991886073855 0.74688537991121795 0.12033789487450809 0.97454817637452373 0.017372122210831894
decision_type=2 2 2 2 2 2 2 2 2 2 2 2 2 2
left_child=1 2 -1 4 5 -3 -6 8 13 -10 -9 12 -12 -2
right_child=7 3 -4 -5 6 -7 -8 10 9 -11 11 -13 -14 -15
leaf_value=-4.162728467011755e-05 -0.007929981561104936 0.016082075379846485 0.0015109293511853536 0.0023563388689421469 -0.01846031967031125 0.048472389799492033 0.015477205665734739 0.00030771235502951428 -0.001834252914296404 0.0017974243852030712 -0.0023557940389508335 -0.00028569201250922547 -0.014521320060967728 -0.0016262498422129027
leaf_weight=121743 1502 291 53508 1173 104 124 118 285149 10650 15283 15771 133358 528 39405
leaf_count=121743 1502 291 53508 1173 104 124 118 285149 10650 15283 15771 133358 528 39405
internal_value=3.81696e-05 0.000503442 0.000432403 0.0073817 0.0166356 0.0257601 -0.000421455 -0.000126053 -0.00101822 0.00030599 1.10948e-05 -0.000554066 -0.00274989 -0.00185771
internal_weight=678707 177061 175251 1810 637 415 222 501646 66840 25933 434806 149657 16299 40907
internal_count=678707 177061 175251 1810 637 415 222 501646 66840 25933 434806 149657 16299 40907
is_linear=0
shrinkage=0.05


Tree=89
num_leaves=15
num_cat=0
split_feature=2 10 14 6 14 0 14 0 13 5 14 14 8 4
split_gain=24.7761 25.7698 44.3998 48.9989 42.8237 63.9924 74.871 48.3282 42.5599 35.524 40.3957 47.6008 41.4387 37.3077
threshold=0.13638748449871221 0.3417399281400505 0.50111607698938243 0.029257607939356212 0.50068634212152741 0.076359158083296033 0.50061614505033958 0.9269719898808032 0.24229383383309275 0.80913420782581547 0.50107411509529753 0.50104275400139187 0.88086290049639004 0.91582971896809284
decision_type=2 2 2 2 2 2 2 2 2 2 2 2 2 2
left_child=-1 4 3 -3 5 6 8 -7 -2 -5 11 -11 -12 -14
right_child=1 2 -4 9 -6 7 -8 -9 -10 10 12 -13 13 -15
leaf_value=0.00071329769161852157 0.031284651170003966 -0.0055074808497430098 -0.00054819692493946121 0.00029885128207281025 -0.00032185294968273531 -0.0024969772199109797 -0.0016475177863831143 -0.010818234629446692 0.0089715186430027634 0.0019291024164667288 0.0053857142843850596 -0.0057604055222611134 0.013315466487425555 0.047661629998688837
leaf_weight=91776 310 3307 166491 172709 170885 25883 1554 1871 688 40810 1668 2117 258 114
leaf_count=91776 310 3307 166491 172709 170885 25883 1554 1871 688 40810 1668 2117 258 114
internal_value=-5.0821e-05 -0.000169951 6.84311e-05 0.000533005 -0.000629052 -0.00236124 0.00521568 -0.00305794 0.0159025 0.000624774 0.00187658 0.00154988 0.00875107 0.0238409
internal_weight=680441 588665 387474 220983 201191 30306 2552 27754 998 217676 44967 42927 2040 372
internal_count=680441 588665 387474 220983 201191 30306 2552 27754 998 217676 44967 42927 2040 372
is_linear=0
shrinkage=0.05


Tree=90
num_leaves=15
num_cat=0
split_feature=0 13 6 0 16 2 17 17 8 9 8 9 11 10
split_gain=23.7177 37.9684 38.1132 32.7444 31.3207 38.8141 32.2758 59.7853 55.3054 32.9571 29.0477 26.7724 41.6774 30.6376
threshold=0.33621436682005623 0.21457500204960969 0.056794002448533366 0.0052049469007368889 0.0055376107777698287 0.94388041411850943 0.33902469495689841 0.35894129782445622 0.65626945828144467 0.79114283251196149 0.71497010797847327 0.62215160169356143 0.95194656601979266 0.50734215973779551
decision_type=2 2 2 2 2 2 2 2 2 2 2 2 2 2
left_child=1 2 -1 -3 5 -4 9 8 -8 10 -6 12 -5 -13
right_child=-2 3 4 11 6 -7 7 -9 -10 -11 -12 13 -14 -15
leaf_value=-0.0067831428900710965 -0.00016399291679220095 0.0077143977307647495 -0.0061487422994105151 0.0011211001140600029 0.0036988555942173312 0.02353946023579484 -0.00089486176486553402 -0.00063819418648350379 -0.017098250761198131 0.0077579647099416827 -0.0040806653572790699 -0.0036626805541832156 0.0093596946821468546 0.00028101085981089202
leaf_weight=2474 452024 1702 176 104400 2763 294 1018 39757 1091 2143 2121 5345 1558 62644
leaf_count=2474 452024 1702 176 104400 2763 294 1018 39757 1091 2143 2121 5345 1558 62644
internal_value=4.55656e-05 0.000461967 -0.000727101 0.000812881 -0.000423582 0.0124222 -0.000547066 -0.00107337 -0.00927698 0.00258861 0.000320403 0.000745353 0.00124224 -2.9025e-05
internal_weight=679510 227486 51837 175649 49363 470 48893 41866 2109 7027 4884 173947 105958 67989
internal_count=679510 227486 51837 175649 49363 470 48893 41866 2109 7027 4884 173947 105958 67989
is_linear=0
shrinkage=0.05


Tree=91
num_leaves=15
num_cat=0
split_feature=16 14 13 6 2 0 7 8 6 14 13 1 7 0
split_gain=22.2226 27.2101 55.6035 28.1357 29.0094 27.0365 39.6617 31.3132 27.1192 33.1563 24.4764 22.6931 22.9513 22.4709
threshold=0.84160689584507409 0.50065061836259217 0.21457500204960969 0.2037253881516177 0.82582876418492868 0.0052049469007368889 0.021753918958887907 0.75810329500323281 0.50713083100982803 0.50120048192215472 0.73324650983077055 0.13190842805829506 0.92383459230132459 0.084253145228755003
decision_type=2 2 2 2 2 2 2 2 2 2 2 2 2 2
left_child=5 2 3 4 -2 6 -1 -8 9 -9 13 12 -3 -4
right_child=1 11 10 -5 -6 -7 7 8 -10 -11 -12 -13 -14 -15
leaf_value=0.03065767124517272 0.0096534548655507115 -0.0019290973505498795 0.010965059735844955 0.0089236933674933187 -0.026404036933305758 0.00010950668266680577 0.010244585683143622 0.012652529361204146 -0.013744972596994077 -0.016766342924286925 -0.0049347668661654416 -0.00059533219965153463 -0.0076271743130518661 0.00023385446974244603
leaf_weight=151 105 12434 541 2759 119 569423 932 349 348 132 2216 83322 2060 4963
leaf_count=151 105 12434 541 2759 119 569423 932 349 348 132 2216 83322 2060 4963
internal_value=4.85228e-06 -0.000651069 0.00174243 0.00754006 -0.00950209 0.000129438 0.00606516 0.00395643 -0.003113 0.00457916 -0.000497762 -0.000912966 -0.00273895 0.00128865
internal_weight=679854 108519 10703 2983 224 571335 1912 1761 829 481 7720 97816 14494 5504
internal_count=679854 108519 10703 2983 224 571335 1912 1761 829 481 7720 97816 14494 5504
is_linear=0
shrinkage=0.05


Tree=92
num_leaves=15
num_cat=0
split_feature=2 11 13 4 5 1 13 11 3 11 2 10 3 2
split_gain=19.9251 25.8891 34.4244 28.7211 26.9482 28.9146 23.5936 19.6157 19.3458 35.2673 32.557 23.3994 19.559 24.204
threshold=0.16804180792498905 0.34580495497554514 0.52076914325802759 0.71857105461208748 0.98986730942230239 0.044820091869823671 0.013219499763352389 0.85802950636543995 0.98979012717459292 0.89321385139849696 0.97851795569809086 0.25913332370359676 0.033873153247661512 0.97851795569809086
decision_type=2 2 2 2 2 2 2 2 2 2 2 2 2 2
left_child=-1 2 -2 -4 -3 7 -7 -6 12 10 -10 -12 13 -8
right_child=1 4 3 -5 5 6 8 -9 9 -11 11 -13 -14 -15
leaf_value=0.00055362781981689352 -0.0013985486603730469 1.8527601284901813e-05 0.00042432292836774659 -0.0014167752715704141 -0.022356106240609241 0.020760748041242266 0.032033287992408455 0.0052013038621083196 -0.010091384335835443 0.030685966835750311 0.032186044472443866 0.0015286972790601709 0.0015903287668439252 0.003807380758043306
leaf_weight=113327 84570 366515 81132 28668 176 209 121 102 209 178 123 126 4255 204
leaf_count=113327 84570 366515 81132 28668 176 209 121 102 209 178 123 126 4255 204
internal_value=-5.15868e-05 -0.00017264 -0.000640352 -5.63747e-05 7.15967e-05 0.00348219 0.00428813 -0.0122451 0.00362808 0.0117995 0.00445939 0.0166727 0.00249336 0.0143161
internal_weight=679915 566588 194370 109800 372218 5703 5425 278 5216 636 458 249 4580 325
internal_count=679915 566588 194370 109800 372218 5703 5425 278 5216 636 458 249 4580 325
is_linear=0
shrinkage=0.05


Tree=93
num_leaves=15
num_cat=0
split_feature=6 14 14 11 5 11 14 12 3 9 8 15 16 13
split_gain=22.9292 25.7166 32.237 24.9508 22.4725 42.0224 45.3823 31.074 30.5105 28.6727 26.4886 28.3792 32.3625 29.0719
threshold=0.98353906367605004 0.50059488420814235 0.50090991886073855 0.85418099495644217 0.96298506143374885 0.92070058538331112 0.50119189680645537 0.5122057634188909 0.06937595847587591 0.98210513207110817 0.92780424241129611 0.04481462396279267 0.028840608641646708 0.12732563170647285
decision_type=2 2 2 2 2 2 2 2 2 2 2 2 2 2
left_child=4 -2 3 -3 -1 6 9 8 -7 -6 -8 -12 -13 -14
right_child=1 2 -4 -5 5 7 10 -9 -10 -11 11 12 13 -15
leaf_value=-6.1153971092774744e-05 0.0086392495858793449 -0.0087397041853088803 -0.00028944278420641313 -0.027011458163576765 0.002880135655751662 0.022016781459312851 -0.00061653776618176735 0.013055558538117809 0.0012514198060990518 -0.014425376031097392 -0.032578496328698324 0.015132250386075333 -0.017060841920950101 -0.0032936788144379658
leaf_weight=652776 312 927 1036 234 12569 194 6784 1211 2006 244 104 169 569 1176
leaf_count=652776 312 927 1036 234 12569 194 6784 1211 2006 244 104 169 569 1176
internal_value=-2.24434e-05 -0.00479347 -0.00670107 -0.0124224 -4.78269e-06 0.0014656 0.000651688 0.00662324 0.00308255 0.00255058 -0.00211252 -0.00714162 -0.00575947 -0.0077828
internal_weight=680311 2509 2197 1161 677802 25026 21615 3411 2200 12813 8802 2018 1914 1745
internal_count=680311 2509 2197 1161 677802 25026 21615 3411 2200 12813 8802 2018 1914 1745
is_linear=0
shrinkage=0.05


Tree=94
num_leaves=15
num_cat=0
split_feature=17 14 14 16 17 17 16 16 4 11 5 9 17 6
split_gain=17.7121 29.5567 31.6773 36.2305 40.7266 29.4742 27.8337 26.0507 25.6491 21.1757 20.2177 18.5068 33.7073 20.2108
threshold=0.26821420019157094 0.5005112479782704 0.500798085105299 0.86144597756798202 0.25639823857690974 0.23672704816797038 0.86540258806613968 0.9472803124544712 0.97812468732462998 0.065299109334455444 0.68061937482874202 0.40580626248190704 0.22168386341878524 0.51112762093445607
decision_type=2 2 2 2 2 2 2 2 2 2 2 2 2 2
left_child=1 6 3 8 5 -5 -1 -6 11 -4 -7 12 -3 -13
right_child=-2 2 9 4 7 10 -8 -9 -10 -11 -12 13 -14 -15
leaf_value=0.003212042507248289 0.00010011059540156575 0.0022534942379800766 -0.0067239798180338001 -0.0070742732836316692 -0.010037651487238853 -0.0047764535436329815 0.035642049718508047 -0.029966800428414042 -0.018177457814295354 0.00060028638433622279 0.01188814584076945 0.0049303143933087067 -0.0077332535445876873 -0.0014446075583958717
leaf_weight=185 649084 1416 1052 2858 404 339 103 276 220 15934 393 2006 2095 3270
leaf_count=185 649084 1416 1052 2858 404 339 103 276 220 15934 393 2006 2095 3270
internal_value=4.47335e-05 -0.0011318 -0.00128352 -0.00311323 -0.00690667 -0.00478146 0.0148103 -0.0181265 -0.00131486 0.00014667 0.00417052 -0.000892668 -0.00370556 0.000979216
internal_weight=679635 30551 30263 13277 4270 3590 288 680 9007 16986 732 8787 3511 5276
internal_count=679635 30551 30263 13277 4270 3590 288 680 9007 16986 732 8787 3511 5276
is_linear=0
shrinkage=0.05


end of trees

feature_importances:
Column_14=224
Column_0=109
Column_8=107
Column_3=97
Column_5=94
Column_17=89
Column_6=71
Column_1=67
Column_9=65
Column_10=58
Column_13=56
Column_16=56
Column_2=53
Column_4=50
Column_15=48
Column_11=46
Column_7=31
Column_12=9

parameters:
[boosting: gbdt]
[objective: regression]
[metric: l2]
[tree_learner: serial]
[device_type: cpu]
[data_sample_strategy: bagging]
[data: ]
[valid: ]
[num_iterations: 95]
[learning_rate: 0.05]
[num_leaves: 15]
[num_threads: 6]
[seed: 3]
[deterministic: 0]
[force_col_wise: 0]
[force_row_wise: 0]
[histogram_pool_size: -1]
[max_depth: -1]
[min_data_in_leaf: 100]
[min_sum_hessian_in_leaf: 0.001]
[bagging_fraction: 0.8]
[pos_bagging_fraction: 1]
[neg_bagging_fraction: 1]
[bagging_freq: 1]
[bagging_seed: 7196]
[bagging_by_query: 0]
[feature_fraction: 0.8]
[feature_fraction_bynode: 1]
[feature_fraction_seed: 9091]
[extra_trees: 0]
[extra_seed: 23577]
[early_stopping_round: 0]
[early_stopping_min_delta: 0]
[first_metric_only: 0]
[max_delta_step: 0]
[lambda_l1: 0]
[lambda_l2: 0]
[linear_lambda: 0]
[min_gain_to_split: 0]
[drop_rate: 0.1]
[max_drop: 50]
[skip_drop: 0.5]
[xgboost_dart_mode: 0]
[uniform_drop: 0]
[drop_seed: 9294]
[top_rate: 0.2]
[other_rate: 0.1]
[min_data_per_group: 100]
[max_cat_threshold: 32]
[cat_l2: 10]
[cat_smooth: 10]
[max_cat_to_onehot: 4]
[top_k: 20]
[monotone_constraints: ]
[monotone_constraints_method: basic]
[monotone_penalty: 0]
[feature_contri: ]
[forcedsplits_filename: ]
[refit_decay_rate: 0.9]
[cegb_tradeoff: 1]
[cegb_penalty_split: 0]
[cegb_penalty_feature_lazy: ]
[cegb_penalty_feature_coupled: ]
[path_smooth: 0]
[interaction_constraints: ]
[verbosity: -1]
[saved_feature_importance_type: 0]
[use_quantized_grad: 0]
[num_grad_quant_bins: 4]
[quant_train_renew_leaf: 0]
[stochastic_rounding: 1]
[linear_tree: 0]
[max_bin: 255]
[max_bin_by_feature: ]
[min_data_in_bin: 3]
[bin_construct_sample_cnt: 200000]
[data_random_seed: 48]
[is_enable_sparse: 1]
[enable_bundle: 1]
[use_missing: 1]
[zero_as_missing: 0]
[feature_pre_filter: 1]
[pre_partition: 0]
[two_round: 0]
[header: 0]
[label_column: ]
[weight_column: ]
[group_column: ]
[ignore_column: ]
[categorical_feature: ]
[forcedbins_filename: ]
[precise_float_parser: 0]
[parser_config_file: ]
[objective_seed: 7031]
[num_class: 1]
[is_unbalance: 0]
[scale_pos_weight: 1]
[sigmoid: 1]
[boost_from_average: 1]
[reg_sqrt: 0]
[alpha: 0.9]
[fair_c: 1]
[poisson_max_delta_step: 0.7]
[tweedie_variance_power: 1.5]
[lambdarank_truncation_level: 30]
[lambdarank_norm: 1]
[label_gain: ]
[lambdarank_position_bias_regularization: 0]
[eval_at: ]
[multi_error_top_k: 1]
[auc_mu_weights: ]
[num_machines: 1]
[local_listen_port: 12400]
[time_out: 120]
[machine_list_filename: ]
[machines: ]
[gpu_platform_id: -1]
[gpu_device_id: -1]
[gpu_device_id_list: ]
[gpu_use_dp: 0]
[num_gpu: 1]

end of parameters

pandas_categorical:null
