tree
version=v4
num_class=1
num_tree_per_iteration=1
label_index=0
max_feature_idx=17
objective=regression
feature_names=Column_0 Column_1 Column_2 Column_3 Column_4 Column_5 Column_6 Column_7 Column_8 Column_9 Column_10 Column_11 Column_12 Column_13 Column_14 Column_15 Column_16 Column_17
feature_infos=[0.0010405827263267431:1] [0.0010405827263267431:1] [0.0011098779134295228:1] [0.0009727626459143969:1] [0.0009727626459143969:1] [0.001006036217303823:1] [0.001152073732718894:1] [0.0009727626459143969:1] [0.0009727626459143969:1] [0.0010214504596527069:1] [0.0010235414534288639:1] [0.0010214504596527069:1] [0.0043604651162790697:1] [0.001026694045174538:1] [0.5004863813229572:0.75] [0.0010405827263267431:1] [0.0009727626459143969:1] [0.013530135301353014:1]
tree_sizes=1589 1594 1587 1577 1584 1580 1595 1581 1584 1595 1588 1588 1595 1596 1593 1583 1604 1582 1586 1582 1595 1574 1584 1599 1602 1553 1582 1562 1596 1589 1590 1582 1574 1573 1582 1570 1575 1586 1582 1598 1597 1588 1583 1585 1602 1590 1587 1601 1588 1548 1587 1594 1609 1567 1582 1559 1581 1612 1577 1571 1546 1565 1548 1582 1573 1576 1533 1612 1583 1540 1583 1547 1566 1602 1584 1590 1528 1577 1578 1566 1566 1520 1577 1585 1571 1551 1527 1552 1565 1546 1552 1597 1583 1551 1543

Tree=0
num_leaves=15
num_cat=0
split_feature=1 1 0 9 3 1 9 7 5 2 6 10 13 14
split_gain=1829.74 406.716 332.088 158.899 158.31 115.357 125.421 101.732 79.2668 81.4949 68.4104 68.1401 63.1616 56.7198
threshold=0.37779023418036878 0.041577766960699133 0.70653189760260071 0.3222288281146784 0.8214544889073192 0.21943013889946458 0.29864559129265017 0.9390322988833002 0.89600884955752225 0.17165940598367302 0.83342868039664386 0.21831523492097626 0.051957172041441714 0.50065574475404206
decision_type=2 2 2 2 2 2 2 2 2 2 2 2 2 2
left_child=1 3 8 10 5 6 -3 12 9 -2 -1 13 -5 -4
right_child=2 4 11 7 -6 -7 -8 -9 -10 -11 -12 -13 -14 -15
leaf_value=0.017748864792015564 0.00055890877023726329 0.0068655500160478625 -0.01119291874281772 -0.0043525057810649215 -0.0006423816376802346 0.0013838441754166113 0.0027960491920619177 -0.0047248981307332748 0.0013029586298766694 -0.0021018458009431306 0.0052705445528727904 -0.0035993993175458339 0.0081579943066547762 -0.0052246628732336561
leaf_weight=5337 34952 25885 4419 1070 44040 87832 70501 1891 26035 162917 1383 155847 17665 40153
leaf_count=5337 34952 25885 4419 1070 44040 87832 70501 1891 26035 162917 1383 155847 17665 40153
internal_value=-0.000600864 0.00274107 -0.00261398 0.0085034 0.00205072 0.00269455 0.00388894 0.00632789 -0.00129059 -0.00163184 0.0151808 -0.00409244 0.00744349 -0.00581637
internal_weight=679927 255604 424323 27346 228258 184218 96386 20626 223904 197869 6720 200419 18735 44572
internal_count=679927 255604 424323 27346 228258 184218 96386 20626 223904 197869 6720 200419 18735 44572
is_linear=0
shrinkage=1


Tree=1
num_leaves=15
num_cat=0
split_feature=1 1 15 9 9 3 15 13 3 9 14 14 1 13
split_gain=1641.88 365.291 295.456 137.458 130.897 96.993 87.5762 85.3621 80.3248 74.5279 93.7064 66.0493 61.5966 57.4199
threshold=0.37006518763467827 0.041577766960699133 0.62832766985880695 0.31433365400302671 0.17657054166955158 0.70035152099241371 0.82552255568727784 0.056099271371395344 0.75424383726717847 0.41670922710248559 0.50111982223292306 0.50058105772087635 0.101333667888428 0.98996175678853005
decision_type=2 2 2 2 2 2 2 2 2 2 2 2 2 2
left_child=1 3 -2 -1 12 -6 -4 -5 13 10 -8 -7 -3 -9
right_child=2 4 6 7 5 11 9 8 -10 -11 -12 -13 -14 -15
leaf_value=0.015029791437686095 -0.00029226715516896478 0.0099949417842624365 -0.0020829946357534541 -0.0056264986804493503 0.0028013990581649481 0.010355880366934959 -0.0071544044383295737 0.0098947322915589383 0.0023531440474109152 -0.0028585851368936946 -0.0028162929988469988 7.1805853193257805e-05 0.0044113562188608964 -0.019008297930423426
leaf_weight=6513 175640 5934 134258 1315 128758 1605 30417 13821 5393 68150 21072 57303 29468 174
leaf_count=6513 175640 5934 134258 1315 128758 1605 30417 13821 5393 68150 21072 57303 29468 174
internal_value=6.77395e-06 0.00322582 -0.00186891 0.00869446 0.0025586 0.00203254 -0.00295959 0.00670141 0.00753756 -0.0039433 -0.00537902 0.000352004 0.00534726 0.00953538
internal_weight=679821 250284 429537 27216 223068 187666 253897 20703 19388 119639 51489 58908 35402 13995
internal_count=679821 250284 429537 27216 223068 187666 253897 20703 19388 119639 51489 58908 35402 13995
is_linear=0
shrinkage=0.05


Tree=2
num_leaves=15
num_cat=0
split_feature=15 1 1 15 8 8 0 17 3 7 5 0 6 9
split_gain=1468.43 418.011 188.493 160.138 148.796 127.381 87.2941 82.0415 77.7483 71.6815 70.7203 57.3735 57.0569 56.9138
threshold=0.50669728674024384 0.041577766960699133 0.23110788113695094 0.81761962111219455 0.5817057043310192 0.65976075870456119 0.017385491746105559 0.49743481806940465 0.7236383815962063 0.61352238381098312 0.92759943593225502 0.05287028726851694 0.88356710580935538 0.41670922710248559
decision_type=2 2 2 2 2 2 2 2 2 2 2 2 2 2
left_child=1 5 4 10 -3 6 12 -6 11 -7 -2 -4 -1 -5
right_child=3 2 8 13 7 9 -8 -9 -10 -11 -12 -13 -14 -15
leaf_value=0.019689125658232338 -0.0017931298381548624 0.0047552906932079508 0.014034762138179903 -0.0050200289015699655 0.00023084420396470452 0.0074466251230435546 0.0088872051444882447 0.0045435347102223246 -0.00090057394964703603 -0.00063287267861856351 0.001767263073354291 0.0012908052531806255 0.0030692189430105957 -0.00286668465946396
leaf_weight=3596 196640 71279 889 54046 42874 6815 11582 14846 51956 4597 15012 134605 603 70992
leaf_count=3596 196640 71279 889 54046 42874 6815 11582 14846 51956 4597 15012 134605 603 70992
internal_value=-3.19443e-05 0.00226737 0.00175617 -0.00237873 0.00322718 0.00821623 0.0111263 0.0013401 0.000743854 0.00419203 -0.0015406 0.00137442 0.0173024 -0.00379744
internal_weight=680332 343642 316449 336690 128999 27193 15781 57720 187450 11412 211652 135494 4199 125038
internal_count=680332 343642 316449 336690 128999 27193 15781 57720 187450 11412 211652 135494 4199 125038
is_linear=0
shrinkage=0.05


Tree=3
num_leaves=15
num_cat=0
split_feature=1 1 1 8 9 17 0 9 8 17 14 8 14 5
split_gain=1364.56 407.867 231.23 144.665 112.315 81.2398 63.0575 61.6699 60.2211 58.9453 58.2525 54.7057 82.5097 58.2174
threshold=0.25865482531724898 0.63605999776959976 0.02933268324860722 0.5817057043310192 0.37320885260793552 0.48293026418026425 0.84976882030676737 0.62152455679241403 0.35780428951139753 0.39460460195715424 0.50066357029882258 0.90490127649005925 0.50135318245074345 0.97465628345332822
decision_type=2 2 2 2 2 2 2 2 2 2 2 2 2 2
left_child=2 8 4 7 -1 11 -3 -4 -2 -5 -9 -6 13 -13
right_child=1 6 3 9 5 -7 -8 10 -10 -11 -12 12 -14 -15
leaf_value=0.015248449044705388 0.0011485915777108087 -0.0020433440743712612 0.0054476937382542494 -0.0009260417270002463 0.0057829876350239335 0.012178714273253803 -0.0036606860734741185 0.0092450873728945459 -0.00044675480567540887 0.0023927505550562656 0.0016042958893230529 -0.00098869570253217322 -0.021859840472866047 0.035237698926733084
leaf_weight=5306 92431 145138 61258 18064 7491 4494 103060 2818 164302 51588 21727 1050 475 124
leaf_count=5306 92431 145138 61258 18064 7491 4494 103060 2818 164302 51588 21727 1050 475 124
internal_value=4.73506e-05 -0.00126963 0.00386044 0.00322494 0.00907644 0.00667445 -0.00271492 0.00459919 0.000127614 0.00153203 0.00248153 0.00396808 -0.00427658 0.0028376
internal_weight=679326 504931 174395 155455 18940 13634 248198 85803 256733 69652 24545 9140 1649 1174
internal_count=679326 504931 174395 155455 18940 13634 248198 85803 256733 69652 24545 9140 1649 1174
is_linear=0
shrinkage=0.05


Tree=4
num_leaves=15
num_cat=0
split_feature=15 15 8 8 15 17 15 0 9 14 3 5 14 3
split_gain=1217.93 360.465 155.731 138.729 106.224 92.9166 84.46 75.3733 70.288 67.5076 57.4328 55.6545 90.3634 58.5211
threshold=0.51489938303638361 0.069599671162171181 0.56187942762981857 0.44015975102632604 0.79747559597949202 0.46701902158754954 0.25848396464962575 0.021309146795827124 0.20864668739986811 0.50065574475404206 0.90006321112515819 0.89221965346251575 0.50122100304132633 0.417115932341316
decision_type=2 2 2 2 2 2 2 2 2 2 2 2 2 2
left_child=1 2 7 6 -2 -4 -3 -1 9 -6 -7 -5 13 -13
right_child=4 3 5 11 8 10 -8 -9 -10 -11 -12 12 -14 -15
leaf_value=0.014959435825555213 -0.0014260540305500282 0.0041779886387151082 0.0006876349150784528 0.00013880381539454665 -0.012049746994030178 0.0081153661318990929 0.00158683228007744 0.0076834581078008366 -0.0026385627316140147 -0.0045287807240337154 -0.007016242713063699 0.010028001133633703 -0.0010262171055405059 0.003070578177097061
leaf_weight=4411 192085 53353 13953 150191 3345 9010 76601 18436 107833 27618 674 4513 9274 9151
leaf_count=4411 192085 53353 13953 150191 3345 9010 76601 18436 107833 27618 674 4513 9274 9151
internal_value=-1.33152e-05 0.00204473 0.00614455 0.00141594 -0.00218758 0.00329928 0.00265064 0.00908821 -0.00324149 -0.00534129 0.00706222 0.000489145 0.00278307 0.0053685
internal_weight=680448 349567 46484 303083 330881 23637 129954 22847 138796 30963 9684 173129 22938 13664
internal_count=680448 349567 46484 303083 330881 23637 129954 22847 138796 30963 9684 173129 22938 13664
is_linear=0
shrinkage=0.05


Tree=5
num_leaves=15
num_cat=0
split_feature=1 1 1 8 8 14 15 13 10 7 14 15 10 5
split_gain=1111.31 315.455 165.258 136.552 101.499 96.6086 74.3295 71.7878 66.5326 65.0025 63.0274 59.3718 64.0375 59.2067
threshold=0.44851371864875283 0.041577766960699133 0.77374019524857529 0.33058337384540598 0.85323139683188753 0.50071994277776632 0.23904853956953256 0.1633894872502992 0.41619041398604451 0.20010060362173041 0.50066006629418314 0.0054520683675997042 0.72793455219925818 0.95486768356622864
decision_type=2 2 2 2 2 2 2 2 2 2 2 2 2 2
left_child=1 4 -2 6 7 9 -3 -1 10 -6 -4 -9 -13 -5
right_child=2 3 8 13 5 -7 -8 11 -10 -11 -12 12 -14 -15
leaf_value=0.0023997724727051208 -0.00092609764774667668 0.0049574173010207799 -0.0085400457947828398 0.00079001508175196525 0.031776150053533424 -0.0022686207797257703 0.0020298670241031421 0.018906927835995156 -0.00215089949090302 0.0058617916118197545 -0.0036951529954386063 0.011390104235899815 0.0047940049400814946 0.0046613914491318506
leaf_weight=3574 221388 40617 7568 179201 361 4204 46508 1749 87924 734 59401 11204 5479 10452
leaf_count=3574 221388 40617 7568 179201 361 4204 46508 1749 87924 734 59401 11204 5479 10452
internal_value=1.40306e-05 0.00226193 -0.00180256 0.00175611 0.00738922 0.00117691 0.00339467 0.00888513 -0.00305529 0.0144052 -0.00424266 0.0101426 0.00922383 0.00100337
internal_weight=680364 304083 376281 276778 27305 5299 87125 22006 154893 1095 66969 18432 16683 189653
internal_count=680364 304083 376281 276778 27305 5299 87125 22006 154893 1095 66969 18432 16683 189653
is_linear=0
shrinkage=0.05


Tree=6
num_leaves=15
num_cat=0
split_feature=15 15 8 3 15 14 3 15 8 14 9 9 14 15
split_gain=1022.71 322.403 182.512 110.544 97.1663 94.3599 88.3114 99.2406 77.8664 72.2176 70.7348 55.8999 63.4112 48.4136
threshold=0.51083569948584151 0.077548658352229793 0.89686391363907803 0.70035152099241371 0.82155805430399209 0.50069300102581449 0.6568439295813191 0.0095328971283169788 0.33430444746223059 0.50058754487710588 0.37709163877814972 0.41670922710248559 0.50112739714884202 0.23904853956953256
decision_type=2 2 2 2 2 2 2 2 2 2 2 2 2 2
left_child=1 2 6 8 -2 -4 7 -1 13 -5 -9 12 -6 -3
right_child=4 3 5 9 11 -7 -8 10 -10 -11 -12 -13 -14 -15
leaf_value=0.017158707011641426 -0.0012749748901917941 0.0051905041019904641 0.01094527681437369 0.0076506438127494723 -0.0056972183631730476 -0.0046847351669079508 0.0038786698878020033 0.011088168638503742 0.0012752284238839535 -0.00039619968068701556 0.0055232472695896651 -0.0021124541538894074 -0.0021678721804208466 0.0023739639537059092
leaf_weight=2938 211661 23388 1164 2880 31488 5666 16768 8732 136696 87525 16501 69396 21360 43887
leaf_count=2938 211661 23388 1164 2880 31488 5666 16768 8732 136696 87525 16501 69396 21360 43887
internal_value=5.10346e-05 0.00195544 0.00559422 0.00131552 -0.00192318 -0.002021 0.00675161 0.00846165 0.00196057 -0.000139854 0.00744901 -0.00304551 -0.00427073 0.00335313
internal_weight=680050 346145 51769 294376 333905 6830 44939 28171 203971 90405 25233 122244 52848 67275
internal_count=680050 346145 51769 294376 333905 6830 44939 28171 203971 90405 25233 122244 52848 67275
is_linear=0
shrinkage=0.05


Tree=7
num_leaves=15
num_cat=0
split_feature=1 1 0 8 8 14 8 0 3 14 10 14 14 17
split_gain=940.874 223.352 176.601 128.352 108.167 75.1798 82.8106 67.0514 66.0035 59.2264 58.5556 86.6767 53.2765 50.4282
threshold=0.38182439145553909 0.045486874434242867 0.66762797854202194 0.5817057043310192 0.5069799922047552 0.50069300102581449 0.97855267982938654 0.22263800889137819 0.91976910774971687 0.50058105772087635 0.32908897896159045 0.5006891802032869 0.50124223794180478 0.44875374515869737
decision_type=2 2 2 2 2 2 2 2 2 2 2 2 2 2
left_child=1 4 -2 7 -1 -6 8 9 -7 -3 11 -4 -8 -5
right_child=2 3 10 13 5 6 12 -9 -10 -11 -12 -13 -14 -15
leaf_value=0.0099534342180940278 -0.00033487325616307119 0.015248777367836506 -0.0074978844657562025 -0.00060096562922009808 0.01114429816543893 0.0045673492135078252 -0.002548276557540178 0.0019003970493121057 -0.0059151087505705325 0.0039645207932479361 -0.001813459175961922 -0.0028025502392461429 -0.030345893130765411 0.0016468399801443112
leaf_weight=12703 194778 1188 11576 50264 2948 11879 407 72446 1719 54843 150345 65129 299 49547
leaf_count=12703 194778 1188 11576 50264 2948 11879 407 72446 1719 54843 150345 65129 299 49547
internal_value=1.57079e-05 0.00239261 -0.00143943 0.00185996 0.00645197 0.00387377 0.00237534 0.00290494 0.0032422 0.00420378 -0.002387 -0.00351115 -0.0143209 0.000514864
internal_weight=680071 258243 421828 228288 29955 17252 14304 128477 13598 56031 227050 76705 706 99811
internal_count=680071 258243 421828 228288 29955 17252 14304 128477 13598 56031 227050 76705 706 99811
is_linear=0
shrinkage=0.05


Tree=8
num_leaves=15
num_cat=0
split_feature=1 0 1 3 9 3 9 3 14 13 10 14 11 0
split_gain=822.061 224.601 172.26 103.903 80.0228 77.4752 67.3361 66.6856 81.0244 62.4432 52.0227 75.2922 51.5002 55.3059
threshold=0.26274197577120023 0.6600104931794335 0.02933268324860722 0.74291306643808885 0.3064632165235554 0.61004146159242179 0.25496988132162923 0.77804017130238901 0.50058754487710588 0.15918824929074771 0.41619041398604451 0.5006891802032869 0.6219396929319011 0.084518273917829165
decision_type=2 2 2 2 2 2 2 2 2 2 2 2 2 2
left_child=2 7 3 4 -1 6 -4 12 -9 -5 11 -3 -2 -14
right_child=1 10 5 9 -6 -7 -8 8 -10 -11 -12 -13 13 -15
leaf_value=0.01729357864743471 -0.00024010162096395742 -0.0063025169932478947 0.0057989331004319675 -0.0089176311680943081 0.007820120745347171 0.001047199569457374 0.0025808029469192939 0.0081302859692839857 -0.0018655757274916162 0.00433064112419614 -0.0015327417923046188 -0.0024625547873854976 0.014575872841675034 0.001245601427516725
leaf_weight=2830 131860 15050 20916 1104 10499 64513 72939 2100 58549 4576 133185 84095 786 77379
leaf_count=2830 131860 15050 20916 1104 10499 64513 72939 2100 58549 4576 133185 84095 786 77379
internal_value=-5.80193e-06 -0.00103787 0.00292093 0.00741839 0.00983152 0.0023811 0.00329798 -5.90148e-05 -0.00151946 0.00175562 -0.00217828 -0.00304545 0.00036272 0.00137965
internal_weight=680381 503004 177377 19009 13329 158368 93855 270674 60649 5680 232330 99145 210025 78165
internal_count=680381 503004 177377 19009 13329 158368 93855 270674 60649 5680 232330 99145 210025 78165
is_linear=0
shrinkage=0.05


Tree=9
num_leaves=15
num_cat=0
split_feature=15 0 8 0 3 0 5 14 5 14 2 4 7 16
split_gain=776.362 177.163 152.15 223.036 89.3339 83.3509 70.7475 70.5164 69.2001 73.6518 71.3029 63.124 61.9806 58.0302
threshold=0.33040034684855574 0.67556407039744026 0.84174938530188526 0.017385491746105559 0.89604322804169156 0.10025384798757821 0.91202609286237024 0.50124223794180478 0.9394497458910035 0.50101522947278165 0.38204676778620444 0.28579312519709876 0.021578168936931676 0.81722778728656853
decision_type=2 2 2 2 2 2 2 2 2 2 2 2 2 2
left_child=2 8 3 13 5 12 11 -8 10 -10 -2 -4 -5 -1
right_child=1 -3 6 4 -6 -7 7 -9 9 -11 -12 -13 -14 -15
leaf_value=0.014424763596638647 0.00067045392846114748 -0.0022334498817205089 0.0012099728733575574 -0.0068175542894652044 -0.00058691272463865299 0.0024273862732956016 0.0085041152223753885 -0.0020568746901465937 0.0060773039753386103 -0.00051606785674064462 -0.0012001264526929969 -0.0032330075118634782 0.0055967196985410028 0.0035257845390590965
leaf_weight=5202 81275 221742 13673 1037 19162 124370 3959 2631 8561 8383 136511 19249 33030 1596
leaf_count=5202 81275 221742 13673 1037 19162 124370 3959 2631 8561 8383 136511 19249 33030 1596
internal_value=-3.70633e-05 -0.00121998 0.00237449 0.00297783 0.00263761 0.0030276 -0.000441184 0.00428773 -0.00026259 0.00281525 -0.000502049 -0.00138777 0.00521883 0.011866
internal_weight=680381 456472 223909 184397 177599 158437 39512 6590 234730 16944 217786 32922 34067 6798
internal_count=680381 456472 223909 184397 177599 158437 39512 6590 234730 16944 217786 32922 34067 6798
is_linear=0
shrinkage=0.05


Tree=10
num_leaves=15
num_cat=0
split_feature=1 1 0 13 8 9 5 2 17 3 1 13 17 1
split_gain=746.648 167.108 137.63 92.3242 89.3683 79.1871 71.204 65.8307 65.7702 64.9175 50.228 46.6491 59.5942 47.6267
threshold=0.36195174434575594 0.02933268324860722 0.70271189556903857 0.22283109136039717 0.20806517963881735 0.37320885260793552 0.96279924716057119 0.29497283446192868 0.39460460195715424 0.81736718134612019 0.14833370909424923 0.86624699111450121 0.45586612128295029 0.0054595131644311979
decision_type=2 2 2 2 2 2 2 2 2 2 2 2 2 2
left_child=1 3 6 -1 -3 -5 7 -2 -6 -4 -10 12 -7 -14
right_child=2 4 9 5 8 11 -8 -9 10 -11 -12 -13 13 -15
leaf_value=0.00068191898946155349 0.00076799808646828673 0.0038885472766645394 -0.0017777340861512868 0.014254562860797099 -0.00024246029036348153 0.0036932555428117429 0.0035582994262611019 -0.0011362580339541214 0.0031997786686266726 -0.0041828389937322063 0.0011960803310877652 -0.0021491766612902669 0.025491389757585959 0.0098635050151486062
leaf_weight=4748 63748 43307 169443 4461 47312 4478 10864 157563 49099 33624 86165 1423 570 3369
leaf_count=4748 63748 43307 169443 4461 47312 4478 10864 157563 49099 33624 86165 1423 570 3369
internal_value=1.74647e-05 0.00222578 -0.00122526 0.00672307 0.00184651 0.00872876 -0.00039374 -0.000587743 0.00136214 -0.00217597 0.0019234 0.00622361 0.00763914 0.012125
internal_weight=680174 244932 435242 19049 225883 14301 232175 221311 182576 203067 135264 9840 8417 3939
internal_count=680174 244932 435242 19049 225883 14301 232175 221311 182576 203067 135264 9840 8417 3939
is_linear=0
shrinkage=0.05


Tree=11
num_leaves=15
num_cat=0
split_feature=15 1 8 8 0 6 15 0 16 5 5 7 2 13
split_gain=628.811 201.792 116.552 82.0298 75.8441 69.3924 64.9109 63.9922 60.5652 52.7724 52.0273 77.9158 47.4573 47.0274
threshold=0.52684230189333803 0.077593103448275871 0.86131782271393675 0.62907810282544196 0.017385491746105559 0.91965048840048846 0.90803758704589321 0.24644969916977583 0.226356191434988 0.9394497458910035 0.97465628345332822 0.132363027515533 0.54421100463761152 0.10394790010338116
decision_type=2 2 2 2 2 2 2 2 2 2 2 2 2 2
left_child=1 2 4 7 5 -1 9 -3 -4 12 -5 -12 -2 -6
right_child=6 3 8 10 13 -7 -8 -9 -10 -11 11 -13 -14 -15
leaf_value=0.011855265235078145 -0.00092281382339617067 0.0029026611103842507 0.0051968689894390267 -0.00037530176897471981 -0.0015527334956113431 -0.0060348294907593865 -0.0030915744417731005 0.00091960674323664313 -0.0036234644177945115 0.0014870084116189721 0.018172409489073157 0.0019389657752989478 -0.0023495919914146859 0.0050062895860546585
leaf_weight=6089 146771 59219 2829 110975 2980 595 63443 129960 6237 15863 896 4223 96667 32948
leaf_count=6089 146771 59219 2829 110975 2980 595 63443 129960 6237 15863 896 4223 96667 32948
internal_value=-5.86672e-05 0.00138743 0.00427684 0.000898299 0.0053721 0.0102627 -0.00165803 0.00154037 -0.000871123 -0.00130729 -0.00014797 0.00478037 -0.00148937 0.00446226
internal_weight=679695 356951 51678 305273 42612 6684 322744 189179 9066 259301 116094 5119 243438 35928
internal_count=679695 356951 51678 305273 42612 6684 322744 189179 9066 259301 116094 5119 243438 35928
is_linear=0
shrinkage=0.05


Tree=12
num_leaves=15
num_cat=0
split_feature=0 1 4 0 17 9 13 0 10 16 17 0 9 2
split_gain=616.106 155.651 124.776 121.493 73.8626 69.4101 72.5884 56.7585 56.4945 53.1026 47.8466 47.306 47.0761 44.2644
threshold=0.2984334096858639 0.62816278987053653 0.75072888775553581 0.045052851811950602 0.47895264212635802 0.58943685477910512 0.26230599637641622 0.005483210252362967 0.22630265173696759 0.84176149682478807 0.36803834615886272 0.10821477938093095 0.31054832605869248 0.17165940598367302
decision_type=2 2 2 2 2 2 2 2 2 2 2 2 2 2
left_child=2 9 3 4 12 6 -5 -6 -3 13 -4 -8 -1 -2
right_child=1 8 10 5 7 -7 11 -9 -10 -11 -12 -13 -14 -15
leaf_value=0.010422648482623314 0.001792727849656346 -0.0031568426806953169 -0.0020823074932479354 0.00044021015800123288 0.022927251142133818 0.0012104141265229366 0.0071619019219044833 0.008945441676401919 -0.0014017877926762274 -0.0018965704797878039 0.001207647945775515 0.0036280903091686859 0.0025174569340135539 -8.3600115602158284e-05
leaf_weight=2365 39488 60201 14994 14552 802 55770 12173 7644 192383 32102 42027 42657 9246 154078
leaf_count=2365 39488 60201 14994 14552 802 55770 12173 7644 192383 32102 42027 42657 9246 154078
internal_value=1.08477e-05 -0.000967479 0.00232448 0.00310276 0.00671549 0.00252378 0.00357948 0.0102731 -0.00182009 -1.3176e-05 0.000342535 0.00441264 0.00412764 0.000299176
internal_weight=680482 478252 202230 145209 20057 125152 69382 8446 252584 225668 57021 54830 11611 193566
internal_count=680482 478252 202230 145209 20057 125152 69382 8446 252584 225668 57021 54830 11611 193566
is_linear=0
shrinkage=0.05


Tree=13
num_leaves=15
num_cat=0
split_feature=15 15 8 8 10 14 17 0 14 5 13 17 13 0
split_gain=527.504 180.939 91.874 78.5382 65.1755 85.1139 54.399 53.0417 52.7631 90.457 72.0491 64.6884 52.6463 52.4838
threshold=0.51893517581156789 0.045481065025989191 0.29483489163472981 0.53066309381096788 0.26186855754414545 0.50066357029882258 0.46533890677203321 0.9274988888101573 0.50121506862258769 0.89221965346251575 0.25842021391529829 0.31804982510387997 0.17136813347126076 0.21069708251824745
decision_type=2 2 2 2 2 2 2 2 2 2 2 2 2 2
left_child=1 3 13 -1 5 7 12 -2 9 -4 -10 -11 -5 -3
right_child=4 2 8 6 -6 -7 -8 -9 10 11 -12 -13 -14 -15
leaf_value=0.0079157303647457711 -0.0053294254728633523 0.0043589016822311866 0.00063190359456090134 -0.0066768806823340014 -0.00097234540416972493 -0.001997317512628835 0.006162056409702305 -0.015437383595742296 -0.0028530011585027729 -0.0029582257186963881 0.00039798911669152061 0.005781920911039966 0.0022960651805254109 0.0016513952520851598
leaf_weight=13531 8847 24453 126609 2091 237830 79976 6894 1521 23213 2477 64115 14568 7491 66780
leaf_count=13531 8847 24453 126609 2091 237830 79976 6894 1521 23213 2477 64115 14568 7491 66780
internal_value=3.56767e-05 0.00137951 0.00103368 0.00509306 -0.00140663 -0.00254989 0.00277493 -0.00681228 0.000503063 0.00109226 -0.000466169 0.00451179 0.000337974 0.00237708
internal_weight=680396 352222 322215 30007 328174 90344 16476 10368 230982 143654 87328 17045 9582 91233
internal_count=680396 352222 322215 30007 328174 90344 16476 10368 230982 143654 87328 17045 9582 91233
is_linear=0
shrinkage=0.05


Tree=14
num_leaves=15
num_cat=0
split_feature=0 0 8 14 13 8 14 0 2 10 14 17 14 2
split_gain=493.089 135.108 124.636 104.867 82.7531 79.0327 70.2451 62.1203 54.2978 51.5709 55.5276 50.8305 49.5976 77.4426
threshold=0.52634884951071148 0.10821477938093095 0.60958407062051423 0.50069300102581449 0.13134960789273972 0.29876264840563982 0.50068634212152741 0.013571590832345883 0.23533236441520694 0.19121852040857656 0.5006891802032869 0.36654983910528088 0.50098522263119494 0.98233782733723196
decision_type=2 2 2 2 2 2 2 2 2 2 2 2 2 2
left_child=1 2 7 6 -5 -3 -4 -1 -2 10 -10 -7 13 -13
right_child=8 5 3 4 -6 11 -8 -9 9 -11 -12 12 -14 -15
leaf_value=0.012258227894747668 -0.00041817650607763263 0.0021341554480740431 0.0055699060604840374 -0.0046574299496593167 0.0014642791829053308 -0.0014019535532817185 0.026013157128489669 0.0047984714554768918 -0.007556907913298461 -0.0014397806538514891 -0.0026051036583338719 0.0013426501792588154 -0.00014294207772629026 0.011885841196526374
leaf_weight=3077 99025 80771 6551 7054 25394 36599 449 30001 6617 178514 39201 75210 89748 1783
leaf_count=3077 99025 80771 6551 7054 25394 36599 449 30001 6617 178514 39201 75210 89748 1783
internal_value=2.06337e-05 0.00130269 0.00322886 0.00133083 0.000133456 0.000810994 0.00688119 0.0054924 -0.00139338 -0.00182385 -0.00332024 0.000285405 0.000655774 0.00158681
internal_weight=679994 356637 72526 39448 32448 284111 7000 33078 323357 224332 45818 203340 166741 76993
internal_count=679994 356637 72526 39448 32448 284111 7000 33078 323357 224332 45818 203340 166741 76993
is_linear=0
shrinkage=0.05


Tree=15
num_leaves=15
num_cat=0
split_feature=0 0 14 16 13 14 0 2 9 14 0 1 9 7
split_gain=443.663 128.938 106.073 99.908 96.1502 100.518 94.3945 73.8124 69.3546 67.1797 74.7312 56.2163 51.6055 52.7665
threshold=0.26266119647564545 0.7185517828646526 0.50058105772087635 0.87721035261420888 0.29798703366038615 0.50090497811672841 0.021309146795827124 0.38204676778620444 0.60154147732335395 0.50057142931778531 0.02521631798119842 0.081736506333761713 0.33780460742153534 0.90385899147581406
decision_type=2 2 2 2 2 2 2 2 2 2 2 2 2 2
left_child=2 7 9 4 5 -4 12 -2 11 -1 -11 -8 -6 -14
right_child=1 -3 3 -5 6 -7 8 -9 -10 10 -12 -13 13 -15
leaf_value=0.0056260974349264959 0.00077759171490737007 -0.001811911168093532 0.0035382218957808222 -0.00093327405153847617 0.016779637678087971 -0.0013532520405959841 0.0066098538621354539 -0.00079582333946622084 0.0012154623888560468 0.052545339477466674 0.014475349125781918 0.0030322275046965903 0.0087276745994669235 -0.0058368860920783314
leaf_weight=3902 124560 192275 16790 26441 1638 28048 14884 185613 38231 143 1308 41865 4071 734
leaf_count=3902 124560 192275 16790 26441 1638 28048 14884 185613 38231 143 1308 41865 4071 734
internal_value=-3.45979e-05 -0.000794597 0.00211002 0.00189516 0.00240649 0.000478405 0.00325887 -0.000163968 0.00286159 0.0090418 0.0182273 0.00397056 0.0091155 0.00650283
internal_weight=680503 502448 178055 172702 146261 44838 101423 310173 94980 5353 1451 56749 6443 4805
internal_count=680503 502448 178055 172702 146261 44838 101423 310173 94980 5353 1451 56749 6443 4805
is_linear=0
shrinkage=0.05


Tree=16
num_leaves=15
num_cat=0
split_feature=1 3 1 3 8 14 5 14 14 13 14 9 16 9
split_gain=395.456 124.607 146.768 82.5973 77.9103 69.9095 67.3261 69.0345 54.4659 52.7161 72.1894 52.5318 50.2369 46.3886
threshold=0.33055263180786199 0.70430506958091688 0.02933268324860722 0.71963967370752535 0.15633820734839274 0.50058754487710588 0.89600884955752225 0.50057636906755121 0.50058105772087635 0.12734965726803762 0.50066357029882258 0.35781767388723779 0.95920557064027334 0.3925991131977048
decision_type=2 2 2 2 2 2 2 2 2 2 2 2 2 2
left_child=1 2 11 6 -4 13 7 -2 -3 10 -6 -1 -10 -5
right_child=3 8 4 5 9 -7 -8 -9 12 -11 -12 -13 -14 -15
leaf_value=0.013217173509134214 -0.0053589384597760243 0.0085499220554644886 0.0049356837647185729 -0.0022535145983146928 0.0088618722459925491 -0.0021786670395319949 0.001982245795076451 -0.00052450819730198034 7.7282559753081705e-05 0.0019614790328504766 -0.0024864026237045606 0.0058040821695927577 -0.0058966291227634231 0.007956590321291054
leaf_weight=3200 7572 1806 20124 1806 1572 119916 26515 298064 64895 105955 12911 9439 3721 2897
leaf_count=3200 7572 1806 20124 1806 1572 119916 26515 298064 64895 105955 12911 9439 3721 2897
internal_value=-3.01946e-06 0.00171976 0.00251998 -0.000846449 0.00205591 -0.00194414 -0.000434608 -0.000644279 -2.10864e-05 0.00157473 -0.00125465 0.00768096 -0.000246679 0.00403581
internal_weight=680393 223623 153201 456770 140562 124619 332151 305636 70422 120438 14483 12639 68616 4703
internal_count=680393 223623 153201 456770 140562 124619 332151 305636 70422 120438 14483 12639 68616 4703
is_linear=0
shrinkage=0.05


Tree=17
num_leaves=15
num_cat=0
split_feature=1 0 14 3 3 8 14 13 0 5 9 16 14 1
split_gain=381.128 137.214 112.146 97.4845 77.16 69.103 66.4433 63.5371 55.0552 51.8074 49.3186 45.2053 44.3231 43.8907
threshold=0.5264453352063555 0.076567901848686962 0.50058105772087635 0.688281910287044 0.90411969127571024 0.65193739969084452 0.50057142931778531 0.10789727208193896 0.005483210252362967 0.98996864809451501 0.2748159276704023 0.84176149682478807 0.50127878074306664 0.84178801731706587
decision_type=2 2 2 2 2 2 2 2 2 2 2 2 2 2
left_child=1 2 6 8 5 11 -1 -5 12 13 -10 -3 -4 -2
right_child=9 4 3 7 -6 -7 -8 -9 10 -11 -12 -13 -14 -15
leaf_value=0.010557396890290009 -0.00089238844961138516 0.0018557503209413987 0.018475050638202449 -0.0066709301985456776 -0.0017335365878912564 -0.00013192363605269751 0.034220375876051423 0.0014921027836021115 0.0086569999857780775 0.0043237382303023975 0.0033651318985566357 -0.00041028909255160943 -0.00024131382338921813 -0.0021346604915639992
leaf_weight=1080 211979 160076 1237 2817 28721 91964 409 15500 5391 4135 24020 25517 425 106987
leaf_count=1080 211979 160076 1237 2817 28721 91964 409 15500 5391 4135 24020 25517 425 106987
internal_value=7.32939e-06 0.00113299 0.00353751 0.00312993 0.000733551 0.00098884 0.0170572 0.000236697 0.00483543 -0.00123698 0.00433512 0.00154419 0.013689 -0.00130907
internal_weight=680258 357157 50879 49390 306278 277557 1489 18317 31073 323101 29411 185593 1662 318966
internal_count=680258 357157 50879 49390 306278 277557 1489 18317 31073 323101 29411 185593 1662 318966
is_linear=0
shrinkage=0.05


Tree=18
num_leaves=15
num_cat=0
split_feature=1 4 3 14 15 1 17 14 14 14 4 9 3 14
split_gain=337.941 99.0486 96.9183 111.112 84.7849 69.6421 51.6296 46.3889 45.0281 42.9801 40.7086 40.1766 55.7663 43.278
threshold=0.26274197577120023 0.6608417056015311 0.8214544889073192 0.50058754487710588 0.51083569948584151 0.017384435744213205 0.47895264212635802 0.50057636906755121 0.50057636906755121 0.50057142931778531 0.95835501214013197 0.31054832605869248 0.0057333983465459913 0.50069300102581449
decision_type=2 2 2 2 2 2 2 2 2 2 2 2 2 2
left_child=1 5 4 10 -2 6 -1 -3 9 -6 -4 12 -7 -13
right_child=2 7 3 -5 8 11 -8 -9 -10 -11 -12 13 -14 -15
leaf_value=0.0037250109112404724 0.00064304622228876019 0.0093790567023120941 0.0044379169257644886 -0.0025665101418793352 -0.0031764486051308622 -0.030169073238718411 0.012462981838755913 7.1047649290390292e-05 -0.00077012803514240507 -0.01411242214499365 0.019901787155341227 0.0044861146051527086 0.0041280418185554463 0.0013037143269327884
leaf_weight=3788 138646 1368 2796 82916 5745 119 3053 62220 270591 1065 502 12780 29471 65111
leaf_count=3788 138646 1368 2796 82916 5745 119 3053 62220 270591 1065 502 12780 29471 65111
internal_value=-1.94377e-05 0.00185317 -0.000682749 -0.00220852 -0.000366575 0.00273303 0.00762459 0.000271295 -0.000871187 -0.0048867 0.00679173 0.00242169 0.00399011 0.00182587
internal_weight=680171 177910 502261 86214 416047 114322 6841 63588 277401 6810 3298 107481 29590 77891
internal_count=680171 177910 502261 86214 416047 114322 6841 63588 277401 6810 3298 107481 29590 77891
is_linear=0
shrinkage=0.05


Tree=19
num_leaves=15
num_cat=0
split_feature=1 0 4 0 17 17 5 2 6 8 8 9 13 9
split_gain=345.303 94.453 82.2648 64.201 60.1019 68.2898 57.7126 71.9082 52.0857 50.7776 48.7191 48.6569 51.8959 44.3679
threshold=0.23110788113695094 0.73832804328913293 0.70066704239556843 0.037062474562474572 0.50103602602228936 0.58454734310898704 0.89600884955752225 0.17165940598367302 0.805498905535457 0.47151587873964845 0.88496153623691376 0.29864559129265017 0.07970326980722163 0.20450089588201217
decision_type=2 2 2 2 2 2 2 2 2 2 2 2 2 2
left_child=2 6 3 4 9 -6 7 -2 -8 -1 -4 -5 -13 -3
right_child=1 13 10 11 5 -7 8 -9 -10 -11 -12 12 -14 -15
leaf_value=0.0091014337812138028 0.0013297338818757094 -0.002966186375240125 0.0010484810084653163 0.0042630796847403247 0.046067567666253174 0.0094749785013963535 0.004162121864966061 -0.0006874443110785691 0.00031743323128903132 0.001322197872074164 -0.0034142607804423992 -0.0033747624643721075 0.0020582494465180923 -0.0010945714928866611
leaf_weight=3013 53508 41089 42552 24899 131 4772 13943 253443 23925 6905 7142 4731 61949 138055
leaf_count=3013 53508 41089 42552 24899 131 4772 13943 253443 23925 6905 7142 4731 61949 138055
internal_value=2.247e-05 -0.000592481 0.00208669 0.00287113 0.00592415 0.0104527 -0.000108606 -0.000335808 0.00173305 0.00368546 0.000407098 0.00237704 0.00167277 -0.00152385
internal_weight=680057 523963 156094 106400 14821 4903 344819 306951 37868 9918 49694 91579 66680 179144
internal_count=680057 523963 156094 106400 14821 4903 344819 306951 37868 9918 49694 91579 66680 179144
is_linear=0
shrinkage=0.05


Tree=20
num_leaves=15
num_cat=0
split_feature=15 8 17 0 0 1 14 8 14 2 11 14 10 17
split_gain=304.302 89.5351 72.8523 73.9067 71.1578 70.5337 57.1015 47.77 50.2616 47.528 62.644 46.4363 45.8978 42.0111
threshold=0.38547044754516496 0.44015975102632604 0.47895264212635802 0.064966675041009656 0.076567901848686962 0.84178801731706587 0.50058105772087635 0.8812326481624364 0.50327872377020999 0.22335395902034164 0.83044119181028975 0.50057142931778531 0.48006655997169551 0.30699304296387747
decision_type=2 2 2 2 2 2 2 2 2 2 2 2 2 2
left_child=1 4 6 -4 12 9 11 -8 -9 -2 -11 -3 -1 -14
right_child=5 2 3 -5 -6 -7 7 8 -10 10 -12 -13 13 -15
leaf_value=0.0083706285602086466 0.00062846906673107497 0.0031011578846591187 0.0058444393726122534 0.0011412818917289683 0.0019342205737801874 -0.0019272425945883909 0.00017265210905406531 -0.0019019333392783526 -0.012359577880926231 -0.001179923329617206 0.0009799508056157571 0.018561035892466073 -0.010894158506242514 0.0038655421907407041
leaf_weight=7617 77083 1780 10419 42126 93265 108832 76684 20273 1218 192660 40655 668 520 6617
leaf_count=7617 77083 1780 10419 42126 93265 108832 76684 20273 1218 192660 40655 668 520 6617
internal_value=2.64464e-06 0.00134228 0.000564854 0.00207386 0.00244464 -0.000831967 -0.000223144 -0.000411227 -0.00249462 -0.000447941 -0.000803567 0.00731978 0.00567117 0.00279015
internal_weight=680417 261187 153168 52545 108019 419230 100623 98175 21491 310398 233315 2448 14754 7137
internal_count=680417 261187 153168 52545 108019 419230 100623 98175 21491 310398 233315 2448 14754 7137
is_linear=0
shrinkage=0.05


Tree=21
num_leaves=15
num_cat=0
split_feature=0 13 14 5 0 14 15 14 3 17 2 0 10 2
split_gain=288.249 84.8648 151.799 123.014 83.3139 80.9972 72.8625 71.1128 64.5909 56.0446 54.392 51.4353 50.665 48.2964
threshold=0.2984334096858639 0.25842021391529829 0.50086281341194694 0.99797570020693771 0.017385491746105559 0.50083682066968083 0.62832766985880695 0.50058105772087635 0.88464147792506009 0.33359559548158019 0.25116824980893121 0.096410436817075978 0.19121852040857656 0.80988602393358577
decision_type=2 2 2 2 2 2 2 2 2 2 2 2 2 2
left_child=1 2 3 5 -3 7 10 -1 -6 -7 -2 13 -8 -11
right_child=6 4 -4 -5 8 9 12 -9 -10 11 -12 -13 -14 -15
leaf_value=0.011544767029554905 0.0012126495971192407 0.0076204012784646426 -0.0019807836907367146 0.042107904060314616 0.0023839710509857151 -0.019056305888100207 -0.0026531323120449132 0.0011823500592885708 -0.00078302169121826639 0.01442733965179121 -0.00050247369193700967 0.010415928412931347 -0.00088913492630593699 0.048181879404307293
leaf_weight=1843 64907 6822 36276 204 120560 107 51003 16286 18581 198 160609 693 201611 228
leaf_count=1843 64907 6822 36276 204 120560 107 51003 16286 18581 198 160609 693 201611 228
internal_value=6.71883e-06 0.00159138 -6.64609e-05 0.00348403 0.00222555 0.00307693 -0.000662099 0.0022358 0.00196105 0.0155149 -8.83463e-06 0.0188207 -0.00124529 0.0324931
internal_weight=679928 201798 55835 19559 145963 19355 478130 18129 139141 1226 225516 1119 252614 426
internal_count=679928 201798 55835 19559 145963 19355 478130 18129 139141 1226 225516 1119 252614 426
is_linear=0
shrinkage=0.05


Tree=22
num_leaves=15
num_cat=0
split_feature=1 3 1 0 8 8 3 14 14 13 11 6 14 3
split_gain=244.325 83.3906 80.2137 70.5394 59.6098 56.1117 53.8219 70.5757 47.259 45.8518 43.5598 48.197 47.3723 41.3145
threshold=0.25865482531724898 0.63363709331451279 0.8494035195901718 0.005483210252362967 0.69192232887885075 0.2239034886915118 0.8214544889073192 0.50058754487710588 0.50107411509529753 0.29798703366038615 0.9667328846032448 0.2281941452603006 0.50110987928061113 0.98249513618677053
decision_type=2 2 2 2 2 2 2 2 2 2 2 2 2 2
left_child=1 3 6 8 13 -5 10 -8 -1 -10 11 12 -2 -3
right_child=2 4 -4 5 -6 -7 7 -9 9 -11 -12 -13 -14 -15
leaf_value=0.019515075095629907 -0.0021877101339432422 0.0016046699034682949 -0.0018457384176283551 0.0046045739426406806 -0.0018819085590806878 0.0017042679993846813 0.0067134790762231333 -0.0018675942771905882 -0.014761647725428798 0.013340647158044953 0.0032323897138083445 0.0002409571080311976 0.00020552493649613024 -0.0054068687680033757
leaf_weight=999 47697 42211 103359 20743 22963 85067 2486 66288 247 352 9980 238939 36501 2211
leaf_count=999 47697 42211 103359 20743 22963 85067 2486 66288 247 352 9980 238939 36501 2211
internal_value=-4.6018e-05 0.00156528 -0.000603454 0.00243031 0.000186479 0.00227284 -0.000283961 -0.00155741 0.0128569 0.00175256 -2.10498e-05 -0.000121531 -0.00115021 0.00125569
internal_weight=680043 174793 505250 107408 67385 105810 401891 68774 1598 599 333117 323137 84198 44422
internal_count=680043 174793 505250 107408 67385 105810 401891 68774 1598 599 333117 323137 84198 44422
is_linear=0
shrinkage=0.05


Tree=23
num_leaves=15
num_cat=0
split_feature=0 8 0 14 8 6 0 14 10 14 9 4 0 10
split_gain=222.706 90.0977 72.2869 56.2996 103.008 65.4184 59.4813 58.6361 51.6327 59.7049 48.5259 48.0794 45.8291 41.1744
threshold=0.56995200195349771 0.33817276827924297 0.096410436817075978 0.50162602055924543 0.92848100555884072 0.093656515561987633 0.029133658943355772 0.50064391527020402 0.32501728907330574 0.5006891802032869 0.93163663148804321 0.63416262333517881 0.021309146795827124 0.25408501094676145
decision_type=2 2 2 2 2 2 2 2 2 2 2 2 2 2
left_child=1 2 -1 5 10 -3 7 -7 9 -2 11 -5 13 -6
right_child=8 3 -4 4 12 6 -8 -9 -10 -11 -12 -13 -14 -15
leaf_value=0.0052829821601557553 -0.0049100636662209518 -0.0022214685500706638 0.0014833510723896903 0.0014212212405820932 -0.045227635321630676 0.014075537073063339 0.00071483045298643966 0.0031075008403269287 -0.00056490584762255449 -0.0014528015484777702 -0.0058487479367038304 -0.0018848302154231213 -0.0055260310370778883 -0.012520155247143458
leaf_weight=14217 14691 17968 104712 28681 132 1392 180976 9780 195518 83268 3630 17836 7047 355
leaf_count=14217 14691 17968 104712 28681 132 1392 180976 9780 195518 83268 3630 17836 7047 355
internal_value=4.22059e-06 0.000792359 0.00193757 0.000283771 -0.0010999 0.000663616 0.000933404 0.00447409 -0.00103434 -0.00197129 -0.000280909 0.000153583 -0.00655119 -0.0213854
internal_weight=680203 386726 118929 267797 57681 210116 192148 11172 293477 97959 50147 46517 7534 487
internal_count=680203 386726 118929 267797 57681 210116 192148 11172 293477 97959 50147 46517 7534 487
is_linear=0
shrinkage=0.05


Tree=24
num_leaves=15
num_cat=0
split_feature=0 3 13 0 5 9 11 3 7 0 0 16 4 6
split_gain=225.402 80.6369 76.8585 76.8839 56.2715 53.494 59.9096 53.4965 49.6682 49.4108 36.3259 41.92 37.9954 35.9177
threshold=0.2984334096858639 0.8214544889073192 0.13134960789273972 0.017385491746105559 0.88464576497751868 0.67635128838996483 0.95134477543236684 0.8214544889073192 0.021578168936931676 0.76631006864988571 0.10821477938093095 0.041130367916715961 0.87540194588335052 0.093656515561987633
decision_type=2 2 2 2 2 2 2 2 2 2 2 2 2 2
left_child=2 9 4 -4 -1 6 7 8 -5 13 11 -10 -13 -2
right_child=1 -3 3 5 -6 -7 -8 -9 10 -11 -12 12 -14 -15
leaf_value=-0.0022044251987283956 -0.0017080118800996804 -0.0020614061288476049 0.0064470057531178064 -0.0045552066915017274 0.0029299806016112335 0.00030800819181888383 0.010729380066609355 -0.00018486393757561348 -0.0048222275267701398 -0.0010934127402223521 0.0021593894509656987 0.0056906757687200989 -0.0011779779427894734 0.00027357652443269013
leaf_weight=22281 25276 78723 8447 2350 7017 56408 2024 21443 1146 133912 58986 19668 2243 239999
leaf_count=22281 25276 78723 8447 2350 7017 56408 2024 21443 1146 133912 58986 19668 2243 239999
internal_value=-7.00513e-06 -0.000598888 0.00139324 0.00179492 -0.000974712 0.0015557 0.0022082 0.00204525 0.00261188 -0.000310468 0.00281717 0.00449997 0.00498754 8.47663e-05
internal_weight=679923 477910 202013 172715 29298 164268 107860 105836 84393 399187 82043 23057 21911 265275
internal_count=679923 477910 202013 172715 29298 164268 107860 105836 84393 399187 82043 23057 21911 265275
is_linear=0
shrinkage=0.05


Tree=25
num_leaves=15
num_cat=0
split_feature=0 16 0 8 17 8 14 17 11 17 14 14 13 17
split_gain=169.473 97.5943 89.2371 61.9973 50.7028 49.7985 44.3675 43.4861 42.8644 40.8059 39.7577 56.0205 52.185 39.2333
threshold=0.53788804919611777 0.84176149682478807 0.045052851811950602 0.71884278225628839 0.47895264212635802 0.49103293644657497 0.50062932686976225 0.91770372418879076 0.98219207043136203 0.47794904210833422 0.50053909624800641 0.50064391527020402 0.48508048454743558 0.44343178154925578
decision_type=2 2 2 2 2 2 2 2 2 2 2 2 2 2
left_child=1 2 4 -4 5 -1 8 10 -3 -7 -6 12 -12 -5
right_child=-2 6 3 13 7 9 -8 -9 -10 -11 11 -13 -14 -15
leaf_value=0.006407374586116195 -0.00084149976497506431 0.0032043256328786215 0.001346428792407371 -0.0015855276171329838 -0.02185608954517014 0.00040539430994472597 -0.0013953938599105516 -0.0013042997686016173 0.034454842458223611 -0.029316648200520469 0.0319547321897957 0.007218677512815231 0.008798244012196265 0.00063948202638283475
leaf_weight=4614 315056 3791 197868 34107 107 8887 58834 1349 113 117 473 6769 501 47271
leaf_count=4614 315056 3791 197868 34107 107 8887 58834 1349 113 117 473 6769 501 47271
internal_value=7.9654e-06 0.000741596 0.00111431 0.000868648 0.00412079 0.0021836 -0.00105288 0.00698855 0.00410886 1.91794e-05 0.00841365 0.00883194 0.0200436 -0.00029306
internal_weight=679857 364801 302063 279246 22817 13618 62738 9199 3904 9004 7850 7743 974 81378
internal_count=679857 364801 302063 279246 22817 13618 62738 9199 3904 9004 7850 7743 974 81378
is_linear=0
shrinkage=0.05


Tree=26
num_leaves=15
num_cat=0
split_feature=0 3 14 3 14 5 13 9 0 14 9 11 14 3
split_gain=200.183 76.2569 75.3084 73.6308 65.7714 57.4892 56.195 63.2506 56.0818 55.7056 50.6888 48.9267 48.0529 47.7783
threshold=0.27826733954451349 0.71963967370752535 0.50058105772087635 0.75834404455869764 0.50057142931778531 0.82178852500634691 0.25842021391529829 0.62152455679241403 0.045052851811950602 0.50058754487710588 0.56983859579581075 0.96286641964155328 0.50057636906755121 0.013828071718581693
decision_type=2 2 2 2 2 2 2 2 2 2 2 2 2 2
left_child=2 11 4 5 -1 6 -4 13 -6 10 -3 -2 -10 -8
right_child=1 9 3 -5 8 -7 7 -9 12 -11 -12 -13 -14 -15
leaf_value=0.0037022706945840679 -0.00029671763133852269 -0.00082008310347527608 -0.00067945210155260062 -0.00043271873555070629 0.037239547431336971 0.0040281194675406964 -0.0080782152137645214 0.0002301693500457099 0.021092727808392022 -0.0017933606125060668 0.0095047326833551712 0.0029330874919945875 0.0019692664515901363 0.0033096931900727759
leaf_weight=4126 347506 2731 26669 51193 254 23769 939 31813 660 127127 2105 12135 654 48177
leaf_count=4126 347506 2731 26669 51193 254 23769 939 31813 660 127127 2105 12135 654 48177
internal_value=-3.40239e-05 -0.000564957 0.00135245 0.00117583 0.00701502 0.00180268 0.00131106 0.00196701 0.0157321 -0.001593 0.00367407 -0.000187738 0.0115747 0.00309198
internal_weight=679858 491604 188254 182560 5694 131367 107598 80929 1568 131963 4836 359641 1314 49116
internal_count=679858 491604 188254 182560 5694 131367 107598 80929 1568 131963 4836 359641 1314 49116
is_linear=0
shrinkage=0.05


Tree=27
num_leaves=15
num_cat=0
split_feature=0 14 3 14 0 0 14 2 9 9 14 11 3 5
split_gain=163.31 72.6113 73.026 67.6627 71.5193 62.3305 56.3801 51.2616 46.8125 43.4442 43.0344 42.5203 41.8446 40.4656
threshold=0.33787930922245685 0.50058105772087635 0.63363709331451279 0.50057142931778531 0.045052851811950602 0.045052851811950602 0.50066357029882258 0.23533236441520694 0.87687893091449876 0.47466896109199092 0.50057636906755121 0.9667328846032448 0.8374179179538761 0.96668400971210555
decision_type=2 2 2 2 2 2 2 2 2 2 2 2 2 2
left_child=1 3 5 8 -5 6 -3 -2 -1 -4 12 -9 -6 -7
right_child=7 2 9 4 10 13 -8 11 -10 -11 -12 -13 -14 -15
leaf_value=0.0010203273526873094 0.00032886662632577448 0.013444484443251413 0.0011094319217662863 0.038964541201565901 0.013392699840727322 0.0011164416768863485 0.0035962667827876753 -0.0009627196980147891 0.014297371884049771 -0.0011517754057729849 0.0022402790970021398 0.0021679130443415964 0.043522613504842905 0.0063265805917795404
leaf_weight=4159 127904 1606 37564 254 674 114591 15283 311763 790 48886 806 11237 139 3852
leaf_count=4159 127904 1606 37564 254 674 114591 15283 311763 790 48886 806 11237 139 3852
internal_value=3.35949e-05 0.00112222 0.000965934 0.00620309 0.0142974 0.00169108 0.00453275 -0.000518328 0.00313972 -0.000169242 0.0104274 -0.000853807 0.0185441 0.00128589
internal_weight=679508 228604 221782 6822 1873 135332 16889 450904 4949 86450 1619 323000 813 118443
internal_count=679508 228604 221782 6822 1873 135332 16889 450904 4949 86450 1619 323000 813 118443
is_linear=0
shrinkage=0.05


Tree=28
num_leaves=15
num_cat=0
split_feature=15 8 17 15 14 5 17 2 14 2 3 8 3 10
split_gain=137.769 86.2377 57.9236 60.1116 60.015 93.313 53.2033 50.2313 48.2165 66.1781 41.6266 40.5714 51.6895 40.5412
threshold=0.56581759279845023 0.23585667692870427 0.4675733345658471 0.057264218084195927 0.50069300102581449 0.9394497458910035 0.36654983910528088 0.95545105735517877 0.50066357029882258 0.77907736738106104 0.87697438086631607 0.94393058020915765 0.041753872370174562 0.19121852040857656
decision_type=2 2 2 2 2 2 2 2 2 2 2 2 2 2
left_child=1 -1 4 -4 5 6 8 -8 -3 -10 11 -6 -13 -2
right_child=13 2 3 -5 10 -7 7 -9 9 -11 -12 12 -14 -15
leaf_value=0.0020198930451281933 -0.0019784483723455926 0.00010168542539517186 0.0043291916924402228 0.00068656751061234875 -9.1658856591063701e-05 0.012422995069140371 0.0022297697710942626 0.019160015668790734 -0.0034359172243068458 -0.02311450750833342 -0.0024431098456902745 0.006734486366668381 -0.0052963956701267186 -0.00051970656073386059
leaf_weight=85703 59653 5875 12677 106261 116122 1941 15335 451 1646 577 28673 1023 7014 236318
leaf_count=85703 59653 5875 12677 106261 116122 1941 15335 451 1646 577 28673 1023 7014 236318
internal_value=-3.37259e-06 0.00062235 0.000219878 0.00107482 -0.000349283 0.00188006 0.00102326 0.00271346 -0.00227157 -0.00854368 -0.00072599 -0.000329442 -0.00376503 -0.000813716
internal_weight=679269 383298 297595 118938 178657 25825 23884 15786 8098 2223 152832 124159 8037 295971
internal_count=679269 383298 297595 118938 178657 25825 23884 15786 8098 2223 152832 124159 8037 295971
is_linear=0
shrinkage=0.05


Tree=29
num_leaves=15
num_cat=0
split_feature=0 8 0 5 15 4 3 11 5 13 10 4 5 15
split_gain=150.809 66.9501 60.899 56.0856 53.6731 52.5659 42.8037 40.0497 39.9632 38.6068 39.0152 36.8986 36.7276 40.8241
threshold=0.2984334096858639 0.56187942762981857 0.11205985273747905 0.89600884955752225 0.90803758704589321 0.35793770689384752 0.90411969127571024 0.83408324813491397 0.97844246677200497 0.34620254483268187 0.72793455219925818 0.94617809647466178 0.98614090046418046 0.49485418726168623
decision_type=2 2 2 2 2 2 2 2 2 2 2 2 2 2
left_child=1 2 9 11 6 -5 8 -7 -2 -1 -11 -3 13 -9
right_child=4 3 -4 5 -6 7 -8 12 -10 10 -12 -13 -14 -15
leaf_value=0.0014696184656456076 -0.00021693149306382925 -4.2227208445322439e-05 0.0011911362389885169 0.008177107114211218 -0.0018730926249053105 -0.00019463535756433217 -0.0020139534920458127 0.0043450983522118078 0.0044434764034002342 0.0063887972582523838 0.0012982681387436155 -0.0045660034454195822 0.013975398317766719 -0.021110429545351403
leaf_weight=10914 375478 81947 65327 3603 63474 10457 33904 2770 4657 15492 4972 4770 1004 167
leaf_count=10914 375478 81947 65327 3603 63474 10457 33904 2770 4657 15492 4972 4770 1004 167
internal_value=-3.52347e-05 0.00111214 0.00206073 0.000236142 -0.000519218 0.00277588 -0.000311663 0.00142426 -0.000159837 0.00387117 0.00515199 -0.000291064 0.00571981 0.00289768
internal_weight=678936 201423 96705 104718 477513 18001 414039 14398 380135 31378 20464 86717 3941 2937
internal_count=678936 201423 96705 104718 477513 18001 414039 14398 380135 31378 20464 86717 3941 2937
is_linear=0
shrinkage=0.05


Tree=30
num_leaves=15
num_cat=0
split_feature=0 16 0 13 14 14 14 11 9 14 5 2 13 5
split_gain=136.641 65.7215 70.941 57.158 62.1507 47.5712 43.0514 37.3708 41.508 53.9334 52.5872 39.1792 37.1912 37.9515
threshold=0.60872448391189027 0.84176149682478807 0.11205985273747905 0.29798703366038615 0.5006958945610781 0.50199601593625509 0.50066357029882258 0.6259653804866413 0.60932098544428948 0.5010319928431457 0.95102363220169595 0.61843294946226346 0.72015164868852155 0.2182979359449948
decision_type=2 2 2 2 2 2 2 2 2 2 2 2 2 2
left_child=1 2 3 4 -1 -5 12 11 -9 10 -10 -4 13 -3
right_child=-2 6 7 5 -6 -7 -8 8 9 -11 -12 -13 -14 -15
leaf_value=0.0063388896796833559 -0.00085529504360591321 -0.0043049195932008712 0.00065977958970553406 0.0028411782765359606 -0.00098710069013439243 0.0077470603293182672 -0.0012376987927875784 0.0022608578835078652 0.0013803011353493643 -0.001345690446178463 0.012005043063594227 -0.00089151215178500981 -0.0035842457035507426 0.0064154944437899335
leaf_weight=3506 267103 991 114526 33281 16613 5803 62259 54293 25220 25696 1221 63141 1797 4945
leaf_count=3506 267103 991 114526 33281 16613 5803 62259 54293 25220 25696 1221 63141 1797 4945
internal_value=2.60979e-05 0.000595726 0.000880423 0.00245492 0.000289549 0.00356958 -0.000800668 0.000552312 0.00129324 0.000285603 0.00187093 0.000108467 0.0027179 0.00462575
internal_weight=680395 413292 343300 59203 20119 39084 69992 284097 106430 52137 26441 177667 7733 5936
internal_count=680395 413292 343300 59203 20119 39084 69992 284097 106430 52137 26441 177667 7733 5936
is_linear=0
shrinkage=0.05


Tree=31
num_leaves=15
num_cat=0
split_feature=0 14 8 5 4 3 14 0 7 3 0 14 7 5
split_gain=110.037 81.2297 79.5548 72.5926 64.9003 51.3897 48.345 47.9518 47.9648 52.6902 46.6229 46.3124 43.4334 40.6048
threshold=0.22662665044468291 0.50058105772087635 0.72291929051217474 0.89600884955752225 0.66880822556744779 0.71963967370752535 0.50057142931778531 0.017385491746105559 0.1087090054481359 0.63363709331451279 0.021309146795827124 0.50101522947278165 0.59406987210348949 0.89600884955752225
decision_type=2 2 2 2 2 2 2 2 2 2 2 2 2 2
left_child=1 6 7 4 -4 13 -1 -3 -9 -10 -8 -7 -5 -2
right_child=5 2 3 12 -6 11 10 8 9 -11 -12 -13 -14 -15
leaf_value=0.0046052160101447059 -0.00016985297685284009 0.0066072297764468782 -0.00013352202020452367 0.0062697266614603593 -0.0042720773932429712 -0.00023779527691274386 0.04676514910039517 -0.0017837740936934657 0.0031633565017399725 0.00054924801452180261 0.01309165988468953 -0.0020400438808540647 8.19708237927165e-05 0.001819010143594577
leaf_weight=3331 356446 5093 30623 5478 13716 71348 113 9273 44040 34281 1138 71235 5880 27654
leaf_count=3331 356446 5093 30623 5478 13716 71348 113 9273 44040 34281 1138 71235 5880 27654
internal_value=1.52859e-05 0.00119581 0.000993339 -0.000500155 -0.00141376 -0.000327577 0.00775267 0.0018908 0.00161657 0.00201916 0.0161333 -0.00113821 0.00306635 -2.6661e-05
internal_weight=679649 152966 148384 55697 44339 526683 4582 92687 87594 78321 1251 142583 11358 384100
internal_count=679649 152966 148384 55697 44339 526683 4582 92687 87594 78321 1251 142583 11358 384100
is_linear=0
shrinkage=0.05


Tree=32
num_leaves=15
num_cat=0
split_feature=1 16 0 8 15 3 9 8 4 8 10 13 4 2
split_gain=108.779 57.4975 58.8562 57.3546 61.5299 59.0915 72.7045 41.9216 41.6728 40.4347 37.7373 37.0278 36.0873 34.8495
threshold=0.62816278987053653 0.84176149682478807 0.080548666533457144 0.90083339120772288 0.23110788113695094 0.073030399280051894 0.89219594505523492 0.9859919449390967 0.10029075910101344 0.72291929051217474 0.22228622631848441 0.10394790010338116 0.01316656265168851 0.96690911976301319
decision_type=2 2 2 2 2 2 2 2 2 2 2 2 2 2
left_child=1 2 3 4 11 6 -5 10 -8 -4 -2 -1 -9 -3
right_child=7 13 9 5 -6 -7 8 12 -10 -11 -12 -13 -14 -15
leaf_value=-0.0019616826446243216 -0.0019626094542495617 -0.0010526590452716886 0.00088990644323099974 0.00030642010213033214 0.016165125905903823 -0.0032430416476404407 0.032636975906401251 0.01931778176068482 0.0035710203005439793 -0.00041117739777819085 -0.0005116719925108979 0.0036813739458457524 0.0028054115319753894 0.0037680917511577249
leaf_weight=3227 58503 65644 234805 1227 930 6748 348 364 191 80081 191522 29311 3637 3976
leaf_count=3227 58503 65644 234805 1227 930 6748 348 364 191 80081 191522 29311 3637 3976
internal_value=4.91801e-05 0.000537056 0.000793477 0.00255204 0.00348416 -0.00111209 0.00703041 -0.000769921 0.0223372 0.000559018 -0.000851175 0.00312172 0.00430766 -0.000777346
internal_weight=680514 426488 356868 41982 33468 8514 1766 254026 539 314886 250025 32538 4001 69620
internal_count=680514 426488 356868 41982 33468 8514 1766 254026 539 314886 250025 32538 4001 69620
is_linear=0
shrinkage=0.05


Tree=33
num_leaves=15
num_cat=0
split_feature=0 8 5 14 7 8 0 17 0 14 10 14 14 0
split_gain=98.5237 62.4981 55.7637 81.6148 64.0478 68.9881 55.3638 50.6757 56.9944 48.6358 39.8366 59.7099 36.1001 35.7833
threshold=0.54985115751610258 0.44015975102632604 0.98996864809451501 0.50099304963867597 0.2044938777799877 0.8812326481624364 0.017385491746105559 0.47876039424253941 0.005483210252362967 0.50092336182141872 0.33349546044098577 0.50066006629418314 0.50179858442348257 0.9274988888101573
decision_type=2 2 2 2 2 2 2 2 2 2 2 2 2 2
left_child=1 6 7 4 5 -4 -1 -3 -9 -6 11 13 -12 -2
right_child=10 2 3 -5 9 -7 -8 8 -10 -11 12 -13 -14 -15
leaf_value=0.0084511037636055084 -0.003649723062151273 -0.00065954627722678515 0.0013223137858753595 -0.00045633730568550243 0.0042694827852354502 0.041653888344798475 0.0012063675907510295 0.015130264880603976 0.00080738552959345143 0.02908319291851387 6.9560687211706707e-05 -0.0010383547178487481 -0.0016469194540324012 -0.011286614867481335
leaf_weight=2685 9399 141476 156 2588 1327 331 147716 701 75637 232 164344 93798 37649 1833
leaf_count=2685 9399 141476 156 2588 1327 331 147716 701 75637 232 164344 93798 37649 1833
internal_value=2.23645e-06 0.000548429 1.61394e-05 0.0054436 0.0129065 0.0287345 0.0013357 -9.93299e-05 0.00093891 0.00796209 -0.00066106 -0.0014509 -0.00025037 -0.00489602
internal_weight=679872 372849 222448 4634 2046 487 150401 217814 76338 1559 307023 105030 201993 11232
internal_count=679872 372849 222448 4634 2046 487 150401 217814 76338 1559 307023 105030 201993 11232
is_linear=0
shrinkage=0.05


Tree=34
num_leaves=15
num_cat=0
split_feature=0 3 10 14 14 5 8 3 14 11 15 5 17 4
split_gain=97.3597 64.9454 51.0091 74.8424 45.6614 72.9506 53.4324 52.1755 46.1229 44.779 46.7536 46.9753 41.5682 40.1383
threshold=0.25432312358494602 0.63363709331451279 0.19121852040857656 0.50066006629418314 0.50069300102581449 0.97844246677200497 0.85722850291195629 0.013828071718581693 0.50108460380199527 0.58673829193172344 0.17558069209016461 0.92759943593225502 0.31804982510387997 0.6967562530062531
decision_type=2 2 2 2 2 2 2 2 2 2 2 2 2 2
left_child=1 4 3 -2 5 12 7 -6 9 -8 11 -11 -1 -4
right_child=2 -3 13 -5 6 -7 8 -9 -10 10 -12 -13 -14 -15
leaf_value=-0.0042349616700727306 -0.0053331956065029128 -0.00013042624891425518 0.00026254587273735817 -0.0008493008675095593 -0.0070228524135121234 0.025406932775469283 -0.0016821388204908536 0.0022441874732417721 -0.0034552838527639714 -0.0023809971350209737 0.011343461709878367 0.018606617699617582 0.0045031393577253543 -0.00082206553653108255
leaf_weight=1495 10422 67535 290051 86932 1554 397 4821 67214 9371 1905 1838 310 15188 120837
leaf_count=1495 10422 67535 290051 86932 1554 397 4821 67214 9371 1905 1838 310 15188 120837
internal_value=4.74535e-05 0.0010771 -0.000300247 -0.00132931 0.00186054 0.00422418 0.00139657 0.00203477 -0.00100891 0.00157448 0.0054482 0.000556321 0.0037201 -5.64247e-05
internal_weight=679870 171628 508242 97354 104093 17080 87013 68768 18245 8874 4053 2215 16683 410888
internal_count=679870 171628 508242 97354 104093 17080 87013 68768 18245 8874 4053 2215 16683 410888
is_linear=0
shrinkage=0.05


Tree=35
num_leaves=15
num_cat=0
split_feature=0 17 13 14 17 0 2 14 2 17 17 17 4 14
split_gain=90.3381 58.2668 55.7845 97.5706 81.9335 79.7627 64.7408 55.344 50.6305 49.7493 67.765 67.8004 48.9976 48.4986
threshold=0.27826733954451349 0.39460460195715424 0.2544549882258817 0.50087719568235067 0.39822652288420973 0.033139805967046986 0.77528750826173176 0.50061462838215609 0.22335395902034164 0.35105154537860556 0.33915406299127232 0.32910783055198983 0.99795814137708205 0.50082440286862306
decision_type=2 2 2 2 2 2 2 2 2 2 2 2 2 2
left_child=1 7 3 4 6 -4 -3 9 -2 10 11 -1 -7 -9
right_child=8 2 5 -5 -6 12 -8 13 -10 -11 -12 -13 -14 -15
leaf_value=-0.00037065280749115832 0.00047496611723140449 0.0016904918528519259 0.0062147625511650706 -0.0020977690826782924 0.0026783415043191566 0.0015110307022739328 0.054291822480225418 -0.0033405393124443456 -0.00067770549236922148 0.016218463711862065 -0.031073753106446098 0.029311076972394774 0.022534265389779866 0.00013737417216465301
leaf_weight=1104 129221 101 10314 24292 13280 90717 139 14554 362558 891 146 233 278 32203
leaf_count=1104 129221 101 10314 24292 13280 90717 139 14554 362558 891 146 233 278 32203
internal_value=-1.82723e-05 0.000913171 0.00143592 -0.000202934 0.0032016 0.00204759 0.0321554 -0.000567059 -0.000374827 0.00688044 0.00127007 0.004802 0.00157526 -0.000945192
internal_weight=680031 188252 139121 37812 13520 101309 240 49131 491779 2374 1483 1337 90995 46757
internal_count=680031 188252 139121 37812 13520 101309 240 49131 491779 2374 1483 1337 90995 46757
is_linear=0
shrinkage=0.05


Tree=36
num_leaves=15
num_cat=0
split_feature=0 3 17 8 5 5 0 7 9 4 7 17 0 3
split_gain=87.6663 62.2894 59.3707 56.9346 56.8456 55.6348 52.5906 51.686 58.2628 50.5978 48.1513 46.235 43.0586 39.1229
threshold=0.15916037190348134 0.8214544889073192 0.50103602602228936 0.85323139683188753 0.95486768356622864 0.98614090046418046 0.005483210252362967 0.021578168936931676 0.67635128838996483 0.19893663634093597 0.028956442831215973 0.28792813550878071 0.93544278491461597 0.053305642800324744
decision_type=2 2 2 2 2 2 2 2 2 2 2 2 2 2
left_child=2 5 3 7 -5 11 9 -1 -9 -4 -6 -2 -13 -7
right_child=1 -3 6 4 10 13 -8 8 -10 -11 -12 12 -14 -15
leaf_value=-0.0086609877419508135 -0.0022863821383981935 -0.0013853957736457995 0.028550942562418316 -0.0028387772644718466 0.023931404245382197 0.018737276693683559 0.0030885687162657254 0.0027021488532343791 -0.00059223836433149979 0.00061349065213375179 0.0024238175040884112 0.00020691946748987194 -0.0016124842733709515 0.0039829813211078192
leaf_weight=1244 21941 97091 401 16715 283 517 24067 41381 19863 272 3235 414478 35288 3431
leaf_count=1244 21941 97091 401 16715 283 517 24067 41381 19863 272 3235 414478 35288 3431
internal_value=1.46009e-05 -0.000231272 0.00132505 0.000682332 -0.00162292 4.30878e-06 0.00347407 0.00142875 0.00163369 0.0172597 0.00415396 -4.51621e-05 6.41716e-05 0.00591509
internal_weight=680207 572746 107461 82721 20233 475655 24740 62488 61244 673 3518 471707 449766 3948
internal_count=680207 572746 107461 82721 20233 475655 24740 62488 61244 673 3518 471707 449766 3948
is_linear=0
shrinkage=0.05


Tree=37
num_leaves=15
num_cat=0
split_feature=1 3 0 8 5 3 5 11 1 5 11 2 10 6
split_gain=86.7046 51.5838 69.7898 51.3016 47.7116 38.002 45.0386 38.9828 37.0389 33.5754 32.4769 31.7086 29.3769 29.0801
threshold=0.5264453352063555 0.70430506958091688 0.005483210252362967 0.42832318803821401 0.88099490807569691 0.085430654673929893 0.99797570020693771 0.94348076826638594 0.11319913900380051 0.98614090046418046 0.096834465289762292 0.99383191614830035 0.14392815394299077 0.070641231355517087
decision_type=2 2 2 2 2 2 2 2 2 2 2 2 2 2
left_child=1 2 10 8 13 6 7 -6 -4 12 -1 -7 -2 -5
right_child=9 -3 3 4 5 11 -8 -9 -10 -11 -12 -13 -14 -15
leaf_value=-0.012491494659028513 -0.0017985556882894032 -0.00035848101877723477 0.0037663091490902686 -0.002336356150982417 0.0047367328721598361 0.0020463236671913504 0.038791070517314521 0.02446750533484322 0.0012842129092149185 0.0033261403896879525 0.012863126071040383 -0.016216973821687405 -0.00045106073903308335 0.00018704750660377063
leaf_weight=137 47566 109632 18298 12688 2363 13256 115 280 84157 5392 1617 242 270274 114000
leaf_count=137 47566 109632 18298 12688 2363 13256 115 280 84157 5392 1617 242 270274 114000
internal_value=6.82233e-06 0.000544207 0.000944621 0.000873587 0.000261543 0.00281166 0.00815982 0.00682702 0.0017275 -0.000586345 0.0108827 0.00171889 -0.000652719 -6.56753e-05
internal_weight=680017 356785 247153 245399 142944 16256 2758 2643 102455 323232 1754 13498 317840 126688
internal_count=680017 356785 247153 245399 142944 16256 2758 2643 102455 323232 1754 13498 317840 126688
is_linear=0
shrinkage=0.05


Tree=38
num_leaves=15
num_cat=0
split_feature=1 8 14 14 6 13 17 0 4 0 14 3 0 13
split_gain=72.5013 51.7838 40.043 61.6415 54.7447 53.487 53.6667 42.5668 56.4169 38.9978 34.9144 34.8197 39.3764 33.123
threshold=0.44851371864875283 0.29082203351139119 0.50069300102581449 0.50068634212152741 0.070641231355517087 0.13134960789273972 0.47942214333069572 0.033139805967046986 0.10825091025766222 0.072684464465127593 0.50080321336959954 0.89604322804169156 0.10025384798757821 0.32184526681761388
decision_type=2 2 2 2 2 2 2 2 2 2 2 2 2 2
left_child=1 11 3 4 -3 -4 10 8 -6 -5 -7 12 13 -1
right_child=-2 2 5 9 7 6 -8 -9 -10 -11 -12 -13 -14 -15
leaf_value=0.00031432952527296067 -0.00047287514140881607 -0.0075856406365019616 -0.0022429596167560396 0.024574924973711026 0.022003556453966594 -0.0024194491175042634 0.00152895411984411 0.0010878677570073498 0.0040158915977934109 0.006822957425816705 -1.8521314615459005e-05 -0.001518394899931828 0.0014982871944569875 0.0065065496153916677
leaf_weight=2999 376128 1691 25730 376 546 18211 52224 29013 2162 1746 89855 7920 63952 7716
leaf_count=2999 376128 1691 25730 376 546 18211 52224 29013 2162 1746 89855 7920 63952 7716
internal_value=-8.71026e-06 0.000565318 0.000166985 0.00170497 0.00118015 -0.000126804 0.000212885 0.00164745 0.00764265 0.00996845 -0.000423119 0.00163391 0.00196828 0.00477342
internal_weight=680269 304141 221554 35534 33412 186020 160290 31721 2708 2122 108066 82587 74667 10715
internal_count=680269 304141 221554 35534 33412 186020 160290 31721 2708 2122 108066 82587 74667 10715
is_linear=0
shrinkage=0.05


Tree=39
num_leaves=15
num_cat=0
split_feature=16 0 9 0 13 14 10 14 17 14 13 2 10 14
split_gain=84.0112 93.7426 46.6355 52.463 53.4146 45.6993 46.955 45.6466 44.647 45.4563 55.7507 40.6351 42.5322 59.523
threshold=0.8732733349137608 0.23445401004529734 0.54568214576674834 0.017385491746105559 0.32581887995552145 0.50124223794180478 0.15190510149504624 0.50199601593625509 0.28792813550878071 0.50065061836259217 0.30202193983579201 0.16744734532689778 0.21081585316659948 0.50220751627616866
decision_type=2 2 2 2 2 2 2 2 2 2 2 2 2 2
left_child=1 2 3 -1 -5 -4 -7 -6 -2 10 -10 -3 13 -13
right_child=8 11 5 4 7 6 -8 -9 9 -11 -12 12 -14 -15
leaf_value=0.0083123529624950145 -0.004387502933424145 0.00075918549541689436 0.0013733967845782017 -0.00041253414532705762 0.0021959633080485537 -0.019343186607545228 -0.0010712960587922916 0.0066356584024671707 0.0088126539711238187 -0.0014216899705724441 -0.00067305199195128384 -0.0019495606411088274 -0.00011897650724411297 0.0022540799274088619
leaf_weight=3438 11500 95100 44514 17073 37819 357 23266 6836 2497 69144 4080 68683 286315 9598
leaf_count=3438 11500 95100 44514 17073 37819 357 23266 6836 2497 69144 4080 68683 286315 9598
internal_value=-3.58435e-05 0.000177263 0.00134468 0.00230097 0.00196616 0.000430091 -0.00134743 0.00287561 -0.00148472 -0.00104386 0.00292826 -0.000161266 -0.000401353 -0.00143415
internal_weight=680220 592999 133303 65166 61728 68137 23623 44655 87221 75721 6577 459696 364596 78281
internal_count=680220 592999 133303 65166 61728 68137 23623 44655 87221 75721 6577 459696 364596 78281
is_linear=0
shrinkage=0.05


Tree=40
num_leaves=15
num_cat=0
split_feature=0 16 5 17 14 17 14 5 3 0 14 17 14 3
split_gain=83.7922 58.3029 64.5627 60.985 56.795 45.7187 41.2145 56.492 37.7309 43.5606 62.8914 35.9724 35.9115 35.3589
threshold=0.61651034573650232 0.84176149682478807 0.89221965346251575 0.92128622028762874 0.50089206137000264 0.27975355405910968 0.50086281341194694 0.98996864809451501 0.89604322804169156 0.017385491746105559 0.50063613334520363 0.43282560875792925 0.50089686170794656 0.97855006680292711
decision_type=2 2 2 2 2 2 2 2 2 2 2 2 2 2
left_child=1 2 8 4 -4 -3 7 -7 9 10 -1 13 -6 -2
right_child=11 5 3 -5 12 6 -8 -9 -10 -11 -12 -13 -14 -15
leaf_value=0.022458338290215679 -0.0012673175386332305 -0.0045151321717190711 0.0050746652538607925 0.013737950151106945 -0.025556298907279479 0.00089130899413680646 -0.001344381619045802 0.015509671383090099 -0.001239419681489128 0.00055602441756392681 0.0033904216555047484 -0.00022018224382302481 0.00090944056089841167 -0.0071143842628434359
leaf_weight=471 106413 7718 12081 1223 129 20416 41975 683 29302 278627 5282 152520 20058 2650
leaf_count=471 106413 7718 12081 1223 129 20416 41975 683 29302 278627 5282 152520 20058 2650
internal_value=-1.41817e-05 0.000425053 0.000691717 0.00277846 0.00236308 -0.000882701 -0.000438221 0.00136452 0.000468921 0.000644945 0.00495152 -0.000716004 0.000740318 -0.00140939
internal_weight=679548 417965 347173 33491 32268 70792 63074 21099 313682 284380 5753 261583 20187 109063
internal_count=679548 417965 347173 33491 32268 70792 63074 21099 313682 284380 5753 261583 20187 109063
is_linear=0
shrinkage=0.05


Tree=41
num_leaves=15
num_cat=0
split_feature=3 14 5 14 11 1 14 8 7 10 3 14 9 4
split_gain=60.0151 88.5246 62.0737 75.7178 58.9727 50.0596 53.3125 53.012 44.0557 58.2338 39.4858 41.3599 46.1977 47.2602
threshold=0.8214544889073192 0.50058754487710588 0.89221965346251575 0.50123304749741548 0.7127322000492734 0.38182439145553909 0.50057636906755121 0.85323139683188753 0.32234863176039652 0.72002604166666673 0.073030399280051894 0.50089206137000264 0.93949312208960023 0.069142369319674296
decision_type=2 2 2 2 2 2 2 2 2 2 2 2 2 2
left_child=2 -2 5 4 -4 7 -7 8 -1 -10 11 12 -9 -14
right_child=1 -3 3 -5 -6 6 -8 10 9 -11 -12 -13 13 -15
leaf_value=-4.4423484678579374e-05 0.0060736965926377522 -0.0012796047451791148 0.0017518963690358711 -0.00067143557660058223 0.0063066218415354855 -0.0043772644234027335 -0.00024234266692772021 0.0050451622075135157 0.00246243178540426 -0.0001155146610708632 -0.0023325474267025842 -0.0010429191582242462 0.047696186178832874 0.0074192797564262272
leaf_weight=61065 4240 118036 19445 17969 11200 7995 312129 1680 69881 31909 21422 3072 139 153
leaf_count=61065 4240 118036 19445 17969 11200 7995 312129 1680 69881 31909 21422 3072 139 153
internal_value=-2.13762e-05 -0.00102462 0.000198445 0.00190552 0.00341654 3.5547e-05 -0.000345611 0.000680049 0.00101734 0.0016543 -0.00139541 0.00258464 0.0082357 0.0265922
internal_weight=680335 122276 558059 48614 30645 509445 320124 189321 162855 101790 26466 5044 1972 292
internal_count=680335 122276 558059 48614 30645 509445 320124 189321 162855 101790 26466 5044 1972 292
is_linear=0
shrinkage=0.05


Tree=42
num_leaves=15
num_cat=0
split_feature=16 0 5 14 5 14 6 17 2 0 10 4 9 17
split_gain=57.7227 55.6088 48.6174 62.8635 48.2808 56.0205 63.4969 44.0867 40.5508 40.1455 37.011 35.8473 35.1949 34.651
threshold=0.85403694679712794 0.80203332797390736 0.90005945303210477 0.50110987928061113 0.98614090046418046 0.50119189680645537 0.96112471618162454 0.35762931034482764 0.17165940598367302 0.017385491746105559 0.013464775964775967 0.12838235762264033 0.36165312942868627 0.26124604771486065
decision_type=2 2 2 2 2 2 2 2 2 2 2 2 2 2
left_child=1 2 8 -4 11 6 -6 -8 12 -10 -11 -2 -1 -13
right_child=4 -3 3 -5 5 -7 7 -9 9 10 -12 13 -14 -15
leaf_value=0.002599505593554072 0.0030963365916375375 -0.0007750712817451603 0.0039018652920619979 -0.00012780084190147653 0.013310637756527861 -0.0027564600183551855 -0.016651005656139448 0.010173558402392599 0.0039679383440582574 -0.004685131862541614 4.5308384471500745e-05 -0.0045293924446192504 0.00039351161965730754 -0.0012302038975844677
leaf_weight=31987 4354 117788 21949 17312 1924 1774 354 270 6454 4186 338857 8804 41588 82890
leaf_count=31987 4354 117788 21949 17312 1924 1774 354 270 6454 4186 338857 8804 41588 82890
internal_value=3.24261e-06 0.000194789 0.00044188 0.002125 -0.00110386 0.00406574 0.00881557 -0.00504422 0.000285686 6.10883e-05 -1.24151e-05 -0.00133649 0.00135258 -0.00154698
internal_weight=680491 580121 462333 39261 100370 4322 2548 624 423072 349497 343043 96048 73575 91694
internal_count=680491 580121 462333 39261 100370 4322 2548 624 423072 349497 343043 96048 73575 91694
is_linear=0
shrinkage=0.05


Tree=43
num_leaves=15
num_cat=0
split_feature=15 8 0 3 17 17 9 4 9 11 7 4 0 2
split_gain=54.0138 51.0535 55.2056 51.525 60.7811 63.8412 61.6445 44.2459 42.789 46.6642 50.4256 39.1938 39.649 38.696
threshold=0.81761962111219455 0.76650154899989376 0.017385491746105559 0.20875086183237279 0.89881832124930294 0.89028324154209304 0.96622117712426092 0.20696147823807401 0.89634505443994383 0.71667886774036127 0.021578168936931676 0.75881392433880868 0.12787304515533943 0.97855501519661758
decision_type=2 2 2 2 2 2 2 2 2 2 2 2 2 2
left_child=1 2 -1 4 5 -3 -6 -7 9 10 -4 12 -12 -11
right_child=-2 3 8 -5 6 7 -8 -9 -10 13 11 -13 -14 -15
leaf_value=0.0053749496336943517 -0.00092589008415611097 0.0015734690377757982 -0.0055880640569663902 -0.0012388751647460505 -0.0049466627445857595 0.026217125014546386 0.013543310143795829 -0.001790473532571358 -0.0012121511109411177 0.0014321719356746798 0.002666631445042754 -0.0007822840821480174 0.00041928323819080953 0.013671854083820318
leaf_weight=5709 125282 29105 3648 96113 5767 447 489 206 36442 98815 21832 61721 194232 650
leaf_count=5709 125282 29105 3648 96113 5767 447 489 206 36442 98815 21832 61721 194232 650
internal_value=1.18723e-05 0.000223489 0.000491448 -0.000634471 0.000978545 0.00192036 -0.00350139 0.0173816 0.000424644 0.000581243 0.000252236 0.000328933 0.000646365 0.00151216
internal_weight=680458 555176 423049 132127 36014 29758 6256 653 417340 380898 281433 277785 216064 99465
internal_count=680458 555176 423049 132127 36014 29758 6256 653 417340 380898 281433 277785 216064 99465
is_linear=0
shrinkage=0.05


Tree=44
num_leaves=15
num_cat=0
split_feature=3 5 14 14 0 10 13 14 14 4 12 15 11 7
split_gain=68.5645 73.1996 66.25 61.5807 51.8881 51.2216 49.8781 42.8718 49.6681 42.4089 38.2168 37.6769 37.6236 39.0778
threshold=0.70035152099241371 0.95880578338861333 0.50058754487710588 0.50098522263119494 0.080548666533457144 0.23823990411211507 0.56277711194503943 0.50136054673616881 0.5006230532013678 0.62645462998907619 0.93340486409155943 0.80550436379252643 0.9667328846032448 0.021578168936931676
decision_type=2 2 2 2 2 2 2 2 2 2 2 2 2 2
left_child=1 4 -2 6 -1 10 -3 8 -4 -9 -5 -10 13 -6
right_child=2 3 7 5 12 -7 -8 9 11 -11 -12 -13 -14 -15
leaf_value=0.0020985476206413114 0.0039108644489427996 0.0097237076286852756 -0.0053080525486840918 -0.0037166450257078449 -0.0032256758650923106 0.0035610039105304445 -0.00043957152244150752 -0.00040907369630886683 0.00012459286494997262 -0.003066669311676715 -0.032294716760497243 -0.0020505363107485948 0.0026543253576064582 7.0157593949311599e-06
leaf_weight=32147 7130 5075 5134 2392 9569 5260 1584 24149 103755 39672 123 24636 13097 405660
leaf_count=32147 7130 5075 5134 2392 9569 5260 1584 24149 103755 39672 123 24636 13097 405660
internal_value=-5.85405e-05 0.000271053 -0.000824041 0.00377719 0.00016115 0.00075478 0.00730613 -0.00099511 -0.000485613 -0.00206107 -0.0051143 -0.000292777 1.57432e-05 -6.7482e-05
internal_weight=679383 474907 204476 14434 460473 7775 6659 197346 133525 63821 2515 128391 428326 415229
internal_count=679383 474907 204476 14434 460473 7775 6659 197346 133525 63821 2515 128391 428326 415229
is_linear=0
shrinkage=0.05


Tree=45
num_leaves=15
num_cat=0
split_feature=0 5 8 7 17 14 14 17 14 17 0 17 17 0
split_gain=56.5491 55.5153 58.3663 68.1077 53.4669 52.0482 48.2466 56.6135 48.1463 85.678 57.6201 47.4253 69.3682 46.3648
threshold=0.66762797854202194 0.96279924716057119 0.72681058315892832 0.0098159656983186402 0.44343178154925578 0.50096805511822839 0.50119189680645537 0.39589021815622805 0.50089206137000264 0.31048215431733994 0.17081777314590804 0.43087411435162309 0.39214697975964585 0.045052851811950602
decision_type=2 2 2 2 2 2 2 2 2 2 2 2 2 2
left_child=1 2 3 -1 5 8 7 -3 11 10 -10 12 -4 -5
right_child=-2 6 4 13 -6 -7 -8 -9 9 -11 -12 -13 -14 -15
leaf_value=-0.0096702880373964357 -0.00062714021641457689 0.00040799270781011226 -0.0021441359359643799 0.0034086798189263373 0.00026205522264439134 -0.003191547455489253 -2.8407158158636328e-05 0.0076966112793701528 0.04263452261582136 0.0016102007888802207 0.010987093374380389 -0.0068302332688590303 0.0043037685369541768 0.00050746483725459064
leaf_weight=1609 226967 4203 13178 14449 67337 31233 8008 7277 219 2897 419 3032 6103 293527
leaf_count=1609 226967 4203 13178 14449 67337 31233 8008 7277 219 2897 419 3032 6103 293527
internal_value=1.71553e-05 0.000339618 0.00022239 0.000589974 -0.000692256 -0.00181803 0.00295031 0.00502814 -0.000158368 0.00526317 0.0218504 -0.00101729 -0.000103186 0.000643578
internal_weight=680458 453491 434003 309585 124418 57081 19488 11480 25848 3535 638 22313 19281 307976
internal_count=680458 453491 434003 309585 124418 57081 19488 11480 25848 3535 638 22313 19281 307976
is_linear=0
shrinkage=0.05


Tree=46
num_leaves=15
num_cat=0
split_feature=3 5 11 3 17 6 4 17 9 6 7 0 7 17
split_gain=54.0443 56.0146 57.3969 47.5592 40.8016 42.6386 39.8169 45.9708 32.6736 58.9763 45.3187 30.4226 31.6138 29.5618
threshold=0.67641661046860813 0.9394497458910035 0.90021010721647676 0.073030399280051894 0.28792813550878071 0.056828273857581151 0.62645462998907619 0.39700653662347218 0.84137493436023114 0.74459166959166978 0.025328793150245516 0.045052851811950602 0.021578168936931676 0.39000197311876511
decision_type=2 2 2 2 2 2 2 2 2 2 2 2 2 2
left_child=1 4 3 8 -1 -6 -2 13 -3 10 -10 -7 -13 -8
right_child=6 2 -4 -5 5 11 7 -9 9 -11 -12 12 -14 -15
leaf_value=-0.0022824340761119027 0.00015717477069347824 0.0051029229855810137 0.0089806044189248632 0.00057737457808286128 -0.0016336192107578994 0.0026289795937327613 -0.0020335893139264518 -0.00044212142880940765 0.052112052042817547 -0.0039411277934789891 0.015251547836879004 -0.0028179841785442813 0.00037033856337753197 -0.0068912486856601181
leaf_weight=16445 87624 2217 3198 14803 27877 14607 51208 78736 148 182 191 7941 371617 3336
leaf_count=16445 87624 2217 3198 14803 27877 14607 51208 78736 148 182 191 7941 371617 3336
internal_value=-2.80865e-05 0.000281041 0.00282021 0.00169708 0.000160947 0.000256154 -0.000670716 -0.00121501 0.00775074 0.0190179 0.031344 0.000389806 0.000303633 -0.00233069
internal_weight=680130 459226 20739 17541 438487 422042 220904 133280 2738 521 339 394165 379558 54544
internal_count=680130 459226 20739 17541 438487 422042 220904 133280 2738 521 339 394165 379558 54544
is_linear=0
shrinkage=0.05


Tree=47
num_leaves=15
num_cat=0
split_feature=3 14 1 9 16 6 14 9 9 16 13 3 3 9
split_gain=55.8389 66.2704 55.0464 46.1524 42.9882 41.9138 44.0254 39.49 36.0873 35.7234 34.2194 31.6191 28.2478 27.5915
threshold=0.71963967370752535 0.50058754487710588 0.02933268324860722 0.56983859579581075 0.90501091409536061 0.17284947844990928 0.5007168462465007 0.99368785721827457 0.90441827173347222 0.35765128060793699 0.095947386619028421 0.97056940573924844 0.073030399280051894 0.88062842686130371
decision_type=2 2 2 2 2 2 2 2 2 2 2 2 2 2
left_child=2 3 7 -2 8 6 -4 12 -3 -7 -8 -5 -1 -14
right_child=1 4 5 11 -6 9 10 -9 -10 -11 -12 -13 13 -15
leaf_value=-0.0013663007112165281 0.00037931431778838416 -0.00040571845330751306 -0.0029444387840171908 0.0068776252449898505 -0.0030857148417926176 0.0011689846031877503 -0.0034849182091575568 -0.018233172527912244 -0.0028830528433456976 0.00010239896547828339 7.7634827503184013e-05 0.02297689853740997 0.0060404332199014976 -0.00083635984496727644
leaf_weight=2166 3692 148364 18267 2689 20376 112192 7391 206 16317 261464 76580 344 8811 1748
leaf_count=2166 3692 148364 18267 2689 20376 112192 7391 206 16317 261464 76580 344 8811 1748
internal_value=-1.90146e-05 -0.000742056 0.000264658 0.00413359 -0.000919237 0.000177196 -0.000719868 0.00348348 -0.000651179 0.000422646 -0.000235936 0.00870359 0.00383504 0.00490201
internal_weight=680607 191782 488825 6725 185057 475894 102238 12931 164681 373656 83971 3033 12725 10559
internal_count=680607 191782 488825 6725 185057 475894 102238 12931 164681 373656 83971 3033 12725 10559
is_linear=0
shrinkage=0.05


Tree=48
num_leaves=15
num_cat=0
split_feature=1 8 14 5 4 9 13 9 14 11 7 10 6 1
split_gain=50.1354 52.884 48.5265 58.6702 58.3671 58.4439 45.1526 41.4951 54.7883 54.7574 55.4007 41.4682 39.1339 38.1736
threshold=0.62816278987053653 0.86131782271393675 0.50124223794180478 0.99384141282446381 0.084692973752607578 0.95114474521696823 0.024544897733776473 0.90041933328644785 0.50058754487710588 0.83408324813491397 0.021578168936931676 0.17176021553659634 0.096653875618320673 0.0095328971283169788
decision_type=2 2 2 2 2 2 2 2 2 2 2 2 2 2
left_child=1 7 3 4 5 -3 -5 9 -9 10 -1 -4 -6 -12
right_child=-2 2 11 6 12 -7 -8 8 -10 -11 13 -13 -14 -15
leaf_value=-0.0051323304113607719 -0.00055642410225827728 0.0021870813573176507 -0.0070789430865677988 0.043884635620805273 -0.0077940004466805065 0.016182449166074083 0.0086046386304805874 0.0091278324732428327 -0.0015509124634877493 0.002299543890645437 0.0061223524608997951 -0.0017765352607046925 -0.0006969595402518253 0.00049149340459649147
leaf_weight=4352 253823 5993 4644 102 2078 852 818 1249 31335 47508 3043 17899 29766 276846
leaf_count=4352 253823 5993 4644 102 2078 852 818 1249 31335 47508 3043 17899 29766 276846
internal_value=-3.86263e-08 0.000331095 -0.00101694 3.70578e-05 -0.000259686 0.00392909 0.0125161 0.000561058 -0.00114158 0.000728289 0.00046567 -0.00286886 -0.00116008 0.000552713
internal_weight=680308 426485 62152 39609 38689 6845 920 364333 32584 331749 284241 22543 31844 279889
internal_count=680308 426485 62152 39609 38689 6845 920 364333 32584 331749 284241 22543 31844 279889
is_linear=0
shrinkage=0.05


Tree=49
num_leaves=15
num_cat=0
split_feature=5 14 6 11 16 17 14 14 17 17 6 13 9 1
split_gain=48.0222 83.143 63.9311 59.5648 51.3907 48.691 57.3788 47.7335 45.2898 92.699 43.5031 41.692 42.3861 36.4193
threshold=0.88830251383164394 0.50072621679549068 0.95747060783473759 0.78296879177160872 0.91279861859197775 0.27492690058479535 0.5005112479782704 0.50057142931778531 0.31804982510387997 0.36916608015667468 0.33729863911884722 0.24648337020847952 0.59350790856951285 0.23110788113695094
decision_type=2 2 2 2 2 2 2 2 2 2 2 2 2 2
left_child=4 5 3 10 13 -2 -7 8 -8 -10 -3 12 -11 -1
right_child=1 2 -4 -5 -6 6 7 -9 9 11 -12 -13 -14 -15
leaf_value=0.00072711606826615248 -0.0024512817489164866 0.015607058962116078 -0.0044424334702542921 0.0034965422910418036 -0.0018059072192678962 -0.016477744080789895 0.044135439922798454 0.005187239365024101 -0.028575195171600898 0.010924634703190467 -0.00031060075124425676 0.0073904214887244805 0.042987941988334714 -0.00023838683753327672
leaf_weight=126101 2172 434 6231 15785 43445 287 127 11691 121 179 39148 440 243 433216
leaf_count=126101 2172 434 6231 15785 43445 287 127 11691 121 179 39148 440 243 433216
internal_value=7.02305e-07 0.00117773 0.000359203 0.000899579 -0.00014938 0.00448176 0.00563233 0.00612804 0.0160369 0.0124067 -0.00013607 0.0181594 0.0293876 -2.07091e-05
internal_weight=679620 76858 61598 55367 602762 15260 13088 12801 1110 983 39582 862 422 559317
internal_count=679620 76858 61598 55367 602762 15260 13088 12801 1110 983 39582 862 422 559317
is_linear=0
shrinkage=0.05


Tree=50
num_leaves=15
num_cat=0
split_feature=3 8 4 14 14 5 14 8 17 14 14 8 14 15
split_gain=44.3858 54.2923 58.4817 47.4115 44.7383 41.5954 68.1287 63.1627 48.5838 50.2255 41.9208 41.4001 49.495 41.6995
threshold=0.71963967370752535 0.99373034591194986 0.01316656265168851 0.5010319928431457 0.50136054673616881 0.79832806303394555 0.50099304963867597 0.92848100555884072 0.29812864360668484 0.5005112479782704 0.50100705036671644 0.22001964636542243 0.50166389811738654 0.73857038585315704
decision_type=2 2 2 2 2 2 2 2 2 2 2 2 2 2
left_child=1 5 -3 -4 -2 11 8 -8 -7 -10 -9 12 13 -1
right_child=4 2 3 -5 -6 6 7 10 9 -11 -12 -13 -14 -15
leaf_value=0.0010254601492447894 -0.00017736701282051749 0.024649037808773516 0.010925172482075337 -0.0016118748539105711 -0.0018243721875060952 -0.0032230227294560432 0.00046035846088198846 -0.037026626673386485 -0.016005238975578949 0.0034481056213684631 -0.0051825733937050991 -0.00032609161035462852 0.0030821863785901651 -0.0015697786034621541
leaf_weight=53939 131821 392 1391 1647 59998 3147 37371 106 335 34732 4135 309152 19918 21707
leaf_count=53939 131821 392 1391 1647 59998 3147 37371 106 335 34732 4135 309152 19918 21707
internal_value=-4.8124e-05 0.000205186 0.00647364 0.00412843 -0.000692525 0.000160813 0.00120392 -0.000195874 0.00272819 0.00326227 -0.00597849 -4.49297e-05 0.000864636 0.000280743
internal_weight=679791 487972 3430 3038 191819 484542 79826 41612 38214 35067 4241 404716 95564 75646
internal_count=679791 487972 3430 3038 191819 484542 79826 41612 38214 35067 4241 404716 95564 75646
is_linear=0
shrinkage=0.05


Tree=51
num_leaves=15
num_cat=0
split_feature=4 14 5 14 13 14 16 3 1 5 11 14 14 16
split_gain=52.1325 73.2176 65.4548 70.9232 50.0753 123.257 44.8028 36.2535 34.3686 33.6609 33.2145 33.1326 38.6901 48.8004
threshold=0.73965007141399719 0.50057142931778531 0.79832806303394555 0.50166389811738654 0.62941977881070688 0.50090991886073855 0.0052585491750391745 0.0057333983465459913 0.22341245123430484 0.98614090046418046 0.80278100025779853 0.5005112479782704 0.50072621679549068 0.27859967027034921
decision_type=2 2 2 2 2 2 2 2 2 2 2 2 2 2
left_child=2 -2 4 6 -1 -6 -4 -3 -7 -9 -11 -8 13 -13
right_child=1 7 3 -5 5 8 11 9 -10 10 -12 12 -14 -15
leaf_value=-0.00038929487226544725 0.0060967419184585307 0.017480026047899208 0.02117099246079816 -0.001447647945650436 -0.00092744827504990059 0.0038076149335610067 -0.012218109938722133 -0.0010660488462438571 0.0014044025827205323 0.00015823557000581301 0.0076145927837946827 0.0094567770579981163 0.0017586313961496472 0.0028367929471566715
leaf_weight=271670 3826 268 321 14064 67163 18371 383 166895 78224 4791 2170 4056 39143 8876
leaf_count=271670 3826 268 321 14064 67163 18371 383 166895 78224 4791 2170 4056 39143 8876
internal_value=-9.90433e-06 -0.000745297 0.000250639 0.00170745 2.70027e-05 0.000717629 0.00254818 -0.000895636 0.00186146 -0.000923963 0.00248266 0.00243423 0.00254199 0.00491309
internal_weight=680221 177950 502271 66843 435428 163758 52779 174124 96595 173856 6961 52458 52075 12932
internal_count=680221 177950 502271 66843 435428 163758 52779 174124 96595 173856 6961 52458 52075 12932
is_linear=0
shrinkage=0.05


Tree=52
num_leaves=15
num_cat=0
split_feature=15 6 6 14 16 14 13 6 13 16 14 3 14 17
split_gain=39.1701 38.5122 37.2836 52.0547 44.8855 38.1405 84.984 57.9686 55.5898 35.9728 35.1529 32.2398 33.7359 32.1502
threshold=0.90803758704589321 0.98277980174531909 0.096653875618320673 0.50110987928061113 0.35355243622621141 0.50090991886073855 0.27405552776998432 0.44738186119025863 0.49684872558755383 0.044996371552975332 0.50092937124062431 0.78586960118363913 0.50058754487710588 0.43515746285207368
decision_type=2 2 2 2 2 2 2 2 2 2 2 2 2 2
left_child=1 2 3 -1 5 6 7 -4 10 -9 -7 -6 -13 -8
right_child=-2 -3 4 -5 11 8 13 9 -10 -11 -12 12 -14 -15
leaf_value=-0.0025720481461600328 -0.0012046924516223247 -0.0062451917167988553 0.0017040111291536583 0.00058522625912966249 0.00017226794959058659 -0.0087486918930129998 -0.0010987017046503488 0.014164470199234079 0.001341644840915888 0.0058708262274183125 -0.000699105504332098 0.0046562931727737039 -0.0011353286528087781 0.0015097639517754572
leaf_weight=28940 63571 2383 9609 23784 293530 1394 16769 1528 57808 9058 50141 2597 79037 39968
leaf_count=28940 63571 2383 9609 23784 293530 1394 16769 1528 57808 9058 50141 2597 79037 39968
internal_value=-2.29889e-05 9.88546e-05 0.00012347 -0.00114779 0.000242852 0.000877313 0.00173027 0.00451573 0.000277185 0.00706794 -0.000916843 -7.21678e-05 -0.000951081 0.000738814
internal_weight=680117 616546 614163 52724 561439 186275 76932 20195 109343 10586 51535 375164 81634 56737
internal_count=680117 616546 614163 52724 561439 186275 76932 20195 109343 10586 51535 375164 81634 56737
is_linear=0
shrinkage=0.05


Tree=53
num_leaves=15
num_cat=0
split_feature=15 2 5 14 17 14 14 0 17 10 6 7 7 5
split_gain=43.3469 37.3815 42.3903 63.2491 51.8714 69.204 67.6537 49.5508 40.465 39.9348 35.6087 34.4196 33.5813 32.9077
threshold=0.90803758704589321 0.17165940598367302 0.89221965346251575 0.50073260112579066 0.27492690058479535 0.5005112479782704 0.50053909624800641 0.056969384751251108 0.25675853401917237 0.50025536261491321 0.36511109382696855 0.36172062904717861 0.98225227049444663 0.98996864809451501
decision_type=2 2 2 2 2 2 2 2 2 2 2 2 2 2
left_child=1 -1 12 4 8 -6 -7 -8 -4 10 -5 13 -3 -11
right_child=-2 2 3 9 5 6 7 -9 -10 11 -12 -13 -14 -15
leaf_value=0.0010013414504964986 -0.0012491959403571691 -0.00016534066589176733 1.5589677888763362e-05 0.014190110682805285 -0.021344694088896651 0.033704332473207282 0.0157491311464899 0.0044521366941534081 -0.01935330849932998 0.0037287842966581067 -0.0011652067619305187 0.00062526299667580137 -0.0036191454888770697 0.015787309576173299
leaf_weight=101095 63557 444920 1436 383 233 219 1083 9357 332 6470 26551 16701 7151 620
leaf_count=101095 63557 444920 1436 383 233 219 1083 9357 332 6470 26551 16701 7151 620
internal_value=-5.93309e-06 0.000122228 -5.01898e-05 0.00116074 0.00432227 0.00561172 0.00620098 0.00562404 -0.00362156 0.000371677 -0.000946855 0.0018644 -0.000219974 0.00478327
internal_weight=680108 616551 515456 63385 12660 10892 10659 10440 1768 50725 26934 23791 452071 7090
internal_count=680108 616551 515456 63385 12660 10892 10659 10440 1768 50725 26934 23791 452071 7090
is_linear=0
shrinkage=0.05


Tree=54
num_leaves=15
num_cat=0
split_feature=6 11 3 0 7 14 8 14 4 14 10 17 17 7
split_gain=46.883 41.503 42.8215 41.5676 44.036 40.3154 72.6699 48.2245 41.8383 38.095 35.6357 34.8765 47.8477 36.5995
threshold=0.93283973626098271 0.70876217683533937 0.18816796384225043 0.013571590832345883 0.021578168936931676 0.50090497811672841 0.94013454605789115 0.50081566285580481 0.26597105076998429 0.50064143708238718 0.92723619846261363 0.43087411435162309 0.43038132573057736 0.98225227049444663
decision_type=2 2 2 2 2 2 2 2 2 2 2 2 2 2
left_child=1 3 5 -1 -5 6 -3 8 -8 -2 -4 12 13 -11
right_child=9 2 10 4 -6 -7 7 -9 -10 11 -12 -13 -14 -15
leaf_value=0.0043900463707691306 0.0032453365744592269 0.0029704951471398334 0.00070388358433355646 -0.0036939726391792432 -0.00010216023053286566 0.00094047389957231252 0.015831798823295065 0.028618722004910647 -0.0018845218813652526 -0.0024669361593837426 -0.0014674096246001312 0.00032798698627948647 -0.032962761969332968 -0.0088663364253693169
leaf_weight=5051 3409 13381 125644 8700 445565 23252 892 413 532 19172 22242 8816 136 2529
leaf_count=5051 3409 13381 125644 8700 445565 23252 892 413 532 19172 22242 8816 136 2529
internal_value=3.91713e-05 0.000134547 0.000763891 -0.000120794 -0.00017095 0.00224994 0.0042507 0.0135759 0.00921306 -0.00176875 0.000377322 -0.00232638 -0.00339799 -0.00321271
internal_weight=679734 645672 186356 459316 454265 38470 15218 1837 1424 34062 147886 30653 21837 21701
internal_count=679734 645672 186356 459316 454265 38470 15218 1837 1424 34062 147886 30653 21837 21701
is_linear=0
shrinkage=0.05


Tree=55
num_leaves=15
num_cat=0
split_feature=5 14 6 16 14 14 10 8 0 3 0 15 8 0
split_gain=42.7104 70.307 48.3049 45.2908 45.4987 52.7036 41.5727 40.1016 40.0303 39.8032 35.1142 33.3742 51.7683 56.7523
threshold=0.98614090046418046 0.50122699571229001 0.96112471618162454 0.85031024614357953 0.50059988023986579 0.50058754487710588 0.59869915603781976 0.90490127649005925 0.02521631798119842 0.32948280149694614 0.084518273917829165 0.6364171122994654 0.86131782271393675 0.017385491746105559
decision_type=2 2 2 2 2 2 2 2 2 2 2 2 2 2
left_child=3 2 8 11 5 6 10 -7 -2 -10 -5 12 13 -1
right_child=1 -3 -4 4 -6 7 -8 -9 9 -11 -12 -13 -14 -15
leaf_value=0.0056855215733397088 0.022326250416372206 -0.0018974115304795734 -0.0026309830703703271 0.015063497760800968 -0.0012666889258089904 0.0094227342974910564 0.007042180623671632 0.037164677316385425 0.014038930591240721 0.0040701151562687063 -0.0064437286428915067 -0.0003710219561688286 -0.0011176537983268035 0.00056469822751155981
leaf_weight=5507 480 4130 1182 213 93979 1036 1465 149 1452 3226 1741 209305 47432 309038
leaf_count=5507 480 4130 1182 213 93979 1036 1465 149 1452 3226 1741 209305 47432 309038
internal_value=1.0294e-05 0.0031791 0.00648604 -3.92345e-05 -0.00102894 0.00382413 0.000674697 0.012911 0.00857528 0.00716433 -0.00409929 0.000131553 0.000422156 0.000654353
internal_weight=680335 10470 6340 669865 98583 4604 3419 1185 5158 4678 1954 571282 361977 314545
internal_count=680335 10470 6340 669865 98583 4604 3419 1185 5158 4678 1954 571282 361977 314545
is_linear=0
shrinkage=0.05


Tree=56
num_leaves=15
num_cat=0
split_feature=10 5 11 4 5 7 17 11 0 13 13 11 4 17
split_gain=36.054 31.5675 40.2061 38.3488 41.1703 34.27 34.0936 33.3514 29.7316 35.1678 28.8161 27.9183 29.5289 27.8786
threshold=0.013464775964775967 0.98614090046418046 0.8459166999182961 0.72047927602799666 0.59504770907047166 0.028956442831215973 0.23252975282270372 0.11643289419064475 0.045052851811950602 0.97809491959170625 0.5589914806685069 0.9667328846032448 0.080909505968926682 0.87910603381839625
decision_type=2 2 2 2 2 2 2 2 2 2 2 2 2 2
left_child=-1 3 13 4 10 -4 -7 -5 9 -6 11 -2 -13 -3
right_child=1 2 5 7 8 6 -8 -9 -10 -11 -12 12 -14 -15
leaf_value=-0.0032660165667377193 -0.00059980610336012095 0.0016711468489178788 0.02872996078308751 -0.0025608785552737787 0.0048804558118684185 -0.018238083059892399 0.0079819779865621318 -0.00035291131111248638 0.00081137585193709707 -0.02339640084324596 0.00047541061217454684 0.008559165770069533 0.00094502730855538911 -0.012437416934430392
leaf_weight=8167 174497 7216 188 19115 6028 131 2313 162474 142917 112 148261 1551 7113 368
leaf_count=8167 174497 7216 188 19115 6028 131 2313 162474 142917 112 148261 1551 7113 368
internal_value=3.61067e-05 7.62214e-05 0.00283442 3.36612e-05 0.0002676 0.00815895 0.00657657 -0.000585333 0.000957744 0.00436466 -4.27922e-05 -0.000462255 0.00230808 0.000986554
internal_weight=680451 672284 10216 662068 480479 2632 2444 181589 149057 6140 331422 183161 8664 7584
internal_count=680451 672284 10216 662068 480479 2632 2444 181589 149057 6140 331422 183161 8664 7584
is_linear=0
shrinkage=0.05


Tree=57
num_leaves=15
num_cat=0
split_feature=2 10 4 14 5 14 0 14 14 2 17 14 13 17
split_gain=41.3221 39.3626 31.3037 64.078 53.8564 50.7009 45.8779 47.6992 39.8756 52.6085 36.5705 33.9126 45.7806 33.305
threshold=0.16343788163107262 0.013464775964775967 0.65334192439862548 0.50055834885861161 0.79832806303394555 0.50103842271892074 0.10821477938093095 0.50061462838215609 0.5006230532013678 0.88844217450684082 0.93745170015455959 0.50266668562976458 0.4889239397125833 0.45880739216082439
decision_type=2 2 2 2 2 2 2 2 2 2 2 2 2 2
left_child=-1 -2 4 -4 6 10 13 -8 9 -9 -6 -5 -13 -3
right_child=1 2 3 11 5 -7 7 8 -10 -11 -12 12 -14 -15
leaf_value=0.00082926612218676672 -0.0038726011885838458 -0.00010126278629327856 0.0072069996769369348 -0.00057650708829527721 0.0028494560179544623 -2.0265496542213809e-05 -0.0031402747776595333 0.0040760825049530108 -0.00026379099580183972 0.032023292547347697 0.014077751490398444 -0.0053993845138128466 -0.00032194883270162327 0.0030359495441311122
leaf_weight=110123 7316 15727 2543 181679 24822 24059 14602 2252 260395 182 747 8897 8861 18308
leaf_count=110123 7316 15727 2543 181679 24822 24059 14602 2252 260395 182 747 8897 8861 18308
internal_value=-5.74609e-05 -0.000228658 -0.000181312 -0.000679785 9.75113e-05 0.00162726 -0.000146234 -0.00035878 -0.000204248 0.00616581 0.00317749 -0.000780348 -0.00286581 0.0015863
internal_weight=680513 570390 563074 201980 361094 49628 311466 277431 262829 2434 25569 199437 17758 34035
internal_count=680513 570390 563074 201980 361094 49628 311466 277431 262829 2434 25569 199437 17758 34035
is_linear=0
shrinkage=0.05


Tree=58
num_leaves=15
num_cat=0
split_feature=11 2 10 14 9 15 8 15 6 12 2 4 3 14
split_gain=38.2336 49.7397 42.8761 42.2825 37.2894 31.6461 35.0902 28.4527 30.2021 28.0327 26.6838 33.1622 34.0559 46.7959
threshold=0.71667886774036127 0.567479355509797 0.013464775964775967 0.50266668562976458 0.25496988132162923 0.021474451352575457 0.98992201197025587 0.96298437165489192 0.98277980174531909 0.82366610593512779 0.9593085503709976 0.99005823016446792 0.61412700805965248 0.50097943286903812
decision_type=2 2 2 2 2 2 2 2 2 2 2 2 2 2
left_child=1 -1 9 7 -5 6 -4 8 10 -3 -2 12 13 -12
right_child=3 2 5 4 -6 -7 -8 -9 -10 -11 11 -13 -14 -15
leaf_value=0.00021432552099342873 0.00086642198536378246 -0.0043972725765385138 0.0039857015676508616 0.0035430042428735461 -0.0028100298491095825 -0.00080700829172191671 -0.02385412270357784 -0.0026652886672939467 -0.0084015755608476544 -0.017344114240180338 0.010786681464779284 0.012493918696300539 -0.0013497475502148595 0.00030204781711402423
leaf_weight=283951 161926 3545 4666 2761 14132 193702 116 5585 857 474 2124 963 3110 2133
leaf_count=283951 161926 3545 4666 2761 14132 193702 116 5585 857 474 2124 963 3110 2133
internal_value=2.38661e-05 -0.000212642 -0.000811338 0.000618161 -0.00177169 -0.00070781 0.00331037 0.00084664 0.000961267 -0.00592422 0.0010084 0.0037682 0.00262759 0.00553328
internal_weight=680045 486454 202503 193591 16893 198484 4782 176698 171113 4019 170256 8330 7367 4257
internal_count=680045 486454 202503 193591 16893 198484 4782 176698 171113 4019 170256 8330 7367 4257
is_linear=0
shrinkage=0.05


Tree=59
num_leaves=15
num_cat=0
split_feature=3 14 1 8 14 7 8 14 13 14 0 4 3 15
split_gain=49.6382 99.4813 41.1167 41.5619 36.4339 49.1858 34.0692 40.7114 33.9831 57.9605 32.3226 27.1478 26.4506 25.4306
threshold=0.90006321112515819 0.50058754487710588 0.25865482531724898 0.1052973786872904 0.50057636906755121 0.47622278219293152 0.99373034591194986 0.5010319928431457 0.26631144284254743 0.50066357029882258 0.4244237135733846 0.84052844489600032 0.77404213153258972 0.71485430743243261
decision_type=2 2 2 2 2 2 2 2 2 2 2 2 2 2
left_child=2 -2 3 -1 5 -4 -6 13 9 -5 -7 -12 -9 -8
right_child=1 -3 4 8 6 10 7 12 -10 -11 11 -13 -14 -15
leaf_value=0.003465566847490345 0.0087873445960152015 -0.0015910468333429741 -0.0059347810461544848 0.0050426531449193597 -1.7018640668376991e-05 0.0081613712059344316 0.0062488036867179332 0.0025964940833050369 0.0010901768842673245 -0.0013888860172688508 -0.0031786181236105058 0.0069255957203577983 -0.016104781095135034 0.020434814994771192
leaf_weight=14231 2392 66533 6058 3930 442528 1121 791 1425 103516 32242 3646 813 218 526
leaf_count=14231 2392 66533 6058 3930 442528 1121 791 1425 103516 32242 3646 813 218 526
internal_value=4.11126e-05 -0.00123087 0.000184591 0.000891419 -5.3406e-05 -0.00281515 1.87423e-05 0.00536509 0.000629173 -0.000690115 0.000571714 -0.00133634 0.000115132 0.0119146
internal_weight=679970 68925 611045 153919 457126 11638 445488 2960 139688 36172 5580 4459 1643 1317
internal_count=679970 68925 611045 153919 457126 11638 445488 2960 139688 36172 5580 4459 1643 1317
is_linear=0
shrinkage=0.05


Tree=60
num_leaves=15
num_cat=0
split_feature=16 1 13 4 8 2 16 17 16 7 4 9 4 16
split_gain=44.024 31.5519 40.6721 27.2155 44.5773 39.0571 25.3011 24.931 31.7396 28.829 24.8259 24.7583 26.4784 23.9641
threshold=0.90501091409536061 0.22341245123430484 0.13134960789273972 0.02111215909136133 0.96709924949485238 0.95545105735517877 0.7865406924861682 0.45822029024728533 0.45641431996424081 0.088439385188037498 0.065364022289490689 0.98977896872967752 0.73965007141399719 0.029282255932848094
decision_type=2 2 2 2 2 2 2 2 2 2 2 2 2 2
left_child=1 2 3 4 -1 11 10 -4 9 -9 -7 -5 -13 -12
right_child=-2 -3 7 5 -6 6 -8 8 -10 -11 13 12 -14 -15
leaf_value=0.0013069767277481712 -0.0012476586659386365 -7.3880580207597723e-05 0.0004335606699324417 -0.0010073859432802423 0.031323291204940033 -0.036138417758047582 0.007492297217877357 -0.00085860728039688328 0.00028651090957387755 0.0033395513735308851 0.0080362017549574383 -0.0059177607518397391 -0.034343125242316586 -0.016301445436163121
leaf_weight=557 65513 480024 62999 14130 159 123 141 4715 19854 30817 125 321 110 530
leaf_count=557 65513 480024 62999 14130 159 123 141 4715 19854 30817 125 321 110 530
internal_value=-1.55276e-05 0.00011581 0.000792398 -0.00155762 0.00797261 -0.00199842 -0.0119955 0.0011139 0.00188775 0.00278247 -0.0155273 -0.00136747 -0.0131725 -0.0116569
internal_weight=680118 614605 134581 16196 716 15480 919 118385 55386 35532 778 14561 431 655
internal_count=680118 614605 134581 16196 716 15480 919 118385 55386 35532 778 14561 431 655
is_linear=0
shrinkage=0.05


Tree=61
num_leaves=15
num_cat=0
split_feature=3 11 5 17 6 1 11 8 4 0 10 3 8 5
split_gain=40.0011 40.2966 61.2277 33.9505 25.343 24.6013 27.0097 26.6216 27.1478 25.4112 28.8515 24.7237 35.0703 23.8044
threshold=0.6568439295813191 0.70473289437958198 0.81014878414959379 0.28792813550878071 0.56823038404935378 0.82555706908038518 0.99762610523468465 0.86131782271393675 0.98208712139627607 0.71057353144503443 0.13204367104397727 0.97855006680292711 0.90896258930314666 0.01714775790247489
decision_type=2 2 2 2 2 2 2 2 2 2 2 2 2 2
left_child=1 3 -3 -1 -4 6 13 -7 11 -10 -11 -9 -13 -2
right_child=5 2 4 -5 -6 7 -8 8 9 10 -12 12 -14 -15
leaf_value=-0.002703644932302832 -0.0056967105796321476 0.00047482123973785018 0.007304789702640032 4.7136337688626218e-05 0.0026201363139977604 -0.0021962693310660468 -0.0093229911627674966 0.0015034591379466059 0.033979371178540448 -0.016621204071397923 0.013272853103408906 0.013819205181340014 -0.016481645492290472 -0.00022681609517117299
leaf_weight=11645 2010 105088 3359 305132 20544 34900 830 4663 105 103 373 123 427 190604
leaf_count=11645 2010 105088 3359 305132 20544 34900 830 4663 105 103 373 123 427 190604
internal_value=-2.85763e-05 0.000249371 0.000994355 -5.39848e-05 0.00327845 -0.000557752 -0.00032268 -0.0016752 0.00146347 0.0117154 0.00680418 0.000320877 -0.00970527 -0.000283897
internal_weight=679906 445768 128991 316777 23903 234138 193444 40694 5794 581 476 5213 550 192614
internal_count=679906 445768 128991 316777 23903 234138 193444 40694 5794 581 476 5213 550 192614
is_linear=0
shrinkage=0.05


Tree=62
num_leaves=15
num_cat=0
split_feature=10 2 5 6 14 11 2 5 6 8 16 0 8 17
split_gain=34.2087 33.8697 31.1576 46.0357 58.075 36.8572 33.2936 32.7857 42.5421 40.3907 32.2397 38.1915 31.1187 28.817
threshold=0.013464775964775967 0.37807394814410716 0.90005945303210477 0.95747060783473759 0.50122699571229001 0.79889804839547496 0.19143216984526809 0.98614090046418046 0.69683781791002575 0.95954224891033923 0.97474372251489638 0.13585012018463768 0.045051592289964387 0.34832366215344945
decision_type=2 2 2 2 2 2 2 2 2 2 2 2 2 2
left_child=1 -1 6 4 5 -4 -2 8 -7 -9 11 -11 -5 -14
right_child=2 -3 3 12 -6 7 -8 9 -10 10 -12 -13 13 -15
leaf_value=0.0021389657303929471 0.00062839948675745213 -0.005167066068276778 0.0017463151066384698 0.012976104408532144 -0.00046076583951011369 0.011244217807784755 -0.00029021069435811165 0.0062440785774767272 0.0024088996899005875 -0.0021224403983902142 0.045136912390369717 0.029233608575304972 -0.006352196065688355 -0.00034465819264547668
leaf_weight=2154 124164 6019 26197 315 22879 1679 479764 1057 7226 166 127 234 3624 4444
leaf_count=2154 124164 6019 26197 315 22879 1679 479764 1057 7226 166 127 234 3624 4444
internal_value=-2.62525e-05 -0.00324156 1.28599e-05 0.00102797 0.00151621 0.00274913 -0.00010135 0.00525374 0.00407476 0.0118818 0.0231892 0.0162208 -0.0024412 -0.00304314
internal_weight=680049 8173 671876 67948 59565 36686 603928 10489 8905 1584 527 400 8383 8068
internal_count=680049 8173 671876 67948 59565 36686 603928 10489 8905 1584 527 400 8383 8068
is_linear=0
shrinkage=0.05


Tree=63
num_leaves=15
num_cat=0
split_feature=17 14 16 6 17 0 14 17 4 13 14 6 14 14
split_gain=38.1419 40.101 43.3634 32.1517 43.2352 33.9835 39.3099 45.4079 46.4804 36.417 87.7246 56.1502 36.123 53.2721
threshold=0.26836405479210718 0.5005112479782704 0.80955095835369506 0.96112471618162454 0.34832366215344945 0.52634884951071148 0.50058105772087635 0.31413547237076656 0.49591120937310224 0.13134960789273972 0.50062932686976225 0.40792288628390078 0.50086580151481541 0.50083682066968083
decision_type=2 2 2 2 2 2 2 2 2 2 2 2 2 2
left_child=1 2 -1 5 -5 9 7 -7 -9 10 11 -2 13 -12
right_child=3 -3 -4 4 -6 6 -8 8 -10 -11 12 -13 -14 -15
leaf_value=-0.0046380569368741137 -0.0018230374724276469 -0.0019225297959911997 0.035624610635017775 -0.0074613960760319675 -0.00049966379336292832 -0.026115699417593563 -0.00019367888496584279 -0.0069729951899063954 0.00052960301701186535 0.00063950760776340112 -0.00027226705141847844 0.012927147374160725 -0.0024924243887230243 0.011296995103289076
leaf_weight=122 1006 30505 148 3282 6959 219 295311 3947 4328 292952 11203 1799 28199 1092
leaf_count=122 1006 30505 148 3282 6959 219 295311 3947 4328 292952 11203 1799 28199 1092
internal_value=-3.27154e-05 -0.00175273 0.0174318 4.86833e-05 -0.00273074 9.31545e-05 -0.000290137 -0.0036437 -0.00304898 0.000439461 -0.000914012 0.00763706 -0.00150634 0.000755275
internal_weight=681072 30775 270 650297 10241 640056 303805 8494 8275 336251 43299 2805 40494 12295
internal_count=681072 30775 270 650297 10241 640056 303805 8494 8275 336251 43299 2805 40494 12295
is_linear=0
shrinkage=0.05


Tree=64
num_leaves=15
num_cat=0
split_feature=6 14 16 17 17 8 14 8 17 5 16 8 5 3
split_gain=29.8027 68.3371 42.1014 34.3987 32.7211 46.8922 33.1723 30.7296 34.2154 32.1609 31.0477 43.5644 34.3148 30.3319
threshold=0.093656515561987633 0.50110987928061113 0.35765128060793699 0.43955351952833066 0.28792813550878071 0.97464055214864842 0.5005112479782704 0.6216388362885179 0.30699304296387747 0.31758495840594081 0.0092343222597264189 0.99373034591194986 0.71250859697386526 0.95519856630824385
decision_type=2 2 2 2 2 2 2 2 2 2 2 2 2 2
left_child=1 -1 3 7 5 6 -4 -2 9 -9 12 -12 -10 -13
right_child=2 -3 4 -5 -6 -7 -8 8 10 -11 11 13 -14 -15
leaf_value=-0.0026905495298183602 0.00063266805250652568 0.000817725870345157 0.016948214482839164 0.0011360085637321397 -5.7839173754768589e-05 -0.01310323397514674 -0.0015193854972458021 0.0085927375005981112 -7.3341486580057511e-05 -0.000582724616694357 -0.0022566461518498666 -0.0092020930164247085 0.021936620936885379 -0.036449281511228691
leaf_weight=30656 41829 25366 245 138937 381424 876 32404 1478 511 2699 22480 340 271 146
leaf_count=30656 41829 25366 245 138937 381424 876 32404 1478 511 2699 22480 340 271 146
internal_value=2.63636e-06 -0.00110205 0.000101871 0.000681162 -0.000189473 -0.00168711 -0.0013808 -0.000224807 -0.00150922 0.00266394 -0.00224324 -0.00257684 0.00755415 -0.0173875
internal_weight=679662 56022 623640 208691 414949 33525 32649 69754 27925 4177 23748 22966 782 486
internal_count=679662 56022 623640 208691 414949 33525 32649 69754 27925 4177 23748 22966 782 486
is_linear=0
shrinkage=0.05


Tree=65
num_leaves=15
num_cat=0
split_feature=16 6 9 3 2 16 1 9 4 17 10 17 16 6
split_gain=32.3641 28.5144 31.191 49.9634 40.2244 33.244 32.0906 32.6024 29.4599 25.2721 27.289 21.2334 20.9771 19.9012
threshold=0.85031024614357953 0.093656515561987633 0.90441827173347222 0.025712352600038665 0.84511327038500961 0.0052585491750391745 0.78592058288707622 0.20864668739986811 0.017253783180352273 0.21323176006921082 0.38484623350893787 0.19963455478179462 0.35355243622621141 0.43133632549649936
decision_type=2 2 2 2 2 2 2 2 2 2 2 2 2 2
left_child=1 -1 6 4 -4 -5 12 -8 -6 -7 -11 -2 -3 -10
right_child=11 2 3 5 8 9 7 -9 13 10 -12 -13 -14 -15
leaf_value=-0.00090358068061166693 -0.0045560423256642999 0.0011103705621658296 -0.0013884545366778548 0.017810181293659744 0.038727477171891178 -0.011241036395985041 -0.0018708965341489329 0.00017217667555749933 0.0025448247669385624 -0.022018409681679202 -0.0010046522930329343 -0.00063233467435808068 0.00034278330139599203 0.024454303778598998
leaf_weight=53677 3572 147309 422 231 142 619 26300 75815 231 155 47590 99318 224897 188
leaf_count=53677 3572 147309 422 231 142 619 26300 75815 231 155 47590 99318 224897 188
internal_value=4.84373e-05 0.000193977 0.000306429 -0.000886879 0.0102733 -0.00111263 0.000431158 -0.000354022 0.0190456 -0.00120301 -0.00107287 -0.000768553 0.000646573 0.0123753
internal_weight=680466 577576 523899 49578 983 48595 474321 102115 561 48364 47745 102890 372206 419
internal_count=680466 577576 523899 49578 983 48595 474321 102115 561 48364 47745 102890 372206 419
is_linear=0
shrinkage=0.05


Tree=66
num_leaves=15
num_cat=0
split_feature=5 3 11 5 14 17 17 0 6 11 17 13 2 17
split_gain=28.1497 46.617 36.6982 37.0209 34.659 36.8938 58.9955 41.0223 31.5923 31.041 28.4078 28.3744 27.6991 30.63
threshold=0.98614090046418046 0.041753872370174562 0.28213336884736484 0.99797570020693771 0.50122699571229001 0.47373530914665307 0.41104861033179968 0.017385491746105559 0.93283973626098271 0.24254896154984987 0.87152509652509658 0.044343310729171796 0.23533236441520694 0.74900301311591644
decision_type=2 2 2 2 2 2 2 2 2 2 2 2 2 2
left_child=12 2 -2 -4 5 6 7 -3 11 -7 -6 -9 -1 -14
right_child=1 4 3 -5 10 9 -8 8 -10 -11 -12 -13 13 -15
leaf_value=0.00053802334825806756 -0.0057378935570452823 0.025880356774005239 0.012959314572571896 0.041532538940589281 -0.0010748689550704918 -0.018623660690536781 0.012948592970316404 0.024569326366749619 -0.0061828829534549988 0.00056444803714964539 -0.021418330005835744 0.0022195194182511187 -0.0003956627739687654 0.00062601787354269736
leaf_weight=158819 171 158 422 155 3679 256 1918 167 1175 1193 180 949 421919 88799
leaf_count=158819 171 158 422 155 3679 256 1918 167 1175 1193 180 949 421919 88799
internal_value=1.45691e-06 0.00257989 0.0146059 0.020635 0.00165013 0.00408782 0.00638173 0.00123871 -0.00046071 -0.00282558 -0.00202377 0.00556398 -3.86828e-05 -0.000218022
internal_weight=679960 10423 748 577 9675 5816 4367 2449 2291 1449 3859 1116 669537 510718
internal_count=679960 10423 748 577 9675 5816 4367 2449 2291 1449 3859 1116 669537 510718
is_linear=0
shrinkage=0.05


Tree=67
num_leaves=15
num_cat=0
split_feature=6 14 4 14 13 10 0 14 10 14 5 8 0 13
split_gain=30.7366 61.5475 44.9419 51.3573 43.0935 41.0747 33.6349 42.9596 48.0311 33.2794 37.8573 32.0584 30.6765 30.436
threshold=0.093656515561987633 0.50102354252573011 0.62254463502753532 0.50057142931778531 0.25842021391529829 0.67281389403755798 0.10821477938093095 0.50061462838215609 0.62577324847263516 0.50184843515101829 0.98614090046418046 0.56187942762981857 0.29040108343387033 0.60221432261340857
decision_type=2 2 2 2 2 2 2 2 2 2 2 2 2 2
left_child=1 -1 6 5 12 -4 -2 8 -8 10 -5 -11 -3 -9
right_child=2 4 3 9 -6 -7 7 13 -10 11 -12 -13 -14 -15
leaf_value=-0.002876507795012747 0.0018553058163848181 -0.0072270297789806719 0.0012526891143109663 -0.0004007636731266421 0.0015864669038560581 0.010382927756225058 -0.0041286111283973873 -6.9096387511045005e-06 0.001359577957789319 -0.00059366785201751978 0.0035956859940547308 -0.0032874872363881946 -0.00052117741859883078 0.00099994266873088596
leaf_weight=27029 36597 2579 3659 199631 21433 1857 11138 189524 6209 24943 6107 19821 5035 124275
leaf_count=27029 36597 2579 3659 199631 21433 1857 11138 189524 6209 24943 6107 19821 5035 124275
internal_value=-3.8017e-05 -0.0011593 6.27863e-05 -0.000445869 0.000438603 0.00432645 0.000416906 0.000257939 -0.00216423 -0.000550954 -0.000282136 -0.00178646 -0.00279257 0.000391838
internal_weight=679837 56076 623761 256018 29047 5516 367743 331146 17347 250502 205738 44764 7614 313799
internal_count=679837 56076 623761 256018 29047 5516 367743 331146 17347 250502 205738 44764 7614 313799
is_linear=0
shrinkage=0.05


Tree=68
num_leaves=15
num_cat=0
split_feature=10 3 8 3 16 14 10 10 7 0 6 7 9 4
split_gain=37.3456 32.3854 34.66 38.7213 40.6041 32.5113 46.2327 35.5133 32.3373 35.3043 31.0822 30.2191 30.3528 28.5647
threshold=0.013464775964775967 0.57858983799705466 0.99373034591194986 0.025712352600038665 0.90101096991789598 0.50058754487710588 0.6141391723752273 0.88823956287885264 0.013932499424056522 0.084518273917829165 0.18814169460080538 0.12043156255911071 0.90041933328644785 0.59923052062594528
decision_type=2 2 2 2 2 2 2 2 2 2 2 2 2 2
left_child=-1 2 8 4 -4 6 -3 10 -2 -10 -7 12 -5 -12
right_child=1 5 3 11 -6 7 -8 -9 9 -11 13 -13 -14 -15
leaf_value=-0.0033652022633971278 -0.0029444792256910308 -0.00036968730033461021 0.024695358640226074 0.0061779454496443042 -0.0014398502478037371 -0.002148670284543202 0.0065909588490125175 -0.0020450269267369655 0.0020483764338884375 0.00022131526346299489 0.00063695926967909414 0.0072757706289775202 -0.012299018325030855 -0.00053188755057350127
leaf_weight=8153 7552 5891 458 386 220 20039 4009 31572 28611 348445 83714 1380 524 139161
leaf_count=8153 7552 5891 458 386 220 20039 4009 31572 28611 348445 83714 1380 524 139161
internal_value=-1.54341e-06 3.92683e-05 0.000336605 0.00571909 0.0162149 -0.000365957 0.00244902 -0.000467486 0.000295068 0.000359953 -0.00026245 0.0026116 -0.00446154 -9.28574e-05
internal_weight=680115 671962 387576 2968 678 284386 9900 274486 384608 377056 242914 2290 910 222875
internal_count=680115 671962 387576 2968 678 284386 9900 274486 384608 377056 242914 2290 910 222875
is_linear=0
shrinkage=0.05


Tree=69
num_leaves=15
num_cat=0
split_feature=3 17 4 5 16 16 6 0 9 4 9 17 17 0
split_gain=29.7234 41.9554 32.2112 35.9503 37.6801 33.427 31.5714 30.0423 37.9726 38.1306 42.539 52.8237 33.5521 27.4993
threshold=0.96285910787974072 0.42459500889335067 0.99005823016446792 0.96279924716057119 0.95920557064027334 0.59384864326611908 0.056828273857581151 0.16295862098910166 0.61726501534928424 0.10825091025766222 0.94327767494978942 0.48851854021439872 0.39589021815622805 0.28652490261099134
decision_type=2 2 2 2 2 2 2 2 2 2 2 2 2 2
left_child=6 -2 -3 5 -5 -4 -1 8 -8 10 -10 12 -12 -6
right_child=1 2 3 4 13 -7 7 -9 9 -11 11 -13 -14 -15
leaf_value=-0.0015056184408288546 -0.0033647538131015456 -0.00035068511576185333 0.017125570545205845 0.025374912066162443 0.014923113565616592 -0.0068892261840247278 0.0018769229975626998 2.4779239084177665e-05 0.0013781878623832006 -0.00072120575203408306 0.017447664864491397 0.020864028772572055 -0.0072976354212970287 -0.014851328463790784
leaf_weight=29307 14870 9793 200 414 186 526 53366 527825 5096 37369 204 700 417 133
leaf_count=29307 14870 9793 200 414 186 526 53366 527825 5096 37369 204 700 417 133
internal_value=3.22605e-05 -0.00162166 0.000681906 0.00761279 0.0154239 -0.00027358 9.82927e-05 0.000173505 0.000981528 -0.000109772 0.00345088 0.0114467 0.000831255 0.00250932
internal_weight=680406 26122 11252 1459 733 726 654284 624977 97152 43786 6417 1321 621 319
internal_count=680406 26122 11252 1459 733 726 654284 624977 97152 43786 6417 1321 621 319
is_linear=0
shrinkage=0.05


Tree=70
num_leaves=15
num_cat=0
split_feature=10 5 14 3 17 11 14 14 17 8 14 8 0 12
split_gain=26.4769 25.7247 51.8565 47.0313 35.4412 35.5936 34.1712 30.4972 38.2088 30.1553 50.8526 29.929 30.7236 30.7977
threshold=0.013464775964775967 0.90005945303210477 0.50121506862258769 0.097354107953831523 0.19963455478179462 0.40911790110127405 0.5005112479782704 0.50073152928685805 0.23729002153625273 0.71884278225628839 0.50162602055924543 0.94013454605789115 0.15509243240276524 0.90567450005649086
decision_type=2 2 2 2 2 2 2 2 2 2 2 2 2 2
left_child=-1 9 3 -3 -5 -6 -7 -8 -9 -2 -11 -12 13 -13
right_child=1 2 -4 4 5 6 7 8 -10 10 11 12 -14 -15
leaf_value=-0.0027580657059989595 0.00021511028677956984 0.0074528628105985165 -0.00072680432197330853 -0.0073520142973423812 -0.00034488156800938861 -0.020454334419881627 0.0055915845315092716 0.016505244769603359 0.0014518785338453759 -0.000115798488735423 -0.0015418697918252082 -0.0070919377924524747 -0.0032848194143830023 -0.022360901289596804
leaf_weight=8160 445018 3763 25894 1076 12291 155 8167 433 15924 124730 27634 1315 5241 441
leaf_count=8160 445018 3763 25894 1076 12291 155 8167 433 15924 124730 27634 1315 5241 441
internal_value=7.29238e-05 0.000107296 0.00103154 0.00212055 0.00159315 0.00185349 0.00294836 0.00309627 0.00185037 3.76184e-06 -0.000586432 -0.00228151 -0.00520263 -0.0109266
internal_weight=680242 672082 67703 41809 38046 36970 24679 24524 16357 604379 159361 34631 6997 1756
internal_count=680242 672082 67703 41809 38046 36970 24679 24524 16357 604379 159361 34631 6997 1756
is_linear=0
shrinkage=0.05


Tree=71
num_leaves=15
num_cat=0
split_feature=3 14 0 14 6 13 10 17 14 3 6 16 10 14
split_gain=29.4389 50.1598 35.7309 44.3063 56.5289 39.7498 38.5283 35.111 48.4596 50.9312 55.2005 38.9056 35.3444 33.12
threshold=0.67641661046860813 0.50058754487710588 0.080548666533457144 0.50064391527020402 0.33729863911884722 0.22283109136039717 0.2698578734143588 0.36916608015667468 0.50055834885861161 0.87302967563837142 0.87363065951209495 0.34180285294229856 0.48814835379113874 0.50058754487710588
decision_type=2 2 2 2 2 2 2 2 2 2 2 2 2 2
left_child=2 7 3 4 -1 -5 -6 -2 12 -10 11 -11 -9 -4
right_child=1 -3 13 5 6 -7 -8 8 9 10 -12 -13 -14 -15
leaf_value=-0.00049123521893565934 -0.0014572227624904703 -0.00058454452153583448 -0.0021845771087163472 -0.0016752991173169922 0.023404642437660106 0.0023582544764478835 0.0081004593555695555 -0.0058145065699905856 0.0054947775510533906 0.022666287620564645 0.037988511781823733 -0.0017966535555853575 0.0062613625394780719 0.0002193054817974746
leaf_weight=1342 2404 213763 14846 8467 599 21923 1312 1123 1834 365 289 293 1316 411123
leaf_count=1342 2404 213763 14846 8467 599 21923 1312 1123 1834 365 289 293 1316 411123
internal_value=3.12607e-05 -0.000442411 0.00025942 0.00182811 0.0073741 0.00123446 0.0128975 0.00354276 0.00584543 0.010357 0.0197734 0.0117732 0.000701215 0.000135525
internal_weight=680999 221387 459612 33643 3253 30390 1911 7624 5220 2781 947 658 2439 425969
internal_count=680999 221387 459612 33643 3253 30390 1911 7624 5220 2781 947 658 2439 425969
is_linear=0
shrinkage=0.05


Tree=72
num_leaves=15
num_cat=0
split_feature=2 11 7 8 14 2 9 11 14 6 17 6 2 2
split_gain=31.8411 36.076 39.5301 41.709 38.9227 34.2319 32.8895 29.9081 41.5452 28.8868 28.3437 48.2707 28.9567 29.5726
threshold=0.13622971448407536 0.80278100025779853 0.013932499424056522 0.97855267982938654 0.50266668562976458 0.75953881989543393 0.54568214576674834 0.42862289007822157 0.50084602611085682 0.98277980174531909 0.36916608015667468 0.92271659052457611 0.98233782733723196 0.84511327038500961
decision_type=2 2 2 2 2 2 2 2 2 2 2 2 2 2
left_child=-1 2 3 -2 5 -3 -6 -5 -9 -7 11 -4 13 -13
right_child=1 4 10 7 6 9 -8 8 -10 -11 -12 12 -14 -15
leaf_value=0.00086084816913086296 -0.005730959004919366 0.0002914263853155334 -0.0006532789763334637 0.015647735632292378 0.0015953301404226354 0.0022867964324835999 -0.004263855063478119 0.017080995154769209 -0.019845164231755724 -0.01508174850489496 -9.8661331451074252e-05 -0.0034205109541323264 0.0082786876115989831 -0.010080849807268701
leaf_weight=91616 5604 73439 74869 421 3643 35907 6992 129 186 241 375278 8386 445 2080
leaf_count=91616 5604 73439 74869 421 3643 35907 6992 129 186 241 375278 8386 445 2080
internal_value=-6.14652e-06 -0.00014132 -0.000340011 -0.00426125 0.000631151 0.000911416 -0.0022568 0.00692927 -0.00472302 0.002171 -0.000286091 -0.00110607 -0.00421305 -0.00474418
internal_weight=679236 587620 467398 6340 120222 109587 10635 736 315 36148 461058 85780 10911 10466
internal_count=679236 587620 467398 6340 120222 109587 10635 736 315 36148 461058 85780 10911 10466
is_linear=0
shrinkage=0.05


Tree=73
num_leaves=15
num_cat=0
split_feature=2 11 14 13 16 10 10 4 9 0 6 13 14 14
split_gain=27.8163 30.6496 30.3785 29.4116 31.2643 31.5775 27.8059 44.2096 23.5881 24.6135 22.8902 23.9608 40.7622 41.7011
threshold=0.24725704655282124 0.72063625226376915 0.50266668562976458 0.74001375515818435 0.35765128060793699 0.23823990411211507 0.013464775964775967 0.99005823016446792 0.76678148789337641 0.56575941399835272 0.98277980174531909 0.50868308620256353 0.50090991886073855 0.50094073460487387
decision_type=2 2 2 2 2 2 2 2 2 2 2 2 2 2
left_child=8 6 10 4 5 -4 7 -2 9 -1 11 12 -3 -14
right_child=1 2 3 -5 -6 -7 -8 -9 -10 -11 -12 -13 13 -15
leaf_value=0.001645797021772617 -0.0032282345544662628 0.0023043725758531189 0.012000332014440828 0.0040645540058340431 -0.0047733574317628535 -0.0010233332565258858 -0.00038000630632221424 -0.034145327024181549 -0.00063675203407424232 0.00027177392463513414 -0.0082995001554520484 -0.00031224429098544075 -0.0061724894470884147 0.00051482043710662242
leaf_weight=56350 5750 41197 537 1795 7308 3492 358202 118 33272 77309 713 41830 2445 50098
leaf_count=56350 5750 41197 537 1795 7308 3492 358202 118 33272 77309 713 41830 2445 50098
internal_value=-6.1847e-06 -0.000188464 0.000414531 -0.00188221 -0.00282376 0.000712509 -0.000435934 -0.00384995 0.000554512 0.000851056 0.000635841 0.000682834 0.00112687 0.000203638
internal_weight=680416 513485 149415 13132 11337 4029 364070 5868 166931 133659 136283 135570 93740 52543
internal_count=680416 513485 149415 13132 11337 4029 364070 5868 166931 133659 136283 135570 93740 52543
is_linear=0
shrinkage=0.05


Tree=74
num_leaves=15
num_cat=0
split_feature=3 14 13 14 11 7 14 13 8 0 14 9 14 9
split_gain=22.7274 34.7047 38.7986 32.5262 30.1285 35.2375 46.0982 28.5334 27.6702 38.0255 27.2117 27.0189 26.9632 26.3257
threshold=0.75039747235387055 0.50058754487710588 0.27405552776998432 0.5006230532013678 0.70073533387402021 0.44872747361603238 0.50058754487710588 0.15510576493371073 0.88496153623691376 0.076567901848686962 0.50057636906755121 0.83759810726102868 0.50057636906755121 0.58551779555923489
decision_type=2 2 2 2 2 2 2 2 2 2 2 2 2 2
left_child=4 2 12 7 5 6 11 -3 9 10 -7 -1 -2 -4
right_child=1 3 13 -5 -6 8 -8 -9 -10 -11 -12 -13 -14 -15
leaf_value=-0.0054439942124728932 0.0054844887959892286 0.0042280021492587415 -0.0029268414937291521 -0.00049110064844411206 0.00079262734134662519 0.022603927496324297 -0.00033562615526911473 -0.0066739411378497334 -0.0016977980893784867 0.00053516650112838879 0.0037594368301577807 0.004404896964604119 0.01862956110065796 0.005518979614911909
leaf_weight=6494 1510 719 2372 160428 149122 197 199626 3632 12855 133128 6950 780 526 1510
leaf_count=6494 1510 719 2372 160428 149122 197 199626 3632 12855 133128 6950 780 526 1510
internal_value=2.76066e-05 -0.000471679 0.00329029 -0.000606789 0.000194996 -5.25392e-05 -0.000478092 -0.0048724 0.000522442 0.000725908 0.00427887 -0.00438789 0.00888051 0.00035837
internal_weight=679849 170697 5918 164779 509152 360030 206900 4351 153130 140275 7147 7274 2036 3882
internal_count=679849 170697 5918 164779 509152 360030 206900 4351 153130 140275 7147 7274 2036 3882
is_linear=0
shrinkage=0.05


Tree=75
num_leaves=15
num_cat=0
split_feature=11 2 14 14 17 13 1 2 5 0 10 14 3 2
split_gain=30.147 35.0087 50.7396 91.0789 45.7655 44.7016 39.7701 38.4196 35.7373 33.3574 50.7419 35.6481 32.2872 37.6586
threshold=0.80278100025779853 0.532269634840561 0.50073909870381883 0.5007241133413034 0.44410496399902866 0.28973676496062473 0.02933268324860722 0.92402046144116101 0.99384141282446381 0.072684464465127593 0.29766211626302991 0.50061881567257926 0.17639335624599664 0.892162426832254
decision_type=2 2 2 2 2 2 2 2 2 2 2 2 2 2
left_child=1 -1 3 8 -4 -6 -7 -5 9 11 -11 -3 13 -2
right_child=12 2 4 7 5 6 -8 -9 -10 10 -12 -13 -14 -15
leaf_value=0.00018072664872293017 0.0012518895816862694 0.0095260713498719618 -0.0017955208636671776 0.0047722296287640098 -0.0019002522141751137 0.0070907898573655112 0.00021737140504332503 0.015740399261799931 0.012748970338838043 -0.0028373297420994075 0.00073166454503387885 0.00086796547012441341 0.00028064048358440361 0.0059611773553655259
leaf_weight=297530 19637 1692 93910 5207 29135 2172 67728 943 543 16147 25987 3998 109751 5416
leaf_count=297530 19637 1692 93910 5207 29135 2172 67728 943 543 16147 25987 3998 109751 5416
internal_value=-1.91441e-05 -0.000184744 -0.000624158 0.000722757 -0.00100473 -0.000254865 0.000430949 0.00645402 -5.98894e-06 -0.00015081 -0.00063608 0.00344257 0.000650349 0.00226995
internal_weight=679796 544992 247462 54517 192945 99035 69900 6150 48367 47824 42134 5690 134804 25053
internal_count=679796 544992 247462 54517 192945 99035 69900 6150 48367 47824 42134 5690 134804 25053
is_linear=0
shrinkage=0.05


Tree=76
num_leaves=15
num_cat=0
split_feature=5 3 17 8 1 11 16 14 14 7 14 17 0 13
split_gain=37.6283 44.9949 32.4172 49.9705 30.8729 29.5123 27.0211 28.2589 36.6039 29.368 25.4389 38.3559 48.7796 37.4073
threshold=0.98614090046418046 0.049516626190920988 0.47121522094926355 0.81019998050937747 0.40492323041281447 0.91993949074423198 0.8732733349137608 0.50059988023986579 0.50058754487710588 0.056619038896012712 0.50119189680645537 0.41104861033179968 0.017385491746105559 0.85041100826520744
decision_type=2 2 2 2 2 2 2 2 2 2 2 2 2 2
left_child=6 4 10 -4 -2 -5 -1 8 -8 -10 11 12 -3 -14
right_child=1 2 3 5 -6 -7 7 -9 9 -11 -12 -13 13 -15
leaf_value=7.8361051100679885e-05 0.027020130769791779 0.029052167721567265 0.0049287585847209584 -0.01310670411633497 0.0070340562633080432 0.0062853815004928039 0.00042204548416805451 -0.0010886341117096472 0.034983463125042934 0.0084107022541508609 0.00019447093350799391 0.011882431237593282 0.0020107871973415914 -0.023233711510260085
leaf_weight=586680 297 157 1085 1075 553 240 2852 79182 118 875 2988 1745 2060 158
leaf_count=586680 297 157 1085 1075 553 240 2852 79182 118 875 2988 1745 2060 158
internal_value=5.1369e-06 0.00299572 0.0020104 -0.00301396 0.0140174 -0.00956746 -4.11169e-05 -0.000885364 0.00330067 0.0115684 0.00370687 0.00625421 0.00211894 0.000212487
internal_weight=680065 10358 9508 2400 850 1315 669707 83027 3845 993 7108 4120 2375 2218
internal_count=680065 10358 9508 2400 850 1315 669707 83027 3845 993 7108 4120 2375 2218
is_linear=0
shrinkage=0.05


Tree=77
num_leaves=15
num_cat=0
split_feature=15 8 3 14 6 14 13 0 14 14 6 5 14 11
split_gain=27.452 26.2346 27.3257 24.1399 21.3243 32.4173 25.0607 40.0167 52.0139 31.3812 22.3809 26.2737 39.0067 38.8762
threshold=0.91181511120501701 0.1052973786872904 0.70035152099241371 0.50067888693882379 0.096653875618320673 0.50102354252573011 0.25842021391529829 0.017385491746105559 0.50157480705513569 0.50107411509529753 0.96112471618162454 0.98614090046418046 0.50122699571229001 0.91993949074423198
decision_type=2 2 2 2 2 2 2 2 2 2 2 2 2 2
left_child=1 2 3 -1 5 -3 7 8 -7 -9 11 -6 -13 -14
right_child=-2 4 -4 -5 10 6 -8 9 -10 -11 -12 12 13 -15
leaf_value=-0.0012551896369318311 -0.0010749904160921003 -0.0024007713788430493 -0.00063158254416580877 0.0020955916809905512 2.5261801597965927e-05 -0.049019360051562065 0.0011298660806884036 0.010339005510847439 0.00098731292841526173 -0.0027284551590025666 -0.0022654073466282366 0.0060643244678582411 -0.0035026844366020889 0.012528665327937977
leaf_weight=6214 61011 23666 18511 39813 487774 104 18463 497 104 6079 10472 4363 2691 440
leaf_count=6214 61011 23666 18511 39813 487774 104 18463 497 104 6079 10472 4363 2691 440
internal_value=-6.30699e-05 3.66381e-05 0.000990747 0.00164321 -7.43795e-05 -0.00107127 0.000174975 -0.00242381 -0.024016 -0.00174084 2.20355e-05 7.04015e-05 0.00300848 -0.0012498
internal_weight=680202 619191 64538 46027 554653 48913 25247 6784 208 6576 505740 495268 7494 3131
internal_count=680202 619191 64538 46027 554653 48913 25247 6784 208 6576 505740 495268 7494 3131
is_linear=0
shrinkage=0.05


Tree=78
num_leaves=15
num_cat=0
split_feature=10 2 14 5 14 9 10 14 13 2 8 8 5 4
split_gain=27.0179 51.5719 40.6421 31.1457 26.9388 53.898 34.056 31.4782 62.0825 39.7288 39.4586 36.4052 35.8603 29.6797
threshold=0.16792454621401992 0.56370041561124373 0.50086580151481541 0.38931794688295168 0.50213220585561025 0.39656308209531604 0.12822261867282334 0.50096246479917006 0.56673312706778567 0.93189760739465999 0.75455299261269426 0.76650154899989376 0.96668400971210555 0.037328915588034937
decision_type=2 2 2 2 2 2 2 2 2 2 2 2 2 2
left_child=1 2 3 -1 7 6 -6 8 9 12 -9 -11 -3 -13
right_child=-2 4 -4 -5 5 -7 -8 10 -10 11 -12 13 -14 -15
leaf_value=-0.0038995957464588943 0.00015166775727812641 -0.0011107781549477746 0.0014751433378350984 0.00023281415157811884 0.0049172875716002682 -0.0070946788574595566 -0.0040158531713503929 -0.0017387588745060084 -0.0038247969086475614 -0.0014377796373683358 -0.0057721448804105256 0.019925746439884491 0.010848192112374469 0.0061617116248310509
leaf_weight=7563 567127 11205 34110 11482 5102 1643 1349 14845 11007 1396 10251 468 664 2401
leaf_count=7563 567127 11205 34110 11482 5102 1643 1349 14845 11007 1396 10251 468 664 2401
internal_value=1.07466e-05 -0.000693483 0.000442059 -0.00140822 -0.00169396 0.000990123 0.00304924 -0.00210985 -0.000929598 0.00104558 -0.00338628 0.00518461 -0.000441745 0.00840694
internal_weight=680613 113486 53155 19045 60331 8094 6451 52237 27141 16134 25096 4265 11869 2869
internal_count=680613 113486 53155 19045 60331 8094 6451 52237 27141 16134 25096 4265 11869 2869
is_linear=0
shrinkage=0.05


Tree=79
num_leaves=15
num_cat=0
split_feature=16 5 1 10 17 3 17 0 16 13 11 12 13 5
split_gain=29.8094 32.9483 23.5133 26.7272 24.9668 27.4093 24.0177 23.7217 18.3403 57.0175 19.1143 23.9851 30.6966 27.1636
threshold=0.35355243622621141 0.82574147415204491 0.23110788113695094 0.19513673318551369 0.94679724405684029 0.013828071718581693 0.43405750691026773 0.045052851811950602 0.0092343222597264189 0.20697450962238614 0.167326755968253 0.96075469462709562 0.11953687879092524 0.93177180097839962
decision_type=2 2 2 2 2 2 2 2 2 2 2 2 2 2
left_child=1 2 4 7 6 -6 -1 -4 9 -3 -10 -12 -13 -14
right_child=-2 8 3 -5 5 -7 -8 -9 10 -11 11 12 13 -15
leaf_value=-0.00041285995122892745 -0.00026463920717284181 0.022917104901390026 0.022342537459695569 0.00022857531674258833 -0.026018420559265756 -0.0027940608782547759 0.002104897287253354 -0.0014617738552633313 -0.0013478040223729086 -0.0023799206271401074 0.0024357466394107109 -0.023796526014027139 -0.010495717813952385 0.012243353083126185
leaf_weight=13244 440733 403 105 125940 137 1748 33258 32161 4427 498 26771 194 301 233
leaf_count=13244 440733 403 105 125940 137 1748 33258 32161 4427 498 26771 194 301 233
internal_value=-2.06694e-05 0.000428439 0.000194628 -0.000100371 0.00115916 -0.00448199 0.00138783 -0.00138431 0.0018999 0.00893495 0.00170136 0.00219224 -0.00676241 -0.000573988
internal_weight=680153 239420 206593 158206 48387 1885 46502 32266 32827 901 31926 27499 728 534
internal_count=680153 239420 206593 158206 48387 1885 46502 32266 32827 901 31926 27499 728 534
is_linear=0
shrinkage=0.05


Tree=80
num_leaves=15
num_cat=0
split_feature=15 5 14 14 14 9 8 6 3 8 14 9 12 6
split_gain=27.6661 30.6831 69.8714 57.9429 57.4663 47.2586 45.5062 36.3748 51.2074 32.4504 38.9499 35.6134 26.7401 25.8538
threshold=0.90803758704589321 0.79832806303394555 0.50110987928061113 0.50107411509529753 0.5010627004562499 0.73922506801763788 0.85323139683188753 0.55164360393048295 0.025712352600038665 0.19192888578685127 0.50162602055924543 0.45589232979487593 0.9837750087750089 0.96976084758429704
decision_type=2 2 2 2 2 2 2 2 2 2 2 2 2 2
left_child=1 9 3 4 7 -5 -7 8 -3 10 -1 -12 -4 -9
right_child=-2 2 12 5 -6 6 -8 13 -10 -11 11 -13 -14 -15
leaf_value=0.00025186239173972448 -0.00095376049331658138 0.020483998993681068 -0.00038153157881292419 0.0045783064937446553 -0.010292989868943036 0.010366765021361751 0.034497406335879964 0.0016699679371980408 0.0040729197832979486 -0.00023976463759719358 0.0036602669824546139 -0.0014850072856904763 -0.010607398232053592 -0.0026620227568783187
leaf_weight=77686 63547 522 53699 1932 1002 571 297 56930 5317 392519 17276 4176 647 3666
leaf_count=77686 63547 522 53699 1932 1002 571 297 56930 5317 392519 17276 4176 647 3666
internal_value=3.95498e-05 0.00014198 0.000842865 0.00188444 0.00159181 0.0089323 0.0186234 0.00177106 0.00554005 -3.56196e-05 0.000772656 0.00265865 -0.000503273 0.00140789
internal_weight=679787 616240 124583 70237 67437 2800 868 66435 5839 491657 99138 21452 54346 60596
internal_count=679787 616240 124583 70237 67437 2800 868 66435 5839 491657 99138 21452 54346 60596
is_linear=0
shrinkage=0.05


Tree=81
num_leaves=15
num_cat=0
split_feature=17 14 8 14 2 2 12 8 9 6 2 4 14 14
split_gain=24.3819 42.0105 36.0174 34.0509 31.2973 27.0958 44.5645 37.5243 42.6752 26.8919 30.1298 26.6775 25.5705 35.8166
threshold=0.26836405479210718 0.5005112479782704 0.47946112673500868 0.500798085105299 0.59878725855476034 0.70859217244794293 0.62906001887735286 0.97464055214864842 0.77093741540127492 0.87363065951209495 0.94758342602892121 0.029053865169894267 0.50053909624800641 0.50064143708238718
decision_type=2 2 2 2 2 2 2 2 2 2 2 2 2 2
left_child=1 2 -1 4 -3 -5 7 8 -7 -8 -11 -6 -13 -14
right_child=-2 3 -4 5 11 6 9 -9 -10 10 -12 12 13 -15
leaf_value=-0.0013393127665378502 9.5801216824195032e-05 -0.0013335463094479828 0.034748496383900485 -0.0013753389005540066 0.016232460926380733 -0.0015671912977810209 0.0063659297740606456 -0.021741645756001408 0.011176163995378269 0.011811613259075385 0.041475613059108109 -0.0315715932990333 -0.0007228948923429495 -0.0092634416800849318
leaf_weight=129 649048 7619 149 11888 129 2893 968 185 850 247 131 102 1879 3541
leaf_count=129 649048 7619 149 11888 129 2893 968 185 850 247 131 102 1879 3541
internal_value=3.06641e-05 -0.00134599 0.0180027 -0.00152274 -0.00342478 -5.2056e-05 0.00293073 0.000240237 0.0013267 0.0107823 0.022092 -0.00624429 -0.00676937 -0.00630261
internal_weight=679758 30710 278 30432 13270 17162 5274 3928 3743 1346 378 5651 5522 5420
internal_count=679758 30710 278 30432 13270 17162 5274 3928 3743 1346 378 5651 5522 5420
is_linear=0
shrinkage=0.05


Tree=82
num_leaves=15
num_cat=0
split_feature=2 11 14 4 2 14 9 9 6 14 13 0 13 16
split_gain=23.6214 23.5667 25.0122 25.4783 25.0799 47.4378 22.9409 21.1715 19.8185 40.8046 26.2394 29.3762 29.6021 24.7523
threshold=0.16343788163107262 0.97066887605482088 0.50059206651897148 0.080909505968926682 0.93189760739465999 0.50097943286903812 0.90441827173347222 0.37709163877814972 0.093656515561987633 0.50102354252573011 0.49973656480505801 0.013571590832345883 0.19110529377545088 0.31799581589958165
decision_type=2 2 2 2 2 2 2 2 2 2 2 2 2 2
left_child=7 8 -3 4 -4 -6 -5 -1 9 -2 11 12 -11 -10
right_child=1 2 3 6 5 -7 -8 -9 13 10 -12 -13 -14 -15
leaf_value=0.0013620253357762408 -0.0028186137509964475 0.010595750609699547 0.0034922147453293607 0.0024991715707453417 0.035014753671946806 0.0021501614565937973 -0.001281241730727436 -2.9454515028578151e-05 0.00035889454076858639 -0.038270380444548752 0.0018162551073312536 -0.001156758830249529 -0.0023283152902101884 -0.00039860690258500188
leaf_weight=50169 21754 734 1472 7705 201 242 8375 60064 155879 108 12048 11388 122 349945
leaf_count=50169 21754 734 1472 7705 201 242 8375 60064 155879 108 12048 11388 122 349945
internal_value=-6.6166e-05 -0.000195744 0.0015485 0.00117947 0.00663125 0.0170616 0.000530206 0.000603833 -0.000255006 -0.00125549 0.000181349 -0.00151407 -0.0192055 -0.000165169
internal_weight=680206 569973 18729 17995 1915 443 16080 110233 551244 45420 23666 11618 230 505824
internal_count=680206 569973 18729 17995 1915 443 16080 110233 551244 45420 23666 11618 230 505824
is_linear=0
shrinkage=0.05


Tree=83
num_leaves=15
num_cat=0
split_feature=4 14 14 3 5 14 9 14 8 8 7 2 7 4
split_gain=21.1819 56.2604 48.9799 33.4118 33.2429 45.5463 65.2719 41.9111 57.0699 41.75 33.6053 33.0468 32.9293 30.2866
threshold=0.62254463502753532 0.50057142931778531 0.50057142931778531 0.0057333983465459913 0.62651417578296964 0.50184843515101829 0.34602625363871042 0.50095147564729325 0.96332690762498241 0.76238345408884922 0.87639669163545586 0.93976858304851751 0.58626379404757167 0.061178952593695719
decision_type=2 2 2 2 2 2 2 2 2 2 2 2 2 2
left_child=2 12 13 -3 5 -4 -7 8 -6 -9 -8 -10 -2 -1
right_child=1 3 4 -5 7 6 10 9 11 -11 -12 -13 -14 -15
leaf_value=-0.012030858992005591 -0.0002317833832902736 0.015590116669844986 -0.00023992909795591137 -0.00047660839255300459 0.0018383060364173601 0.0037297238314001058 0.00047928230707660756 0.0009881554167998853 0.0033562711917125344 -0.0019619439626738493 -0.0059669553034770329 0.016579887441625803 0.0076586618443395416 -0.0024320530222462161
leaf_weight=913 2151 324 251201 251423 44247 18900 32707 45652 855 16266 2155 1056 3432 8225
leaf_count=913 2151 324 251201 251423 44247 18900 32707 45652 855 16266 2155 1056 3432 8225
internal_value=1.17339e-05 -0.000345833 0.000229682 -0.00045593 0.000309787 4.27542e-05 0.00136358 0.00106329 0.00220368 0.000213158 8.08071e-05 0.0106635 0.00461866 -0.00339109
internal_weight=679507 257330 422177 251747 413039 304963 53762 108076 46158 61918 34862 1911 5583 9138
internal_count=679507 257330 422177 251747 413039 304963 53762 108076 46158 61918 34862 1911 5583 9138
is_linear=0
shrinkage=0.05


Tree=84
num_leaves=15
num_cat=0
split_feature=16 6 17 14 8 17 17 12 17 4 8 15 4 10
split_gain=21.8903 28.7584 29.2691 28.3793 25.8973 28.0478 24.453 29.8026 28.5972 21.7717 21.1581 23.9969 27.1793 21.0147
threshold=0.29825575499442253 0.093656515561987633 0.4574559667288276 0.50195695465686285 0.99373034591194986 0.89881832124930294 0.28792813550878071 0.92908446163765324 0.26836405479210718 0.09648451143171867 0.61357863520613753 0.017371112477348169 0.99392558495648298 0.95051638936291261
decision_type=2 2 2 2 2 2 2 2 2 2 2 2 2 2
left_child=1 3 6 4 -1 -6 7 8 -3 -10 -8 -12 -13 -2
right_child=13 2 -4 -5 5 -7 10 -9 9 -11 11 12 -14 -15
leaf_value=-0.0019027422060371231 -0.00012329828417236021 -9.7227085432453845e-05 0.001201244408130321 0.0025792185345520002 0.022937892252762975 -0.0081530695455810272 0.00034941661950860735 0.018654088641400859 0.025922845754740312 0.0057304170022365077 -0.011994092099474087 -0.0011477212519325419 -0.020128140678188126 -0.001611902074653767
leaf_weight=24096 452968 4447 102807 4569 213 110 36893 283 145 1682 534 25802 190 25018
leaf_count=24096 452968 4447 102807 4569 213 110 36893 283 145 1682 534 25802 190 25018
internal_value=-1.68635e-05 0.000419851 0.000664352 -0.0010375 -0.00171422 0.0123496 -0.000124436 0.00278239 0.00206647 0.00733299 -0.000424978 -0.00150202 -0.00128647 -0.000201212
internal_weight=679757 201771 172783 28988 24419 323 69976 6557 6274 1827 63419 26526 25992 477986
internal_count=679757 201771 172783 28988 24419 323 69976 6557 6274 1827 63419 26526 25992 477986
is_linear=0
shrinkage=0.05


Tree=85
num_leaves=15
num_cat=0
split_feature=6 14 17 17 0 9 1 3 0 3 14 10 9 17
split_gain=21.4666 31.1364 28.6083 40.219 27.3869 36.6867 39.8767 36.8165 31.2877 24.7201 42.5863 26.9336 33.357 28.867
threshold=0.93283973626098271 0.50099900199600811 0.43087411435162309 0.43038132573057736 0.13187516708643474 0.4286528750610849 0.64414868497529798 0.0096742996193922778 0.017385491746105559 0.98627226634360854 0.50118343361007478 0.25796419976223389 0.70400668896321072 0.33915406299127232
decision_type=2 2 2 2 2 2 2 2 2 2 2 2 2 2
left_child=4 2 3 -2 5 7 -7 -1 -9 -3 -11 -12 -13 -14
right_child=1 9 -4 -5 -6 6 -8 8 -10 10 11 12 13 -15
leaf_value=-0.012438775646170904 -0.00089109395712179927 -0.0021283527735184052 0.0030712838628894103 -0.030349635711520846 -5.1280515612834767e-05 9.2934848400785892e-05 0.027102126780707038 0.0076421235505028245 0.0020354040027013519 -0.022946964091340994 0.0057744716173805354 -0.017294899151331176 -0.016132216831263074 0.013131824373571284
leaf_weight=414 11934 14416 5904 117 562313 54782 137 2756 25613 392 449 526 133 230
leaf_count=414 11934 14416 5904 117 562313 54782 137 2756 25613 392 449 526 133 230
internal_value=9.78324e-06 -0.00121285 0.000219863 -0.0011771 7.43223e-05 0.000918126 0.000160312 0.00236406 0.00258009 -0.00280609 -0.00845367 -0.00420751 -0.00924902 0.00240974
internal_weight=680116 34101 17955 12051 646015 83702 54919 28783 28369 16146 1730 1338 889 363
internal_count=680116 34101 17955 12051 646015 83702 54919 28783 28369 16146 1730 1338 889 363
is_linear=0
shrinkage=0.05


Tree=86
num_leaves=15
num_cat=0
split_feature=5 14 17 14 14 17 17 3 10 0 6 17 10 6
split_gain=26.7346 49.1841 58.332 51.5868 54.9258 53.757 41.9228 40.5046 40.1712 38.5831 35.7165 34.5858 31.5139 27.827
threshold=0.89221965346251575 0.50073260112579066 0.27492690058479535 0.5005112479782704 0.50053909624800641 0.49214565033364072 0.25675853401917237 0.029652793098707293 0.62188440680306012 0.36478293321586769 0.87102885817388576 0.23729002153625273 0.85286280937783843 0.34147834134400101
decision_type=2 2 2 2 2 2 2 2 2 2 2 2 2 2
left_child=-1 2 6 5 9 -4 11 8 -6 -5 13 12 -2 -3
right_child=1 10 3 4 7 -7 -8 -9 -10 -11 -12 -13 -14 -15
leaf_value=-0.00011323236115854266 -0.0014020333755860462 0.012301768925240588 -0.034898279086037563 0.050299646506424656 0.029039854138830909 0.0096340774274532408 -0.0186800826545435 0.0040994756655324156 -0.0054074124762274588 0.011421918913899725 -0.0011512787499583263 0.011300031289070138 -0.021603785829973365 0.0011368951906419011
leaf_weight=605590 1175 568 165 110 313 115 403 12455 116 152 26100 443 231 31964
leaf_count=605590 1175 568 165 110 313 115 403 12455 116 152 26100 443 231 31964
internal_value=-3.40297e-06 0.000891653 0.00337925 0.00462833 0.00508065 -0.0166082 -0.00406751 0.00461978 0.0197254 0.0277446 0.000226476 -0.000882612 -0.0047211 0.00133183
internal_weight=679900 74310 15678 13426 13146 280 2252 12884 429 262 58632 1849 1406 32532
internal_count=679900 74310 15678 13426 13146 280 2252 12884 429 262 58632 1849 1406 32532
is_linear=0
shrinkage=0.05


Tree=87
num_leaves=15
num_cat=0
split_feature=15 5 14 14 14 5 3 14 14 2 0 9 7 8
split_gain=30.6385 25.9987 41.0108 41.7254 42.6173 33.7233 29.3844 31.6015 38.9751 74.4358 29.778 28.867 28.6597 66.4576
threshold=0.96298437165489192 0.9394497458910035 0.50069300102581449 0.50070771443797568 0.50072621679549068 0.99797570020693771 0.9513696761136673 0.50058754487710588 0.50066006629418314 0.93189760739465999 0.045052851811950602 0.58159359019060919 0.0098159656983186402 0.9859919449390967
decision_type=2 2 2 2 2 2 2 2 2 2 2 2 2 2
left_child=1 6 5 -4 -5 -3 12 11 9 10 -9 -8 13 -1
right_child=-2 2 3 4 -6 -7 7 8 -10 -11 -12 -13 -14 -15
leaf_value=-0.0057310453785715653 -0.0016926066929656989 0.0042898771508027202 -0.011186373787212036 0.011459514897045268 0.00056355086522395001 0.023221779399627478 -0.00080153167122714707 -0.029617527828694465 -0.001459314084067743 -0.032282708692444685 -0.0027338043760758227 0.017620009864664051 7.4550892629663161e-05 0.014379910548681206
leaf_weight=4316 26176 5895 734 923 32378 245 458 111 22628 290 1430 397 583642 454
leaf_count=4316 26176 5895 734 923 32378 245 458 111 22628 290 1430 397 583642 454
internal_value=-1.52371e-05 5.19089e-05 0.00128416 0.000605641 0.000865553 0.0050453 -2.87553e-05 -0.00169678 -0.00202708 -0.00904362 -0.00467027 0.0077521 4.30044e-05 -0.00381692
internal_weight=680077 653901 40175 34035 33301 6140 613726 25314 24459 1831 1541 855 588412 4770
internal_count=680077 653901 40175 34035 33301 6140 613726 25314 24459 1831 1541 855 588412 4770
is_linear=0
shrinkage=0.05


Tree=88
num_leaves=15
num_cat=0
split_feature=10 14 4 9 11 3 10 14 4 6 16 6 14 13
split_gain=24.0392 39.7042 38.6602 46.2431 35.9121 28.2993 25.8333 64.4044 55.7958 42.0452 46.953 41.599 86.3619 60.6781
threshold=0.923450883100006 0.50058754487710588 0.080909505968926682 0.97012782814669618 0.9667328846032448 0.16075519072405428 0.19513673318551369 0.50195695465686285 0.61852647158213536 0.46285107673642711 0.0092343222597264189 0.47403330304007513 0.5006230532013678 0.46909889777239627
decision_type=2 2 2 2 2 2 2 2 2 2 2 2 2 2
left_child=4 -2 3 -3 6 -5 7 9 -9 -1 -11 12 13 -12
right_child=1 2 -4 5 -6 -7 -8 8 -10 10 11 -13 -14 -15
leaf_value=-0.0019980644774343441 0.0062796891134682085 -0.001159847892852733 -0.0015588735962359208 0.017657340434018089 0.0026838149416037959 0.0038484199451094153 0.00028833191002667724 0.0041206790747218202 -0.0012269032008042713 0.019265339484947106 0.060195197144491702 -0.00037031754341346245 0.0021170119472089287 0.013693543612644766
leaf_weight=52962 1842 1927 47812 724 13955 761 481017 12681 7927 313 118 55999 1172 173
leaf_count=52962 1842 1927 47812 724 13955 761 481017 12681 7927 313 118 55999 1172 173
internal_value=8.92133e-05 -0.000932577 -0.00119193 0.00395004 0.000175787 0.0105808 0.000118632 -0.000502851 0.0020637 -0.000980483 -4.76713e-05 -0.000152871 0.0081703 0.0325499
internal_weight=679383 53066 51224 3412 626317 1485 612362 131345 20608 110737 57775 57462 1463 291
internal_count=679383 53066 51224 3412 626317 1485 612362 131345 20608 110737 57775 57462 1463 291
is_linear=0
shrinkage=0.05


Tree=89
num_leaves=15
num_cat=0
split_feature=5 3 13 11 11 2 9 11 4 7 2 9 2 15
split_gain=28.5764 42.6668 40.6854 25.0641 24.1406 23.6864 22.2601 20.0268 20.9546 19.0519 26.6747 44.6564 31.6927 22.2121
threshold=0.90005945303210477 0.081098208474634351 0.087733821308237495 0.94348076826638594 0.167326755968253 0.16744734532689778 0.35781767388723779 0.1711530190368066 0.0092064901517597691 0.99791013355928071 0.9860756548546169 0.52564991642661563 0.9593085503709976 0.96298437165489192
decision_type=2 2 2 2 2 2 2 2 2 2 2 2 2 2
left_child=5 2 -2 -4 -3 6 -1 -6 -9 13 12 -12 -11 -10
right_child=1 4 3 -5 7 -7 -8 8 9 10 11 -13 -14 -15
leaf_value=0.0013900656459034455 -0.0031278970341166671 -0.0019016583904448816 0.0061825680952522317 0.01926363379389473 0.016912283186787776 -0.00022951962401398458 -4.6484866083024421e-05 0.022170288474620159 0.00098639582750949489 0.0087200705085390094 0.041771449064625835 0.001975965499567489 -0.014344661665700415 -0.0039213646068008172
leaf_weight=47941 1165 8248 4009 403 197 501042 61637 116 51289 575 133 150 201 2414
leaf_count=47941 1165 8248 4009 403 197 501042 61637 116 51289 575 133 150 201 2414
internal_value=2.50303e-05 0.000990299 0.00518292 0.00737742 0.000621045 -8.38869e-05 0.000582014 0.000998844 0.000941718 0.00089675 0.00753802 0.0206784 0.00274583 0.000765787
internal_weight=679520 68900 5577 4412 63323 610620 109578 55075 54878 54762 1059 283 776 53703
internal_count=679520 68900 5577 4412 63323 610620 109578 55075 54878 54762 1059 283 776 53703
is_linear=0
shrinkage=0.05


Tree=90
num_leaves=15
num_cat=0
split_feature=6 5 11 6 3 17 4 7 9 1 7 8 0 4
split_gain=22.6443 43.6433 43.5463 29.4844 30.3865 25.7262 24.8442 20.4168 22.4988 19.9458 26.6323 20.4492 19.4925 50.9301
threshold=0.93283973626098271 0.89221965346251575 0.68514528384157958 0.52718528288157185 0.0096742996193922778 0.90664288048807073 0.025328793150245516 0.021578168936931676 0.25099867552486987 0.8378562486191915 0.98612181133367593 0.90896258930314666 0.0094818839183652519 0.54357910416001709
decision_type=2 2 2 2 2 2 2 2 2 2 2 2 2 2
left_child=1 12 3 4 -3 6 -4 8 -5 10 -8 -12 13 -1
right_child=-2 2 5 7 -6 -7 9 -9 -10 -11 11 -13 -14 -15
leaf_value=0.0076927630236401298 -0.0012815509325570696 0.030214909582509327 0.016921661045957857 -0.024649148627941032 0.0042313082847539657 0.011007716900877989 0.0027603244806818066 5.2668894440232394e-05 -0.0038942669333749073 -0.0010506117789855027 0.0062377587270587998 0.023493366439744819 -0.00011313890773009075 -0.0035930682548549774
leaf_weight=2570 34124 118 303 160 2422 975 17261 31710 710 3332 481 267 584054 1636
leaf_count=2570 34124 118 303 160 2422 975 17261 31710 710 3332 481 267 584054 1636
internal_value=-2.62682e-05 4.00404e-05 0.00135183 0.000249856 0.00543842 0.00306283 0.00270494 -0.000154655 -0.00771126 0.00250309 0.00316059 0.0123972 -8.87143e-05 0.00330293
internal_weight=680123 645999 57739 35120 2540 22619 21644 32580 870 21341 18009 748 588260 4206
internal_count=680123 645999 57739 35120 2540 22619 21644 32580 870 21341 18009 748 588260 4206
is_linear=0
shrinkage=0.05


Tree=91
num_leaves=15
num_cat=0
split_feature=3 7 14 16 3 6 13 8 13 13 14 14 4 14
split_gain=16.1777 41.6781 33.7384 31.1307 30.6209 30.3968 30.3092 26.7273 24.3811 23.7851 29.4642 27.419 23.2298 22.6733
threshold=0.42501819505094618 0.52832876336438506 0.50056657387481329 0.017252827769382244 0.0096742996193922778 0.19233219010289079 0.16733880803317344 0.61766618220760361 0.50868308620256353 0.095947386619028421 0.50064391527020402 0.50058754487710588 0.62254463502753532 0.50137551842097305
decision_type=2 2 2 2 2 2 2 2 2 2 2 2 2 2
left_child=1 9 8 -4 -5 6 -2 -6 -3 10 -1 -11 -7 -14
right_child=5 2 3 4 7 12 -8 -9 -10 11 -12 -13 13 -15
leaf_value=0.0042538776295145573 -0.0045973642497979684 0.020577851468981129 0.01297915380716874 -0.013588902597774323 0.0027182603057363374 0.00039692969385776055 -0.00089828638610020951 -0.00010702380383023299 0.0021295486026115529 -0.0026814898742504737 -0.0020393764635013457 0.0003161265039315869 -6.2667432997921116e-05 -0.0012460285988717054
leaf_weight=2042 6539 410 596 335 21148 158109 36163 13855 318 7902 20853 220405 133294 58131
leaf_count=2042 6539 410 596 335 21148 158109 36163 13855 318 7902 20853 220405 133294 58131
internal_value=3.48709e-06 0.000288144 0.00186297 0.00164708 0.00145596 -0.000205424 -0.00146473 0.00159995 0.0125194 5.83038e-05 -0.00147808 0.000212375 -5.1577e-05 -0.000422025
internal_weight=680100 287864 36662 35934 35338 392236 42702 35003 728 251202 22895 228307 349534 191425
internal_count=680100 287864 36662 35934 35338 392236 42702 35003 728 251202 22895 228307 349534 191425
is_linear=0
shrinkage=0.05


Tree=92
num_leaves=15
num_cat=0
split_feature=10 14 4 8 3 2 7 5 3 2 1 10 14 13
split_gain=20.2182 42.9322 23.4333 31.3289 34.4384 23.3774 22.0108 33.4776 25.3734 24.058 34.5998 31.3051 40.9455 30.965
threshold=0.923450883100006 0.50059206651897148 0.34589651231150759 0.79450946491111418 0.029652793098707293 0.91610130746028695 0.080721182615376669 0.99797570020693771 0.24751859514309643 0.64209088294506766 0.73056526342418671 0.47600383877159314 0.50065061836259217 0.11953687879092524
decision_type=2 2 2 2 2 2 2 2 2 2 2 2 2 2
left_child=6 -2 3 -3 5 -5 7 -1 -8 10 -10 -11 13 -13
right_child=1 2 -4 4 -6 -7 8 -9 9 11 -12 12 -14 -15
leaf_value=-0.0010306101286189418 0.006182422546777434 -0.00055782826137971498 -0.0019738501048406488 0.01016680149923024 0.0036514094226266364 0.041832330022189841 0.00084490320639006946 0.015346550367398865 0.00058275127053181771 -0.0011552082883942002 -0.00058796307758519689 0.011067907696938613 -0.00011497758037654898 0.0023567063088614521
leaf_weight=50120 2032 14268 34352 136 2064 102 109684 314 223741 84861 87909 1265 63012 5270
leaf_count=50120 2032 14268 34352 136 2064 102 109684 314 223741 84861 87909 1265 63012 5270
internal_value=-6.3865e-06 -0.000944518 -0.00122891 0.000315449 0.0057281 0.0237377 7.29487e-05 -0.000928647 0.000160687 -3.39543e-07 0.000252521 -0.000510701 0.000275724 0.00404296
internal_weight=679130 52954 50922 16570 2302 238 626176 50434 575742 466058 311650 154408 69547 6535
internal_count=679130 52954 50922 16570 2302 238 626176 50434 575742 466058 311650 154408 69547 6535
is_linear=0
shrinkage=0.05


Tree=93
num_leaves=15
num_cat=0
split_feature=10 14 0 14 2 14 2 17 14 14 14 8 8 7
split_gain=20.7922 34.7882 49.9631 57.4863 34.077 38.8791 67.9288 45.285 41.0408 28.2207 27.2292 26.6345 26.0321 48.9876
threshold=0.19906865296209561 0.50066006629418314 0.076567901848686962 0.5006230532013678 0.64209088294506766 0.50073909870381883 0.93567699237885427 0.31947491589878607 0.50072939499053015 0.50220751627616866 0.5007168462465007 0.77811100519774834 0.94013454605789115 0.0055607091321377049
decision_type=2 2 2 2 2 2 2 2 2 2 2 2 2 2
left_child=1 2 3 11 9 6 10 -8 -9 -3 -6 -1 -7 -14
right_child=-2 4 -4 -5 5 12 7 8 -10 -11 -12 -13 13 -15
leaf_value=0.0054913968085220054 0.00011518539182113694 5.5819454486694111e-05 -0.0037374212312374349 -0.0067325310798661041 -0.0029603722238475015 -0.0012435215822808735 -0.0067052299945909001 0.011326723018915722 0.036170021785722338 0.0030834757456450076 0.0049704397531513973 0.024323915858397899 0.020027455649423331 -0.0051888958384822825
leaf_weight=357 546163 57330 13596 481 3592 39355 298 1199 193 8890 1549 396 198 7065
leaf_count=357 546163 57330 13596 481 3592 39355 298 1199 193 8890 1549 396 198 7065
internal_value=-2.19512e-05 -0.000578825 -0.00286309 0.00677014 -0.000295747 -0.0012349 0.00228794 0.0109843 0.0147712 0.000462281 -0.000570793 0.0153954 -0.0017511 -0.00450146
internal_weight=680662 134499 14830 1234 119669 53449 6831 1690 1392 66220 5141 753 46618 7263
internal_count=680662 134499 14830 1234 119669 53449 6831 1690 1392 66220 5141 753 46618 7263
is_linear=0
shrinkage=0.05


Tree=94
num_leaves=15
num_cat=0
split_feature=10 3 12 5 11 2 8 4 6 7 2 2 4 1
split_gain=23.877 23.8162 21.4266 19.8801 27.0589 37.2636 37.4531 30.7456 28.9769 29.8519 51.844 37.3432 27.4806 25.7087
threshold=0.013464775964775967 0.92754483803229038 0.75484317755339125 0.89221965346251575 0.41314744527772701 0.99383191614830035 0.96332690762498241 0.0092064901517597691 0.96112471618162454 0.98612181133367593 0.97437721121931664 0.97068587523732242 0.17537887485648682 0.85718984962406031
decision_type=2 2 2 2 2 2 2 2 2 2 2 2 2 2
left_child=1 -1 -3 -2 5 -5 -7 -6 9 11 -11 12 -9 -12
right_child=3 2 -4 4 7 6 -8 8 -10 10 13 -13 -14 -15
leaf_value=-0.0018427653190771734 -6.3791397085837301e-05 -0.0071144208299679093 -0.028817046205149899 -0.00012782866647907025 0.020634068835540073 -0.0033560475877647358 -0.023741162924724418 0.0070361425193940846 -0.0021060822835917057 0.0025022944182078767 0.025378660557247669 -0.0025857697950402037 0.0017200507719515208 -0.00087189820819887618
leaf_weight=7449 598739 588 141 23684 209 715 329 2621 5210 1357 476 4806 33531 116
leaf_count=7449 598739 588 141 23684 209 715 329 2621 5210 1357 476 4806 33531 116
internal_value=-1.4728e-06 -0.00268687 -0.011312 3.12176e-05 0.000809897 -0.000535341 -0.00978009 0.00149824 0.00141512 0.00184269 0.00788852 0.001555 0.00210546 0.020235
internal_weight=679971 8178 729 671793 73054 24728 1044 48326 48117 42907 1949 40958 36152 592
internal_count=679971 8178 729 671793 73054 24728 1044 48326 48117 42907 1949 40958 36152 592
is_linear=0
shrinkage=0.05


end of trees

feature_importances:
Column_14=236
Column_0=120
Column_17=104
Column_3=93
Column_8=93
Column_5=80
Column_9=71
Column_13=65
Column_2=60
Column_4=58
Column_10=57
Column_1=56
Column_6=56
Column_11=45
Column_16=44
Column_15=43
Column_7=41
Column_12=8

parameters:
[boosting: gbdt]
[objective: regression]
[metric: l2]
[tree_learner: serial]
[device_type: cpu]
[data_sample_strategy: bagging]
[data: ]
[valid: ]
[num_iterations: 95]
[learning_rate: 0.05]
[num_leaves: 15]
[num_threads: 6]
[seed: 4]
[deterministic: 0]
[force_col_wise: 0]
[force_row_wise: 0]
[histogram_pool_size: -1]
[max_depth: -1]
[min_data_in_leaf: 100]
[min_sum_hessian_in_leaf: 0.001]
[bagging_fraction: 0.8]
[pos_bagging_fraction: 1]
[neg_bagging_fraction: 1]
[bagging_freq: 1]
[bagging_seed: 17945]
[bagging_by_query: 0]
[feature_fraction: 0.8]
[feature_fraction_bynode: 1]
[feature_fraction_seed: 386]
[extra_trees: 0]
[extra_seed: 27504]
[early_stopping_round: 0]
[early_stopping_min_delta: 0]
[first_metric_only: 0]
[max_delta_step: 0]
[lambda_l1: 0]
[lambda_l2: 0]
[linear_lambda: 0]
[min_gain_to_split: 0]
[drop_rate: 0.1]
[max_drop: 50]
[skip_drop: 0.5]
[xgboost_dart_mode: 0]
[uniform_drop: 0]
[drop_seed: 27159]
[top_rate: 0.2]
[other_rate: 0.1]
[min_data_per_group: 100]
[max_cat_threshold: 32]
[cat_l2: 10]
[cat_smooth: 10]
[max_cat_to_onehot: 4]
[top_k: 20]
[monotone_constraints: ]
[monotone_constraints_method: basic]
[monotone_penalty: 0]
[feature_contri: ]
[forcedsplits_filename: ]
[refit_decay_rate: 0.9]
[cegb_tradeoff: 1]
[cegb_penalty_split: 0]
[cegb_penalty_feature_lazy: ]
[cegb_penalty_feature_coupled: ]
[path_smooth: 0]
[interaction_constraints: ]
[verbosity: -1]
[saved_feature_importance_type: 0]
[use_quantized_grad: 0]
[num_grad_quant_bins: 4]
[quant_train_renew_leaf: 0]
[stochastic_rounding: 1]
[linear_tree: 0]
[max_bin: 255]
[max_bin_by_feature: ]
[min_data_in_bin: 3]
[bin_construct_sample_cnt: 200000]
[data_random_seed: 51]
[is_enable_sparse: 1]
[enable_bundle: 1]
[use_missing: 1]
[zero_as_missing: 0]
[feature_pre_filter: 1]
[pre_partition: 0]
[two_round: 0]
[header: 0]
[label_column: ]
[weight_column: ]
[group_column: ]
[ignore_column: ]
[categorical_feature: ]
[forcedbins_filename: ]
[precise_float_parser: 0]
[parser_config_file: ]
[objective_seed: 17345]
[num_class: 1]
[is_unbalance: 0]
[scale_pos_weight: 1]
[sigmoid: 1]
[boost_from_average: 1]
[reg_sqrt: 0]
[alpha: 0.9]
[fair_c: 1]
[poisson_max_delta_step: 0.7]
[tweedie_variance_power: 1.5]
[lambdarank_truncation_level: 30]
[lambdarank_norm: 1]
[label_gain: ]
[lambdarank_position_bias_regularization: 0]
[eval_at: ]
[multi_error_top_k: 1]
[auc_mu_weights: ]
[num_machines: 1]
[local_listen_port: 12400]
[time_out: 120]
[machine_list_filename: ]
[machines: ]
[gpu_platform_id: -1]
[gpu_device_id: -1]
[gpu_device_id_list: ]
[gpu_use_dp: 0]
[num_gpu: 1]

end of parameters

pandas_categorical:null
