tree
version=v4
num_class=1
num_tree_per_iteration=1
label_index=0
max_feature_idx=17
objective=regression
feature_names=Column_0 Column_1 Column_2 Column_3 Column_4 Column_5 Column_6 Column_7 Column_8 Column_9 Column_10 Column_11 Column_12 Column_13 Column_14 Column_15 Column_16 Column_17
feature_infos=[0.0010405827263267431:1] [0.001006036217303823:1] [0.0011185682326621924:1] [0.0010405827263267431:1] [0.001006036217303823:1] [0.0010235414534288639:1] [0.0011695906432748538:1] [0.0009727626459143969:1] [0.0010405827263267431:1] [0.0010214504596527069:1] [0.0009727626459143969:1] [0.0009727626459143969:1] [0.0033112582781456954:1] [0.001026694045174538:1] [0.5004863813229572:0.66666666666666663] [0.001006036217303823:1] [0.0009727626459143969:1] [0.013530135301353014:1]
tree_sizes=1584 1588 1594 1603 1600 1578 1585 1593 1582 1591 1584 1586 1604 1587 1581 1580 1607 1579 1603 1587 1577 1596 1570 1588 1585 1608 1560 1588 1579 1590 1596 1572 1567 1579 1599 1584 1613 1588 1598 1596 1580 1551 1585 1569 1574 1571 1593 1583 1601 1599 1599 1558 1563 1593 1571 1593 1580 1619 1580 1571 1568 1583 1583 1600 1607 1581 1563 1600 1579 1560 1583 1556 1533 1562 1566 1567 1555 1558 1548 1564 1559 1568 1550 1551 1537 1543 1494 1533 1511 1561 1529 1548 1503 1530 1582

Tree=0
num_leaves=15
num_cat=0
split_feature=15 15 0 3 8 8 0 10 0 13 5 14 5 3
split_gain=1847.39 440.548 357.701 170.573 142.357 124.202 118.06 82.8386 80.2502 80.225 78.7209 69.192 67.222 61.5762
threshold=0.38433499760981576 0.05237290862290863 0.67979336128092005 0.70220335383121613 0.89976552535514809 0.43869470805015298 0.017311854811854818 0.21850684788948507 0.23306762364498648 0.13359658423509116 0.89615658168289758 0.50058105772087635 0.97423095439679941 0.77729571349696347
decision_type=2 2 2 2 2 2 2 2 2 2 2 2 2 2
left_child=1 4 10 5 6 8 9 -4 -3 -1 -2 -5 -7 -8
right_child=2 3 7 11 -6 12 13 -9 -10 -11 -12 -13 -14 -15
leaf_value=0.002715636509521229 -0.0014543998794896407 0.0065254348080201014 -0.005832466244690698 0.0093448138930756573 -0.00012488663562709951 0.0014323329547016117 0.0090596385812238694 -0.0034932099868674594 0.0030035522496078743 0.017330096747680119 0.0016078686809647197 -0.00036890698834395237 0.010183438002652779 0.0031125562190666557
leaf_weight=1119 177043 28257 48690 1884 4655 87349 17072 169925 37828 5839 23809 68072 2251 5842
leaf_count=1119 177043 28257 48690 1884 4655 87349 17072 169925 37828 5839 23809 68072 2251 5842
internal_value=-0.000561686 0.00274836 -0.00261469 0.00194352 0.00800816 0.00286504 0.00927554 -0.00401421 0.00450946 0.0149798 -0.0010914 -0.000107305 0.00165218 0.00754341
internal_weight=679635 260168 419467 225641 34527 155685 29872 218615 66085 6958 200852 69956 89600 22914
internal_count=679635 260168 419467 225641 34527 155685 29872 218615 66085 6958 200852 69956 89600 22914
is_linear=0
shrinkage=1


Tree=1
num_leaves=15
num_cat=0
split_feature=15 15 8 1 15 17 3 8 0 3 9 8 0 8
split_gain=1662.63 487.609 218.472 170.834 160.56 123.11 89.3238 85.567 82.1127 75.8737 69.936 62.4196 58.1502 55.9389
threshold=0.51066537031449322 0.071958008661972481 0.56855513000323665 0.22989818714430846 0.83613174301978865 0.46704589528118945 0.70220335383121613 0.20206587045965288 0.017311854811854818 0.90373947384596487 0.42953782794386824 0.43495021795125827 0.052247669018328786 0.89976552535514809
decision_type=2 2 2 2 2 2 2 2 2 2 2 2 2 2
left_child=1 2 8 7 -2 13 11 -3 -1 -7 -6 -5 -13 -4
right_child=4 3 5 6 10 9 -8 -9 -10 -11 -12 12 -14 -15
leaf_value=0.017459697970834024 -0.0017307403511913355 0.0062650329825919759 0.0026414893795150014 0.0027070933472648079 -0.0054518482639367288 0.0092690676859936826 -0.00087586442721781187 0.0026100196300399858 0.0092567144796599828 -0.0082667735625446444 -0.0029409389071577033 0.013654362541654086 0.00038562739014105123 -0.004481632527578625
leaf_weight=3586 221581 19595 10486 58908 49689 9044 56901 87593 20439 662 62757 835 74290 3739
leaf_count=3586 221581 19595 10486 58908 49689 9044 56901 87593 20439 662 62757 835 74290 3739
internal_value=4.72117e-06 0.00243347 0.00711292 0.00168074 -0.00251165 0.00373151 0.000783944 0.00327819 0.0104811 0.00807303 -0.00405049 0.00148858 0.000533107 0.000769197
internal_weight=680105 346078 47956 298122 334027 23931 190934 107188 24025 9706 112446 134033 75125 14225
internal_count=680105 346078 47956 298122 334027 23931 190934 107188 24025 9706 112446 134033 75125 14225
is_linear=0
shrinkage=0.05


Tree=2
num_leaves=15
num_cat=0
split_feature=1 1 15 8 9 13 3 15 10 14 17 15 4 1
split_gain=1542.38 354.38 269.986 141.127 127.311 102.04 101.537 85.4462 77.9083 73.4864 66.2776 61.8332 58.8077 57.3549
threshold=0.36487924094307078 0.048436557057246719 0.63618255618255637 0.56469692899991053 0.31582886857863229 0.058074644249759465 0.75315658578579869 0.23764106949017899 0.25066489832007077 0.50066006629418314 0.47884860778542054 0.0094754663981683994 0.70272453390385559 0.029084323312697145
decision_type=2 2 2 2 2 2 2 2 2 2 2 2 2 2
left_child=1 4 -2 7 13 -6 11 12 9 -4 -5 -7 -3 -1
right_child=2 3 8 10 5 6 -8 -9 -10 -11 -12 -13 -14 -15
leaf_value=0.017429641169947257 -0.00037675162072576358 0.0056612802002252082 -0.009130280388579869 4.7278095973989671e-05 -0.0059814402144443193 0.015794797032484768 0.0016998378440176961 0.0019461563055828128 -0.0023696146541891372 -0.0037887261664748687 0.0027827284054626478 0.0077551272378265403 0.0024991421554970538 0.0087935333579275497
leaf_weight=4336 184375 47943 7231 63984 1593 2914 6255 48027 182645 58780 33863 13340 21207 3454
leaf_count=4336 184375 47943 7231 63984 1593 2914 6255 48027 182645 58780 33863 13340 21207 3454
internal_value=-2.83997e-05 0.00312525 -0.00182662 0.00239575 0.00804375 0.00624776 0.00711324 0.00356628 -0.00290168 -0.00437385 0.000993966 0.00919647 0.00469151 0.0136005
internal_weight=679947 246916 433031 215024 31892 24102 22509 117177 248656 66011 97847 16254 69150 7790
internal_count=679947 246916 433031 215024 31892 24102 22509 117177 248656 66011 97847 16254 69150 7790
is_linear=0
shrinkage=0.05


Tree=3
num_leaves=15
num_cat=0
split_feature=15 15 0 9 9 17 14 5 2 17 15 10 14 15
split_gain=1345.73 335.387 273.645 128.514 114.851 95.1747 71.5042 64.9834 68.4269 64.1961 60.1501 55.4955 90.5367 55.4742
threshold=0.38433499760981576 0.04464889812487919 0.69966156630093701 0.37479667055472249 0.17462707700744615 0.47001872659176031 0.50058105772087635 0.9626284610281538 0.2501354279523294 0.47884860778542054 0.24164046597414018 0.41476891397193416 0.50066006629418314 0.0094754663981683994
decision_type=2 2 2 2 2 2 2 2 2 2 2 2 2 2
left_child=1 3 7 -1 10 -5 -6 8 -2 -8 -3 12 -4 -7
right_child=2 4 11 5 6 13 9 -9 -10 -11 -12 -13 -14 -15
leaf_value=0.012975805883646023 0.00091109665279623582 0.0065603547547986585 -0.0086070994051741685 0.0030049866097858965 0.0070831838170244124 0.018133957045249029 0.00087182709897276047 0.0033862841381153753 -0.0012214674211843868 0.0028262088267375848 0.0024644712276596843 -0.002354375135473227 -0.0034520094596367963 0.0078574033267446945
leaf_weight=8624 49740 20353 9565 12667 5970 1645 125663 10208 154309 63124 16018 118126 77743 6511
leaf_count=8624 49740 20353 9565 12667 5970 1645 125663 10208 154309 63124 16018 118126 77743 6511
internal_value=-4.71407e-06 0.00281762 -0.00175703 0.00784316 0.00217734 0.00571743 0.00169568 -0.00050686 -0.000701623 0.00152531 0.0047565 -0.00306088 -0.00401677 0.0099301
internal_weight=680266 260575 419691 29447 231128 20823 194757 214257 204049 188787 36371 205434 87308 8156
internal_count=680266 260575 419691 29447 231128 20823 194757 214257 204049 188787 36371 205434 87308 8156
is_linear=0
shrinkage=0.05


Tree=4
num_leaves=15
num_cat=0
split_feature=15 1 9 1 15 9 17 15 2 5 9 13 15 0
split_gain=1201.72 379.413 140.496 132.407 120.373 94.1871 91.2719 74.7037 66.2539 57.1218 54.0659 53.8435 50.1909 49.5764
threshold=0.52252886689506417 0.06780787955283088 0.34324123529175538 0.24171078037378863 0.84399463520628382 0.27641777032020937 0.46704589528118945 0.021321092057526168 0.17151633175284114 0.95099881649539397 0.4177296540952134 0.17274061051690548 0.0094754663981683994 0.060028283853235574
decision_type=2 2 2 2 2 2 2 2 2 2 2 2 2 2
left_child=1 2 7 5 9 -3 11 -1 -5 -2 -6 -4 -8 -10
right_child=4 3 6 8 10 -7 12 -9 13 -11 -12 -13 -14 -15
leaf_value=0.017142579635064246 -0.0017241449913301919 0.0051356656338232762 -0.0026202021282181616 0.0027258755113895336 -0.0048866125589657264 0.0018729159753957563 0.015686609201966305 0.0084328589270889747 0.0085487032989060747 0.0020241948075837377 -0.0026130981597801868 0.0037621233208281809 0.0065604475448479763 6.5416886966488793e-05
leaf_weight=3385 208067 29448 4226 29722 45826 88873 1732 9028 1741 10686 60903 15156 11575 159608
leaf_count=3385 208067 29448 4226 29722 45826 88873 1732 9028 1741 10686 60903 15156 11575 159608
internal_value=-1.9038e-05 0.00199507 0.00627936 0.00137053 -0.00221268 0.00268496 0.0045597 0.010808 0.000556562 -0.00154104 -0.00358927 0.00237054 0.00774828 0.000156954
internal_weight=679976 354494 45102 309392 325482 118321 32689 12413 191071 218753 106729 19382 13307 161349
internal_count=679976 354494 45102 309392 325482 118321 32689 12413 191071 218753 106729 19382 13307 161349
is_linear=0
shrinkage=0.05


Tree=5
num_leaves=15
num_cat=0
split_feature=15 15 8 0 8 14 15 15 5 4 13 0 14 4
split_gain=1154.93 308.521 141.514 122.396 115.919 99.2001 88.1746 69.6376 69.069 68.9906 66.2698 74.3406 64.1552 57.8271
threshold=0.51066537031449322 0.04464889812487919 0.33997046131325176 0.80173163418290871 0.85300035612535619 0.5007168462465007 0.21795815867980819 0.23378126503126506 0.92730886993470196 0.21040593204823063 0.16520017342427787 0.0054719664645557315 0.50102354252573011 0.41912755668305063
decision_type=2 2 2 2 2 2 2 2 2 2 2 2 2 2
left_child=1 4 6 8 10 9 -3 -4 -2 -6 -1 -12 -10 -7
right_child=3 2 7 -5 5 13 -8 -9 12 -11 11 -13 -14 -15
leaf_value=0.0024949082623700269 -0.0015642735495449537 0.00507987139291866 0.0019270972249843428 -0.0032324421433566953 0.029936754865040962 0.0030828148135707135 0.0020282930505023883 9.2931904419711142e-05 0.0047743880828195161 0.0045742994013123718 0.02138199055375441 0.0088629125482257015 -0.0014892419265372843 -0.0082108574225915384
leaf_weight=3850 181454 36631 88507 135851 414 2180 66913 124606 8677 761 1267 18509 7730 2361
leaf_count=3850 181454 36631 88507 135851 414 2180 66913 124606 8677 761 1267 18509 7730 2361
internal_value=2.18215e-05 0.00204593 0.00159144 -0.00207682 0.00695077 0.000561505 0.00310786 0.000854671 -0.00128337 0.0135105 0.00849657 0.00966498 0.00182334 -0.0027891
internal_weight=679711 345999 316657 333712 29342 5716 103544 213113 197861 1175 23626 19776 16407 4541
internal_count=679711 345999 316657 333712 29342 5716 103544 213113 197861 1175 23626 19776 16407 4541
is_linear=0
shrinkage=0.05


Tree=6
num_leaves=15
num_cat=0
split_feature=15 1 1 8 15 3 17 8 17 10 3 5 3 8
split_gain=1029.11 298.936 139.279 125.794 100.223 95.8457 70.4634 61.742 49.2444 48.8816 48.8082 47.5164 43.0181 43.0127
threshold=0.51066537031449322 0.032960789210789217 0.24569081382900962 0.54120058723922504 0.82457908885116027 0.74913093391875296 0.39545253129500396 0.47458857100686336 0.44207057823129253 0.69446631671041137 0.70220335383121613 0.89615658168289758 0.8956572710127938 0.5922970968425515
decision_type=2 2 2 2 2 2 2 2 2 2 2 2 2 2
left_child=1 5 3 9 -2 7 -5 -1 -9 12 11 -4 -3 -7
right_child=4 2 10 6 -6 13 -8 8 -10 -11 -12 -13 -14 -15
leaf_value=0.013899822625887509 -0.0013182445734436989 0.0055179375435188841 0.00087680826867208043 -0.0014563592917967586 -0.0031235881283004936 0.0065878385334116512 0.0021343102306363988 0.0027448822053371003 0.01020657937006886 0.0022330997548817111 -0.00064336630057324547 0.0045248455134764155 0.00085654148594696403 -0.0016776913855610324
leaf_weight=5741 213445 45339 117061 18510 120148 3163 52180 3617 5689 23036 53726 9663 5556 3133
leaf_count=5741 213445 45339 117061 18510 120148 3163 52180 3617 5689 23036 53726 9663 5556 3133
internal_value=1.36698e-05 0.00192244 0.00154609 0.00270216 -0.00196846 0.00765466 0.0011941 0.00982205 0.00730641 0.00414411 0.000619552 0.00115498 0.00500907 0.00247477
internal_weight=680007 346414 325071 144621 333593 21343 70690 15047 9306 73931 180450 126724 50895 6296
internal_count=680007 346414 325071 144621 333593 21343 70690 15047 9306 73931 180450 126724 50895 6296
is_linear=0
shrinkage=0.05


Tree=7
num_leaves=15
num_cat=0
split_feature=15 0 15 3 9 3 13 0 3 10 0 14 11 14
split_gain=893.926 285.692 177.526 107.355 111.139 94.8816 74.8422 77.7992 68.3968 65.4313 64.1519 58.741 58.337 55.5507
threshold=0.26116148370176101 0.67579579698130099 0.021321092057526168 0.8956572710127938 0.59535269389486689 0.005249347850048376 0.29102505910806109 0.10789727208193896 0.63973219115984592 0.18629002386802235 0.060028283853235574 0.5006958945610781 0.62474847465312788 0.5006891802032869
decision_type=2 2 2 2 2 2 2 2 2 2 2 2 2 2
left_child=2 10 8 4 5 -4 11 -8 -1 13 -2 -7 -12 -3
right_child=1 9 3 -5 -6 6 7 -9 -10 -11 12 -13 -14 -15
leaf_value=0.011452871978351297 0.010051591774335678 -0.0084710195908133928 -0.022050837220447747 -0.000740843666711364 0.001575215265453251 0.0083752235800630577 0.0081863395518588702 0.0042271346056941212 0.0041369268210869866 -0.0019328474193416182 -0.000564326016254088 0.00046398066299289633 0.00092513506069088222 -0.0033639030555166283
leaf_weight=8310 1595 6263 338 20169 62572 2769 17156 44833 5190 179722 174887 15372 105334 35532
leaf_count=8310 1595 6263 338 20169 62572 2769 17156 44833 5190 179722 174887 15372 105334 35532
internal_value=7.04783e-05 -0.00100365 0.00312998 0.00267419 0.00315572 0.00438473 0.00449623 0.00532288 0.0086403 -0.00234725 5.2471e-05 0.00167153 -4.44331e-06 -0.00412921
internal_weight=680042 503333 176709 163209 143040 80468 80130 61989 13500 221517 281816 18141 280221 41795
internal_count=680042 503333 176709 163209 143040 80468 80130 61989 13500 221517 281816 18141 280221 41795
is_linear=0
shrinkage=0.05


Tree=8
num_leaves=15
num_cat=0
split_feature=15 15 15 3 8 14 13 8 8 6 5 10 9 15
split_gain=901.743 202.339 150.076 122.22 96.2693 89.7354 77.1365 76.0047 67.6094 59.0593 57.4363 53.6372 51.5972 52.3689
threshold=0.38433499760981576 0.04464889812487919 0.63618255618255637 0.70220335383121613 0.89976552535514809 0.5007818613067293 0.062020410165832603 0.2097028537805237 0.96234801870539022 0.8839338050577793 0.94681465994342651 0.18629002386802235 0.34324123529175538 0.021321092057526168
decision_type=2 2 2 2 2 2 2 2 2 2 2 2 2 2
left_child=1 4 -2 7 6 -6 -1 -3 -5 12 -9 -4 13 -8
right_child=2 3 11 8 5 -7 9 10 -10 -11 -12 -13 -14 -15
leaf_value=-0.00465123207168052 -0.00026378127634709065 0.0048239564462590236 -0.0036688686984854488 0.00047511785647866707 0.010630020039222816 -0.005838430914992517 0.017885230898999609 0.001852459846747306 -0.0068172607803231536 0.0014689931288078251 0.007052944866627494 -0.001822852560597641 0.007317181819096347 0.0087901087420615316
leaf_weight=1262 171403 31432 49019 68523 1174 2800 2768 121948 3333 3001 5551 199470 14566 3696
leaf_count=1262 171403 31432 49019 68523 1174 2800 2768 121948 3333 3001 5551 199470 14566 3696
internal_value=3.10341e-05 0.00234476 -0.00140194 0.00184809 0.00626122 -0.000973317 0.00739791 0.00262177 0.000136865 0.00803067 0.00207888 -0.00218701 0.00896703 0.0126848
internal_weight=679946 260054 419892 230787 29267 3974 25293 158931 71856 24031 127499 248489 21030 6464
internal_count=679946 260054 419892 230787 29267 3974 25293 158931 71856 24031 127499 248489 21030 6464
is_linear=0
shrinkage=0.05


Tree=9
num_leaves=15
num_cat=0
split_feature=15 15 0 8 9 3 5 2 14 5 7 14 0 6
split_gain=794.347 186.269 143.142 102.196 89.5676 69.1452 60.7804 78.5384 59.6794 75.8456 63.4442 58.5913 58.4372 57.7018
threshold=0.38433499760981576 0.05237290862290863 0.69966156630093701 0.58428042533040603 0.31582886857863229 0.75315658578579869 0.89615658168289758 0.38448123821687047 0.50112739714884202 0.9312540531776915 0.15051724752969717 0.50099304963867597 0.24490537494067396 0.86843572141054992
decision_type=2 2 2 2 2 2 2 2 2 2 2 2 2 2
left_child=1 4 6 12 13 -6 7 -2 9 -5 -11 -8 -3 -1
right_child=2 3 -4 8 5 -7 11 -9 -10 10 -12 -13 -14 -15
leaf_value=0.01182915485824671 0.00047939334729508814 0.0036391981409221968 -0.0023306579947902552 0.00085244109138387942 0.0057118516996191747 -1.5126868567605333e-05 0.0042828512889783871 -0.0016058168002516388 -0.0010579205426033968 0.019204533209204552 0.004657190652924202 -0.00055662925099499172 0.0014997989405012963 0.00058310173287514169
leaf_weight=7097 74219 62002 205194 51436 18719 7336 12353 115321 41176 901 4457 12668 65785 1359
leaf_count=7097 74219 62002 205194 51436 18719 7336 12353 115321 41176 901 4457 12668 65785 1359
internal_value=-4.08605e-05 0.00212935 -0.00138649 0.00160636 0.00555049 0.00409937 -0.000483544 -0.000789302 0.000391402 0.00144217 0.00710347 0.00183265 0.00253783 0.0100218
internal_weight=680023 260268 419755 225757 34511 26055 214561 189540 97970 56794 5358 25021 127787 8456
internal_count=680023 260268 419755 225757 34511 26055 214561 189540 97970 56794 5358 25021 127787 8456
is_linear=0
shrinkage=0.05


Tree=10
num_leaves=15
num_cat=0
split_feature=15 0 3 1 0 9 15 13 9 3 5 10 9 13
split_gain=711.443 248.094 149.935 94.672 80.5419 74.8395 70.5767 68.3487 67.7663 54.1454 47.653 46.4851 44.1356 43.4426
threshold=0.526532735883115 0.075909999759100011 0.69452073347830356 0.23775866990152708 0.0054719664645557315 0.31582886857863229 0.90760464588868028 0.10538311741978142 0.29977502100478809 0.72963566172035244 0.98961231646691605 0.3174135662471218 0.48457750025983998 0.25953289712831701
decision_type=2 2 2 2 2 2 2 2 2 2 2 2 2 2
left_child=1 2 4 8 13 -6 10 -4 -3 -5 11 -2 -9 -1
right_child=6 3 7 9 5 -7 -8 12 -10 -11 -12 -13 -14 -15
leaf_value=0.0071508952164921194 -0.0023320935179794011 0.004139232809078245 -0.0059981901363352621 0.0008661211644986549 0.01101046084629626 0.0049712419096884647 -0.0031606633606900136 0.0056470332512600632 0.001416108048142761 -0.0010228243072278988 0.0047136814445804132 -0.00090350587183601948 0.00023519923343087208 0.023361733136841478
leaf_weight=662 85611 31804 2791 142107 6542 23766 63920 6484 81117 51753 3247 170048 8992 1100
leaf_count=662 85611 31804 2791 142107 6542 23766 63920 6484 81117 51753 3247 170048 8992 1100
internal_value=2.83021e-05 0.00156604 0.00481948 0.00103221 0.00687898 0.00627481 -0.00167278 0.00120377 0.00218307 0.000361847 -0.00130544 -0.00138189 0.0025026 0.0172712
internal_weight=679944 357118 50337 306781 32070 30308 322826 18267 112921 193860 258906 255659 15476 1762
internal_count=679944 357118 50337 306781 32070 30308 322826 18267 112921 193860 258906 255659 15476 1762
is_linear=0
shrinkage=0.05


Tree=11
num_leaves=15
num_cat=0
split_feature=15 1 13 14 1 10 3 10 14 3 3 9 6 6
split_gain=640.478 162.342 97.7904 158.261 126.218 88.6332 81.01 67.6618 71.1561 60.44 56.6371 56.1819 51.0506 47.8341
threshold=0.51066537031449322 0.24171078037378863 0.267486114708337 0.50066357029882258 0.029084323312697145 0.71437477734235844 0.90373947384596487 0.34025135560692427 0.5006891802032869 0.83654391862394151 0.79677202274996761 0.50867553789338482 0.07101020495669326 0.8808179356482958
decision_type=2 2 2 2 2 2 2 2 2 2 2 2 2 2
left_child=1 2 3 12 5 13 11 8 -2 -3 -10 -6 -1 -4
right_child=7 9 4 -5 6 -7 -8 -9 10 -11 -12 -13 -14 -15
leaf_value=-0.013183205702265142 -0.005396780058563355 0.00088086193387395162 0.012301097962935688 -0.00045344631209943395 0.0044748369988284638 0.00220248724607712 -0.0012106743420845297 -0.001037563671471874 -0.0014248486729975696 -0.0015800440345641543 -0.0044347810492267525 0.002057340966253238 0.010705681530417196 0.0012738394662182603
leaf_weight=236 18252 152835 7673 38184 48576 4409 11221 214623 81288 29818 19349 47566 4270 1128
leaf_count=236 18252 152835 7673 38184 48576 4409 11221 214623 81288 29818 19349 47566 4270 1128
internal_value=-4.18022e-06 0.00150319 0.00264889 0.000592355 0.00337703 0.00798895 0.00280957 -0.00156762 -0.00252449 0.00047912 -0.00200355 0.00327879 0.00945451 0.0108878
internal_weight=679428 345916 163263 42690 120573 13210 107363 333512 118889 182653 100637 96142 4506 8801
internal_count=679428 345916 163263 42690 120573 13210 107363 333512 118889 182653 100637 96142 4506 8801
is_linear=0
shrinkage=0.05


Tree=12
num_leaves=15
num_cat=0
split_feature=1 0 8 0 17 2 0 11 8 17 15 14 2 13
split_gain=537.654 165.125 129.08 133.715 88.122 72.9984 69.8627 62.2806 54.3973 54.0312 53.1742 52.3499 62.4316 44.706
threshold=0.26191797473706474 0.7076073979643458 0.60406394967575849 0.017311854811854818 0.49800588492584202 0.23033387569984501 0.0054719664645557315 0.72363520850179064 0.61558115251582601 0.80730813452141426 0.071958008661972481 0.50102354252573011 0.95848403734412757 0.17274061051690548
decision_type=2 2 2 2 2 2 2 2 2 2 2 2 2 2
left_child=2 5 3 -1 13 -2 -6 8 -7 -8 -5 12 -9 -4
right_child=1 -3 4 10 6 7 9 11 -10 -11 -12 -13 -14 -15
leaf_value=0.01243017378131514 0.0013620881755353107 -0.0019796430916172538 -0.0029558298695122015 0.0053107369436425789 0.023079014314163687 -0.00023573328293696326 0.0063126379089606423 0.0014273536466232111 -0.0020296949456590002 0.00092215252478135008 0.0025085454287504662 -0.00066386415494688357 0.0087070849111989031 0.00051001152764386761
leaf_weight=4038 64619 199911 11720 21888 454 94058 8134 31310 76726 10849 74732 33392 3251 45143
leaf_count=4038 64619 199911 11720 21888 454 94058 8134 31310 76726 10849 74732 33392 3251 45143
internal_value=-3.04248e-05 -0.000863973 0.00234018 0.0035159 0.000789127 -0.000128749 0.00369549 -0.000532274 -0.00104168 0.00323191 0.00314335 0.000748009 0.00211213 -0.000204331
internal_weight=680225 503267 176958 100658 76300 303356 19437 238737 170784 18983 96620 67953 34561 56863
internal_count=680225 503267 176958 100658 76300 303356 19437 238737 170784 18983 96620 67953 34561 56863
is_linear=0
shrinkage=0.05


Tree=13
num_leaves=15
num_cat=0
split_feature=1 0 8 17 0 13 17 14 3 0 5 3 5 14
split_gain=489.217 126.755 115.7 98.5231 89.8818 69.9308 60.8515 59.2788 58.4694 58.8814 58.1843 52.4997 51.2669 67.5153
threshold=0.44421899180138952 0.036769905982194866 0.33997046131325176 0.47884860778542054 0.76214266697727051 0.16520017342427787 0.39545253129500396 0.50108460380199527 0.69452073347830356 0.20195958432332545 0.95887167673800078 0.95444389829751108 0.96639485833859251 0.50103412726930519
decision_type=2 2 2 2 2 2 2 2 2 2 2 2 2 2
left_child=1 3 8 5 12 7 11 10 9 -3 -1 -4 -2 -14
right_child=4 2 6 -5 -6 -7 -8 -9 -10 -11 -12 -13 13 -15
leaf_value=-0.0014743350431444793 -0.0006950183516742978 0.0057496135276167201 -0.00055115005425813773 0.0094483870312276064 -0.0020887792244938955 0.0045793564618865149 0.0010185914579627707 -0.010034714308547434 0.0007539517079578127 0.0024642320070228387 0.020018695007235587 -0.0065570951800708157 0.0072194189711581444 -0.0013947165266124284
leaf_weight=1729 207376 19897 44450 8169 162763 11847 137429 1733 28017 43353 385 3963 4797 4326
leaf_count=1729 207376 19897 44450 8169 162763 11847 137429 1733 28017 43353 385 3963 4797 4326
internal_value=-6.54139e-06 0.00149867 0.00119756 0.00499532 -0.00120104 0.00267743 0.00048159 -0.00317964 0.00265545 0.00349774 0.00243996 -0.00104279 -0.000533638 0.00313472
internal_weight=680234 300972 277109 23863 379262 15694 185842 3847 91267 63250 2114 48413 216499 9123
internal_count=680234 300972 277109 23863 379262 15694 185842 3847 91267 63250 2114 48413 216499 9123
is_linear=0
shrinkage=0.05


Tree=14
num_leaves=15
num_cat=0
split_feature=0 8 0 0 14 5 14 10 2 9 4 14 9 17
split_gain=446.216 136.223 133.355 124.022 92.9185 90.9639 78.0275 69.2112 67.6485 66.7427 60.7566 58.3659 54.5374 54.2629
threshold=0.30023653881641127 0.74214356255522651 0.66014348447712423 0.017311854811854818 0.50096805511822839 0.90406440401613331 0.50057636906755121 0.17828663108400053 0.34174920728318792 0.66245391260365516 0.33270129403306975 0.50057142931778531 0.64689646245450538 0.39368947416055761
decision_type=2 2 2 2 2 2 2 2 2 2 2 2 2 2
left_child=1 3 8 12 5 13 11 -6 -2 -8 -7 -5 -1 -3
right_child=2 4 -4 6 7 10 9 -9 -10 -11 -12 -13 -14 -15
leaf_value=0.014102872950273551 0.0010608577589426053 -0.0029423573821672458 -0.0017291477575669071 0.0074975493786279311 -0.0060798079048740771 0.017938480710245629 0.003097864940943558 -0.00055118242400890903 -0.00067563531432692121 0.00058010447260770526 0.0051719269724904713 0.026694668847888039 0.0036628271415427268 0.0021971956020690664
leaf_weight=3418 87179 6955 232406 2602 7007 1181 88581 29466 157252 37450 4419 467 1973 19632
leaf_count=3418 87179 6955 232406 2602 7007 1181 88581 29466 157252 37450 4419 467 1973 19632
internal_value=-3.56087e-05 0.0019267 -0.000871629 0.00285181 0.000114608 0.00207262 0.00254153 -0.00161331 -5.6296e-05 0.00234971 0.0078643 0.0104187 0.010282 0.000852719
internal_weight=679988 203151 476837 134491 68660 32187 129100 36473 244431 126031 5600 3069 5391 26587
internal_count=679988 203151 476837 134491 68660 32187 129100 36473 244431 126031 5600 3069 5391 26587
is_linear=0
shrinkage=0.05


Tree=15
num_leaves=15
num_cat=0
split_feature=0 0 8 17 3 8 5 17 0 14 14 3 14 0
split_gain=445.602 148.697 136.357 94.2471 80.7049 76.1295 74.9113 74.8166 70.072 67.1328 64.1322 57.3898 58.0762 46.0158
threshold=0.57005294537632023 0.10789727208193896 0.85300035612535619 0.50103602602228936 0.83257399642990582 0.2929013170452377 0.95887167673800078 0.45805426184667708 0.013284624514125118 0.50058651046568603 0.50064226102279974 0.7851905606622589 0.50057636906755121 0.028960471795837654
decision_type=2 2 2 2 2 2 2 2 2 2 2 2 2 2
left_child=1 2 7 6 5 -3 -4 -1 -9 -6 13 12 -2 -5
right_child=11 4 3 10 9 -7 -8 8 -10 -11 -12 -13 -14 -15
leaf_value=0.0027757324834484093 -0.006090394019063786 0.0023162912043573135 -0.0039948898671662925 0.036924500929615731 0.0088804270976273469 0.00043270556741187635 0.0053621223215317166 0.014874940376283514 0.0056718339190431769 -0.0014610168725263844 0.0032387257639703614 -0.0029118516851378406 -0.0010286104972596804 0.010204135580810996
leaf_weight=29089 5810 75453 12375 246 1618 185595 2586 2294 21023 52165 4325 57784 229766 467
leaf_count=29089 5810 75453 12375 246 1618 185595 2586 2294 21023 52165 4325 57784 229766 467
internal_value=-2.99125e-05 0.00108364 0.00312674 -0.000385723 0.00061377 0.000977135 -0.00237754 0.00446715 0.00657726 -0.00114991 0.00552923 -0.00149981 -0.00115345 0.0194232
internal_weight=680596 387236 72405 19999 314831 261048 14961 52406 23317 53783 5038 293360 235576 713
internal_count=680596 387236 72405 19999 314831 261048 14961 52406 23317 53783 5038 293360 235576 713
is_linear=0
shrinkage=0.05


Tree=16
num_leaves=15
num_cat=0
split_feature=15 15 4 15 9 14 9 14 2 15 11 11 14 6
split_gain=357.231 102.662 95.3557 72.0438 65.7413 81.5904 65.6384 53.3983 52.4256 51.7002 48.1484 47.2129 54.2988 41.2738
threshold=0.26116148370176101 0.75439701268284065 0.70272453390385559 0.0094754663981683994 0.43347971419814579 0.50112739714884202 0.30782947507361158 0.50058105772087635 0.23429446510610372 0.032929943557962894 0.13200249066002492 0.72363520850179064 0.50111234842860686 0.797720746331116
decision_type=2 2 2 2 2 2 2 2 2 2 2 2 2 2
left_child=2 8 3 13 5 -3 9 -4 -2 -5 -9 -10 -13 -1
right_child=1 4 7 6 -6 -7 -8 10 11 -11 -12 12 -14 -15
leaf_value=0.011136641658879197 0.0009184151855933494 -0.0041437890253516359 0.010259983815588524 0.011434041449548547 -0.00079894930379765465 -0.00082119833522721055 0.0017708263487629409 -0.0040476118848425738 -0.0009675761717342973 0.0038510302999109555 0.00052165328488481047 0.0017495655339049582 -0.0010296227376491152 -0.0098058995617767101
leaf_weight=3356 81096 45187 1291 2433 91550 31258 85138 6555 182879 29522 47862 40617 30980 253
leaf_count=3356 81096 45187 1291 2433 91550 31258 85138 6555 182879 29522 47862 40617 30980 253
internal_value=-1.54638e-05 -0.000693777 0.0019208 0.00271054 -0.00170278 -0.0027852 0.00249608 0.000209681 -0.000188649 0.00442839 -2.87544e-05 -0.000541446 0.000547012 0.00966852
internal_weight=679977 503567 176410 120702 167995 76445 117093 55708 335572 31955 54417 254476 71597 3609
internal_count=679977 503567 176410 120702 167995 76445 117093 55708 335572 31955 54417 254476 71597 3609
is_linear=0
shrinkage=0.05


Tree=17
num_leaves=15
num_cat=0
split_feature=1 1 1 8 5 4 8 14 17 0 3 7 6 14
split_gain=371.313 104.668 81.9724 68.5771 61.7908 59.0713 54.4406 55.0475 51.8101 53.8824 71.1373 50.9711 44.2524 52.5351
threshold=0.36487924094307078 0.040582062864671566 0.84816443392769536 0.28889969736273241 0.98572560561467071 0.48644202957316257 0.7778499278499279 0.50386106141920106 0.39153093311663079 0.028960471795837654 0.040110782526086762 0.009045682537864223 0.92891144952058669 0.50207040224957999
decision_type=2 2 2 2 2 2 2 2 2 2 2 2 2 2
left_child=1 5 4 -3 -2 11 -7 -8 -5 10 -10 -1 13 -6
right_child=2 3 -4 8 12 6 7 -9 9 -11 -12 -13 -14 -15
leaf_value=-0.01362215358517322 -0.00061189458669286734 0.0026113815015146287 -0.0021368705058301919 -0.00091924253960625878 0.010961427217358636 0.0041125378162383533 -0.0018499943150200185 -0.035998236461252463 0.024024857743824127 0.00097253107250399966 0.0041404258684541824 0.0073668585417277612 -0.0019072361842439212 -0.0056673592556341504
leaf_weight=296 323733 59288 104052 40721 2849 9961 3614 122 547 117390 2531 12693 1590 570
leaf_count=296 323733 59288 104052 40721 2849 9961 3614 122 547 117390 2531 12693 1590 570
internal_value=-3.07809e-05 0.00151536 -0.00091376 0.00115739 -0.000526627 0.00447286 0.00218203 -0.00296511 0.000622586 0.00114376 0.00767414 0.00688855 0.00498427 0.00818915
internal_weight=679957 247163 432794 220477 328742 26686 13697 3736 161189 120468 3078 12989 5009 3419
internal_count=679957 247163 432794 220477 328742 26686 13697 3736 161189 120468 3078 12989 5009 3419
is_linear=0
shrinkage=0.05


Tree=18
num_leaves=15
num_cat=0
split_feature=1 1 1 9 7 3 3 5 16 16 3 14 5 14
split_gain=381.425 92.6213 78.226 59.3563 61.6085 57.5076 48.4733 46.4048 54.1327 45.9388 45.3697 103.742 46.8551 44.2695
threshold=0.31319295916611362 0.80168333621120957 0.029084323312697145 0.61907794965119811 0.020782220089379445 0.69452073347830356 0.71803752928851894 0.95887167673800078 0.97082780725022111 0.81786027020265217 0.7851905606622589 0.50058651046568603 0.89615658168289758 0.50067888693882379
decision_type=2 2 2 2 2 2 2 2 2 2 2 2 2 2
left_child=2 10 5 4 -4 9 -3 8 13 -1 12 -12 -2 -5
right_child=1 6 3 7 -6 -7 -8 -9 -10 -11 11 -13 -14 -15
leaf_value=0.0082996940963834635 -0.00029890838864844792 -0.0013677091199943722 -0.0059302861844166129 0.0033694561011055921 0.0023034443580488223 0.0009382833192500044 -0.0034820589466079336 0.005825823002154484 -0.0076770749075725708 0.00066272648877560483 0.0086029908760463635 -0.001917784703960026 0.0021686631660617936 -0.0001789190665122672
leaf_weight=9901 243252 98114 2319 10217 111832 6389 37456 3693 2181 2458 2429 66294 20890 62931
leaf_count=9901 243252 98114 2319 10217 111832 6389 37456 3693 2181 2458 2429 66294 20890 62931
internal_value=-5.39136e-05 -0.000850199 0.00170621 0.00140694 0.00213617 0.00478979 -0.00195187 0.000353538 8.5259e-05 0.00678083 -0.000401507 -0.00154593 -0.000103757 0.000316703
internal_weight=680356 468435 211921 193173 114151 18748 135570 79022 75329 12359 332865 68723 264142 73148
internal_count=680356 468435 211921 193173 114151 18748 135570 79022 75329 12359 332865 68723 264142 73148
is_linear=0
shrinkage=0.05


Tree=19
num_leaves=15
num_cat=0
split_feature=1 15 3 14 5 8 14 8 3 14 17 17 17 14
split_gain=304.897 109.499 81.3152 74.5764 72.9017 64.8917 59.0429 69.4026 50.4078 63.1001 50.2604 48.135 47.8971 46.8319
threshold=0.52430732814502778 0.05237290862290863 0.63584360344639557 0.50058651046568603 0.89236923913681043 0.33997046131325176 0.50069300102581449 0.86475381463359879 0.85622563443199906 0.50058651046568603 0.92582125531532622 0.3406353471855656 0.46856757336585259 0.50122100304132633
decision_type=2 2 2 2 2 2 2 2 2 2 2 2 2 2
left_child=1 6 4 -4 5 -3 -1 12 -2 11 13 -10 -8 -6
right_child=8 2 3 -5 10 -7 7 -9 9 -11 -12 -13 -14 -15
leaf_value=0.0084057331844152889 -0.00085335960223020802 0.0023631575562582155 0.0066151208378389037 -0.00052937629809656774 0.006151249126073649 0.00038807677241780501 0.0021496649026324158 -0.0025101521189003608 -0.0033730697147818104 -0.0030656704456857842 0.017708142331257191 0.013469349266893423 0.0067539994622996535 0.00055768652994523868
leaf_weight=5578 280962 63109 3772 115358 9545 121947 14702 5094 716 42017 694 1041 9172 6155
leaf_count=5578 280962 63109 3772 115358 9545 121947 14702 5094 716 42017 694 1041 9172 6155
internal_value=8.0436e-06 0.00102058 0.000732365 -0.000303161 0.00134474 0.00106163 0.00369515 0.00278809 -0.00109925 -0.00267748 0.00454042 0.00660585 0.00391857 0.00395836
internal_weight=679862 355126 320580 119130 201450 185056 34546 28968 324736 43774 16394 1757 23874 15700
internal_count=679862 355126 320580 119130 201450 185056 34546 28968 324736 43774 16394 1757 23874 15700
is_linear=0
shrinkage=0.05


Tree=20
num_leaves=15
num_cat=0
split_feature=0 0 14 8 4 5 10 14 8 4 9 14 0 16
split_gain=309.647 99.1366 111.873 109.819 65.0031 56.7741 55.1655 91.7588 54.0625 49.2286 59.0175 48.4285 48.0704 45.9733
threshold=0.52205029343523968 0.13600445930880717 0.50058105772087635 0.5056519993063352 0.34832560082675529 0.88054326450344156 0.33651931956165099 0.5006891802032869 0.29661639164737802 0.75444313419949893 0.73430843004082236 0.50057142931778531 0.048312715287061207 0.8760857210394758
decision_type=2 2 2 2 2 2 2 2 2 2 2 2 2 2
left_child=1 2 11 13 5 -5 7 -2 -3 -9 -11 -1 -13 -4
right_child=6 8 3 4 -6 -7 -8 9 -10 10 -12 12 -14 -15
leaf_value=0.0083653764282157258 -0.0053325193069626289 0.0017397893486083228 0.0052120592517399516 0.0021003850762342357 -0.00055254899250350791 0.010540292016172107 -0.0005631070485806951 -0.00072074480573299795 0.00015282477118883295 -0.0036799046698113231 0.025984893106309886 0.040198401339719123 0.013863665332487743 -0.00011586761065167492
leaf_weight=1987 16861 75200 28880 19684 33294 2217 213507 73998 187413 21198 169 269 487 4709
leaf_count=1987 16861 75200 28880 19684 33294 2217 213507 73998 187413 21198 169 269 487 4709
internal_value=7.77596e-05 0.00110113 0.00251817 0.00221092 0.00083912 0.00295474 -0.00103486 -0.00193235 0.000607257 -0.00133119 -0.00344527 0.0124634 0.0232341 0.00446511
internal_weight=679873 354140 91527 88784 55195 21901 325733 112226 262613 95365 21367 2743 756 33589
internal_count=679873 354140 91527 88784 55195 21901 325733 112226 262613 95365 21367 2743 756 33589
is_linear=0
shrinkage=0.05


Tree=21
num_leaves=15
num_cat=0
split_feature=1 3 13 15 1 2 9 3 5 11 1 11 5 6
split_gain=253.288 91.8963 87.7873 87.0902 81.5783 62.4213 54.1264 50.3815 49.2216 49.1112 46.4113 43.6975 46.9558 42.2001
threshold=0.22989818714430846 0.8956572710127938 0.267486114708337 0.62858790575053558 0.009526834876263086 0.18724276737608142 0.6585748240690269 0.71803752928851894 0.98961231646691605 0.84930431603621437 0.029084323312697145 0.5973664945673115 0.98572560561467071 0.98285518322555376
decision_type=2 2 2 2 2 2 2 2 2 2 2 2 2 2
left_child=1 2 -1 5 -4 -2 9 8 -5 10 -6 -7 -13 -14
right_child=3 -3 4 7 6 11 -8 -9 -10 -11 -12 12 13 -15
leaf_value=7.4785821606243011e-05 0.0017396992337099144 -0.0013949052120973049 0.010902536437889696 -0.00081899335739454642 0.0081970154038431449 -0.00081813191815251576 0.0011371654242336871 -0.0023197706832153984 0.0076450399349998191 0.0079312533365025247 0.0027616618405840341 0.00043856091618723025 0.0099979722850351716 -0.02335006408765912
leaf_weight=34353 48627 19722 3164 182459 4238 132038 34099 69433 1734 5948 53592 88817 1848 100
leaf_count=34353 48627 19722 3164 182459 4238 132038 34099 69433 1734 5948 53592 88817 1848 100
internal_value=1.86241e-05 0.0017938 0.00225828 -0.000505813 0.00300065 0.000116659 0.00274521 -0.00117198 -0.000739313 0.00360496 0.00315999 -0.000237571 0.000606984 0.00828606
internal_weight=680172 155116 135394 525056 101041 271430 97877 253626 184193 63778 57830 222803 90765 1948
internal_count=680172 155116 135394 525056 101041 271430 97877 253626 184193 63778 57830 222803 90765 1948
is_linear=0
shrinkage=0.05


Tree=22
num_leaves=15
num_cat=0
split_feature=3 5 14 14 8 9 8 16 4 14 11 8 7 10
split_gain=104.045 108.323 95.5453 71.9423 70.4882 59.357 58.1396 55.1836 52.6369 47.8215 45.5782 38.2646 49.2014 44.0406
threshold=0.70220335383121613 0.89615658168289758 0.50058651046568603 0.50111234842860686 0.95436885146961214 0.5681378824140555 0.23367265882677998 0.13981402785980787 0.74645388089063769 0.50166389811738654 0.96187429163892524 0.93474257549753392 0.044317087055526373 0.71837422996179934
decision_type=2 2 2 2 2 2 2 2 2 2 2 2 2 2
left_child=1 6 5 4 -3 -2 9 -6 -4 -1 -9 -5 13 -13
right_child=2 3 8 11 7 -7 -8 10 -10 -11 -12 12 -14 -15
leaf_value=0.00060687509754524585 0.00052164558099182089 0.0038084198118395114 -0.00042345130027547981 0.001444776427741574 0.02818883190566282 0.009811690372720552 -0.00019203818889049074 0.0061750547235396138 -0.0020619101632996456 0.0032047251168529564 0.029579734416999428 -0.00010461471818936324 -0.0089887149801238051 0.032723930725068955
leaf_weight=85533 3749 19345 104341 14092 475 3176 330292 1651 92451 22342 238 420 1954 135
leaf_count=85533 3749 19345 104341 14092 475 3176 330292 1651 92451 22342 238 420 1954 135
internal_value=-4.43169e-05 0.000360033 -0.000990057 0.00290964 0.00480439 0.00478232 0.000137115 0.0129546 -0.00119318 0.00114492 0.00912387 0.00043188 -0.00525714 0.00788071
internal_weight=680194 476477 203717 38310 21709 6925 438167 2364 196792 107875 1889 16601 2509 555
internal_count=680194 476477 203717 38310 21709 6925 438167 2364 196792 107875 1889 16601 2509 555
is_linear=0
shrinkage=0.05


Tree=23
num_leaves=15
num_cat=0
split_feature=0 14 13 1 14 3 14 0 15 2 3 10 9 14
split_gain=233.106 85.5723 93.0619 80.7574 72.3735 72.0234 66.8875 65.5926 65.1838 64.192 60.9652 56.7619 50.8333 73.2236
threshold=0.32002570694087412 0.50058105772087635 0.16888153053715971 0.80168333621120957 0.50097943286903812 0.72561372070157637 0.50057142931778531 0.044330608252104962 0.05237290862290863 0.31408196471246258 0.013015199692265346 0.86411519711193485 0.19388671087824719 0.50065574475404206
decision_type=2 2 2 2 2 2 2 2 2 2 2 2 2 2
left_child=1 6 4 9 -3 8 11 -8 10 -2 -4 -1 13 -5
right_child=3 2 5 12 -6 -7 7 -9 -10 -11 -12 -13 -14 -15
leaf_value=0.0015476139116788663 0.00068640208145692618 0.0013491030709902848 -0.011735436437315498 -0.010868091917410141 -0.00302507385418164 8.4453096052703496e-05 0.039281198610627996 0.011397347161784047 0.0018181263590313131 -0.0007657977266934588 0.0054968787365240364 0.017009204395975211 -0.0011885741296022664 -0.0026837756981931801
leaf_weight=4001 120159 17064 528 3067 21211 51389 244 1555 101446 207521 18381 697 107439 25089
leaf_count=4001 120159 17064 528 3067 21211 51389 244 1555 101446 207521 18381 697 107439 25089
internal_value=-2.49666e-05 0.00132939 0.00115456 -0.000657939 -0.00107495 0.00165143 0.0069809 0.0151793 0.0023205 -0.000233282 0.0050157 0.00384151 -0.00168417 -0.00357528
internal_weight=679791 216516 210019 463275 38275 171744 6497 1799 120355 327680 18909 4698 135595 28156
internal_count=679791 216516 210019 463275 38275 171744 6497 1799 120355 327680 18909 4698 135595 28156
is_linear=0
shrinkage=0.05


Tree=24
num_leaves=15
num_cat=0
split_feature=0 8 0 14 5 13 0 16 4 6 0 14 13 0
split_gain=219.065 85.6117 81.4703 71.2385 93.6503 71.1026 65.1304 47.9944 47.8756 46.651 44.9448 44.2349 45.811 43.7662
threshold=0.27623717865297487 0.74630905154249694 0.017311854811854818 0.50124223794180478 0.90406440401613331 0.2280814794718756 0.61362325678934682 0.97082780725022111 0.73445155543052743 0.72274352943149578 0.0054719664645557315 0.50058105772087635 0.16520017342427787 0.10789727208193896
decision_type=2 2 2 2 2 2 2 2 2 2 2 2 2 2
left_child=1 2 -1 4 8 -5 -2 11 10 -6 -3 -4 -13 -14
right_child=6 3 7 5 9 -7 -8 -9 -10 -11 -12 12 13 -15
leaf_value=0.0081623198672486283 5.878334943956883e-05 0.015177683856201647 0.0080372061950328092 -0.006389057732363492 0.012635904399251189 -0.00034521169376181855 -0.0010922888407191764 -0.0038279761862076173 -0.0031731453265207024 0.003806128953186039 0.00084002651684782909 -0.0005425991088188174 0.003958680685330826 0.0016485296218129862
leaf_weight=5510 229936 559 3072 7262 2066 14751 263972 3497 8544 5421 24624 15761 29748 65964
leaf_count=5510 229936 559 3072 7262 2066 14751 263972 3497 8544 5421 24624 15761 29748 65964
internal_value=-4.81491e-06 0.0014538 0.00221957 -4.2592e-05 0.00118398 -0.00233905 -0.000556414 0.00194218 6.1013e-05 0.00624266 0.00115829 0.00211834 0.00195522 0.00236654
internal_weight=680687 186779 123552 63227 41214 22013 493908 118042 33727 7487 25183 114545 111473 95712
internal_count=680687 186779 123552 63227 41214 22013 493908 118042 33727 7487 25183 114545 111473 95712
is_linear=0
shrinkage=0.05


Tree=25
num_leaves=15
num_cat=0
split_feature=15 8 0 3 0 4 17 13 17 9 10 6 7 5
split_gain=198.663 99.5755 74.2465 72.9385 78.6786 51.3694 46.1275 45.6468 41.9321 39.4711 38.5605 38.3165 37.3771 35.6369
threshold=0.21015964051560612 0.85300035612535619 0.017311854811854818 0.86012215428969097 0.57005294537632023 0.24233556060631956 0.4758550330353673 0.33026818303527394 0.39153093311663079 0.66245391260365516 0.19025852952635389 0.057330211275926156 0.012994048205315812 0.98961231646691605
decision_type=2 2 2 2 2 2 2 2 2 2 2 2 2 2
left_child=1 2 6 4 11 -3 -1 -4 -9 -10 -6 -2 -11 -13
right_child=3 5 7 -5 10 -7 -8 8 9 12 -12 13 -14 -15
leaf_value=0.0042838268294463347 -0.0024870556919249377 0.0019020796172185125 0.00040952563445198785 -0.0019211121482886574 -0.0020552839706533617 -0.0029399440014363904 0.012893974947261605 0.00059823429022480242 0.0041328935360882271 -0.026072765087648747 -0.00050168282817658052 0.00058592797108134172 0.0014777522865916841 0.0067259886177997641
leaf_weight=4404 10168 8377 33676 72389 49421 15826 2405 19341 40844 124 208181 196061 17110 2392
leaf_count=4404 10168 8377 33676 72389 49421 15826 2405 19341 40844 124 208181 196061 17110 2392
internal_value=-5.73746e-06 0.00165719 0.00225686 -0.000444484 -0.000215213 -0.00126405 0.00732501 0.00194623 0.00261468 0.00328619 -0.000799742 0.000506554 0.00127952 0.000659936
internal_weight=680719 142107 117904 538612 466223 24203 6809 111095 77419 58078 257602 208621 17234 198453
internal_count=680719 142107 117904 538612 466223 24203 6809 111095 77419 58078 257602 208621 17234 198453
is_linear=0
shrinkage=0.05


Tree=26
num_leaves=15
num_cat=0
split_feature=15 3 0 16 14 8 5 10 8 17 10 6 6 14
split_gain=163.204 80.0841 92.4299 56.2924 55.9439 54.6116 55.8682 54.9194 50.11 46.7137 43.7247 56.4795 45.0496 38.7353
threshold=0.50676027223894049 0.70220335383121613 0.075909999759100011 0.90320525991370471 0.50063613334520363 0.50959196191255085 0.86503746131711823 0.87567087513801567 0.33214602892666839 0.46704589528118945 0.27429563492063497 0.46176053991001503 0.61930539074212443 0.50058651046568603
decision_type=2 2 2 2 2 2 2 2 2 2 2 2 2 2
left_child=1 2 4 13 10 -6 9 -8 -4 -7 11 -1 -13 -3
right_child=-2 3 8 -5 5 6 7 -9 -10 -11 -12 12 -14 -15
leaf_value=0.010345904815282364 -0.00076445455440466499 0.0057633130826206767 0.0020011017458339184 -0.003578953795718496 0.0060748383973078966 -0.0025612500282343742 0.0048937867052605459 0.023846430489462726 0.00034698227713590366 0.00293828940541685 0.0067044738424958507 0.064767039212442576 0.023340295905513425 -0.00012505320746828316
leaf_weight=456 336782 2881 69074 12016 10520 7498 3260 433 135803 7961 1775 105 175 91343
leaf_count=456 336782 2881 69074 12016 10520 7498 3260 433 135803 7961 1775 105 175 91343
internal_value=1.75637e-05 0.000784734 0.00129597 -0.000356018 0.00378701 0.00318057 0.00159079 0.00711596 0.000904666 0.000270876 0.0109531 0.0211995 0.0388753 5.49899e-05
internal_weight=680082 343300 237060 106240 32183 29672 19152 3693 204877 15459 2511 736 280 94224
internal_count=680082 343300 237060 106240 32183 29672 19152 3693 204877 15459 2511 736 280 94224
is_linear=0
shrinkage=0.05


Tree=27
num_leaves=15
num_cat=0
split_feature=15 16 0 8 3 8 14 3 5 14 0 5 2 9
split_gain=194.827 78.0763 95.5011 55.8774 61.4065 53.0176 50.4707 38.243 36.6208 42.7094 35.9827 33.1803 33.4447 34.5597
threshold=0.518372520110706 0.84518297474672399 0.044330608252104962 0.4980314655506472 0.75315658578579869 0.6515262434003285 0.5006958945610781 0.69452073347830356 0.99368254760123065 0.5017513188565822 0.21345930751383188 0.98961231646691605 0.22239154151482096 0.42953782794386824
decision_type=2 2 2 2 2 2 2 2 2 2 2 2 2 2
left_child=1 2 3 -1 6 10 -5 8 -3 -10 -4 12 -2 -14
right_child=11 7 5 4 -6 -7 -8 -9 9 -11 -12 -13 13 -15
leaf_value=0.0078969509285359615 -6.8305080040259567e-05 -0.00010553037595709652 0.0024781485303641921 0.011993895896532157 -0.0021156522737857722 -6.3031882344357097e-05 0.0030549857649278564 -0.0026645793807193573 0.021878328384269799 -0.011635914271492071 0.00094523946229053209 0.0034735764908633976 -0.0019117595761201707 -0.0006917857510524997
leaf_weight=7318 87294 37198 55079 1947 4774 91793 8357 19217 378 127 125537 4385 101348 135883
leaf_count=7318 87294 37198 55079 1947 4774 91793 8357 19217 378 127 125537 4385 101348 135883
internal_value=2.80893e-05 0.000846128 0.00117346 0.00431204 0.00257213 0.000915427 0.00474404 -0.000849236 7.60345e-05 0.01345 0.0014127 -0.000846693 -0.000905069 -0.00121297
internal_weight=680635 351725 294805 22396 15078 272409 10304 56920 37703 505 180616 328910 324525 237231
internal_count=680635 351725 294805 22396 15078 272409 10304 56920 37703 505 180616 328910 324525 237231
is_linear=0
shrinkage=0.05


Tree=28
num_leaves=15
num_cat=0
split_feature=0 14 3 14 0 5 14 2 10 10 7 0 8 9
split_gain=142.479 74.2574 71.8911 67.9264 63.2205 63.0357 62.0549 57.2186 60.1993 54.5634 48.6948 60.6539 46.0923 44.3503
threshold=0.30023653881641127 0.50058105772087635 0.61614540030322307 0.50057142931778531 0.044330608252104962 0.89236923913681043 0.50099304963867597 0.29841059323817948 0.013183192425367056 0.87567087513801567 0.091507602156689391 0.0054719664645557315 0.67905735970804482 0.26460760030347669
decision_type=2 2 2 2 2 2 2 2 2 2 2 2 2 2
left_child=1 3 5 9 -5 10 -7 -2 -9 -1 11 -3 -4 -12
right_child=7 2 12 4 -6 6 -8 8 -10 -11 13 -13 -14 -15
leaf_value=0.0011107481316328487 0.00028758151731564889 0.018800589476263896 0.00077736347885658675 0.03810865461943657 0.011021575251137228 0.0090366373369729826 0.001974318172001856 -0.0068207570383363378 -0.00078099491744327806 0.017231795350419004 0.0039479554222549736 -0.0014109011395166118 -0.0016718395827751951 0.001226104199721147
leaf_weight=3839 166046 379 48040 254 1418 5552 7073 4182 306159 608 19326 18024 32009 66339
leaf_count=3839 166046 379 48040 254 1418 5552 7073 4182 306159 608 19326 18024 32009 66339
internal_value=1.09922e-05 0.00112071 0.000952 0.00654507 0.0151365 0.00174362 0.00508006 -0.00046156 -0.000862384 0.00331484 0.00133886 -0.000994656 -0.000201993 0.00184015
internal_weight=679248 202861 196742 6119 1672 116693 12625 476387 310341 4447 104068 18403 80049 85665
internal_count=679248 202861 196742 6119 1672 116693 12625 476387 310341 4447 104068 18403 80049 85665
is_linear=0
shrinkage=0.05


Tree=29
num_leaves=15
num_cat=0
split_feature=15 3 16 14 8 15 6 14 9 8 17 14 16 4
split_gain=132.206 89.1101 79.5415 73.4364 61.1903 55.5147 52.9495 46.8314 43.8863 41.5865 44.8444 52.7042 37.0501 36.1637
threshold=0.62457904822378196 0.8205294921809877 0.84129042257777142 0.50058651046568603 0.99369615437600023 0.0094754663981683994 0.07101020495669326 0.50100908276311518 0.24541866220286532 0.98592374882353917 0.24516317016317019 0.50103412726930519 0.028928218722386823 0.1311717512058368
decision_type=2 2 2 2 2 2 2 2 2 2 2 2 2 2
left_child=1 2 5 -3 -5 -1 7 -7 -8 -2 -11 -12 -13 -4
right_child=9 3 13 4 -6 6 8 -9 -10 10 11 12 -14 -15
leaf_value=0.0075644528860010609 -0.00099072222841381659 0.0076123294875797901 0.0044682492187532461 -0.0010928744059489378 -0.0137957206854162 -0.0037124718862104836 0.0024565164431676915 0.00088901953377489961 0.00095904720493276887 -0.020766213892641439 0.01127907597934644 0.018113088713102198 -0.0029595659880085326 -0.0012014282090552289
leaf_weight=3390 252387 2410 2977 76006 960 10177 64771 12108 200024 173 1868 237 1740 50907
leaf_count=3390 252387 2410 2977 76006 960 10177 64771 12108 200024 173 1868 237 1740 50907
internal_value=-1.42301e-05 0.000528042 0.000876163 -0.000982201 -0.00125132 0.00120346 0.00112835 -0.00121237 0.00132534 -0.000910378 0.00413637 0.00525682 -0.000433406 -0.000888188
internal_weight=680135 423730 344354 79376 76966 290470 287080 22285 264795 256405 4018 3845 1977 53884
internal_count=680135 423730 344354 79376 76966 290470 287080 22285 264795 256405 4018 3845 1977 53884
is_linear=0
shrinkage=0.05


Tree=30
num_leaves=15
num_cat=0
split_feature=0 9 5 3 11 3 0 17 17 16 17 7 2 5
split_gain=124.334 55.3487 54.5939 50.9435 52.6334 46.6726 46.045 42.3025 52.6732 46.0711 45.0279 40.5353 39.1728 38.1413
threshold=0.24894956128736123 0.29977502100478809 0.8883116532628057 0.72963566172035244 0.96611417588178039 0.005249347850048376 0.017311854811854818 0.47884860778542054 0.91738756267305266 0.45163264500335615 0.49158956511897695 0.07200654664484453 0.96612928207834226 0.77061393784872345
decision_type=2 2 2 2 2 2 2 2 2 2 2 2 2 2
left_child=1 5 7 4 13 -1 -7 -3 9 12 -11 -10 -9 -2
right_child=3 2 -4 -5 -6 6 -8 8 11 10 -12 -13 -14 -15
leaf_value=-0.023757608688858012 -0.00042878568138155095 -0.00052321462953080523 0.0030629546823427631 -0.0012248816251155868 0.0032156515122274661 0.010546360437922231 0.0025207759431065744 0.0030530189034107288 -0.010523222161187394 0.0036662203173841849 -0.0027656294403010134 -0.00042370511748614985 0.012059179690841462 0.00090237007990689371
leaf_weight=165 302003 68610 20079 132663 11695 1873 39007 21010 1395 4390 7158 3452 1281 65479
leaf_count=165 302003 68610 20079 132663 11695 1873 39007 21010 1395 4390 7158 3452 1281 65479
internal_value=6.19526e-06 0.00118461 0.000670075 -0.00038156 -8.65064e-05 0.00278137 0.00288848 0.00022228 0.00154442 0.00224268 -0.000320546 -0.00333042 0.00357058 -0.000191597
internal_weight=680260 168420 127375 511840 379177 41045 40880 107296 38686 33839 11548 4847 22291 367482
internal_count=680260 168420 127375 511840 379177 41045 40880 107296 38686 33839 11548 4847 22291 367482
is_linear=0
shrinkage=0.05


Tree=31
num_leaves=15
num_cat=0
split_feature=0 8 0 14 5 8 17 6 11 9 14 0 5 9
split_gain=123.586 91.5497 80.8584 72.6298 90.9849 59.9016 56.1205 51.3085 57.4466 48.5761 48.3956 44.5059 37.9687 37.5844
threshold=0.53805403281632969 0.6396083928371753 0.08371068538059627 0.5016313257116094 0.97423095439679941 0.92706750253292813 0.44875374515869737 0.96143717728055089 0.32118406995051735 0.41370858384034759 0.50073260112579066 0.021235180279202601 0.95887167673800078 0.60325456471300332
decision_type=2 2 2 2 2 2 2 2 2 2 2 2 2 2
left_child=1 2 13 4 6 -5 -3 8 10 -10 -6 -7 -8 -1
right_child=-2 3 -4 5 7 11 12 -9 9 -11 -12 -13 -14 -15
leaf_value=0.0052587060471482698 -0.00071553011417937399 -0.0012471705799035539 0.00093042254801498948 -0.0012632585524723213 0.016906984010538986 -0.021057887090783982 0.00083399360311447058 -0.0060825816439773923 -0.0022877367529305615 0.012918730474469096 -0.0055129139212732907 -0.0053942887450439212 0.01003056177691667 0.0012610777613357889
leaf_weight=17223 315082 53386 192046 24114 304 486 54297 768 616 3562 1156 6781 1146 8927
leaf_count=17223 315082 53386 192046 24114 304 486 54297 768 616 3562 1156 6781 1146 8927
internal_value=9.83411e-06 0.000636319 0.0012856 -0.000329947 0.000250788 -0.00246248 -9.00778e-05 0.00604162 0.00769317 0.0106767 -0.000844661 -0.00644183 0.00102409 0.00389401
internal_weight=679894 364812 218196 146616 115235 31381 108829 6406 5638 4178 1460 7267 55443 26150
internal_count=679894 364812 218196 146616 115235 31381 108829 6406 5638 4178 1460 7267 55443 26150
is_linear=0
shrinkage=0.05


Tree=32
num_leaves=15
num_cat=0
split_feature=0 8 2 14 16 14 0 8 10 14 14 17 17 14
split_gain=110.283 69.3283 57.3375 54.8665 61.114 79.7745 49.1568 49.0335 48.1395 68.9324 45.4778 38.9477 150.268 47.2778
threshold=0.22541293618709857 0.74214356255522651 0.16765142258683891 0.5006958945610781 0.19905584691497427 0.50066006629418314 0.021235180279202601 0.97043672864028829 0.18629002386802235 0.5007168462465007 0.50221730580137669 0.36192463686096971 0.3406353471855656 0.5005112479782704
decision_type=2 2 2 2 2 2 2 2 2 2 2 2 2 2
left_child=1 6 -2 4 5 -3 -1 -7 9 -4 -11 12 -6 -13
right_child=2 3 8 -5 11 7 -8 -9 -10 10 -12 13 -14 -15
leaf_value=0.0060710133889017217 0.0007279192055670361 0.0036389889668629496 -0.0047485285133781205 -0.00099417412507401756 -0.00021726314191533602 0.014994113669949023 0.0016769893828701681 0.042398216514693693 -0.00033362560675035226 -0.0015427342904889537 0.0021155864085529957 -0.019996653665709477 -0.045613146502028204 0.0034637982700606498
leaf_weight=6843 101852 2114 14980 44442 1301 721 91122 211 344381 56809 9989 224 212 5198
leaf_count=6843 101852 2114 14980 44442 1301 721 91122 211 344381 56809 9989 224 212 5198
internal_value=4.11253e-06 0.00118903 -0.000337864 -0.00024182 0.00310816 0.00901169 0.00198392 0.0211983 -0.000592586 -0.00168311 -0.000995668 0.000515202 -0.00657809 0.00249457
internal_weight=680399 152388 528011 54423 9981 3046 97965 932 426159 81778 66798 6935 1513 5422
internal_count=680399 152388 528011 54423 9981 3046 97965 932 426159 81778 66798 6935 1513 5422
is_linear=0
shrinkage=0.05


Tree=33
num_leaves=15
num_cat=0
split_feature=1 8 0 5 9 14 6 1 2 7 0 6 3 10
split_gain=116.79 71.0538 75.9306 61.594 46.2083 42.0305 51.9995 48.7448 50.2548 41.1243 43.6484 45.3578 39.861 41.5616
threshold=0.63750881523272229 0.72647565130728209 0.017311854811854818 0.9626284610281538 0.90005202913631643 0.50136054673616881 0.96994335208243199 0.040582062864671566 0.89207349365686928 0.024669500902684761 0.24894956128736123 0.90775803389101861 0.20681287440349275 0.765971920683167
decision_type=2 2 2 2 2 2 2 2 2 2 2 2 2 2
left_child=1 2 -1 12 9 6 -5 8 -7 -4 11 -11 13 -3
right_child=-2 3 4 5 -6 7 -8 -9 -10 10 -12 -13 -14 -15
leaf_value=0.0068495813859672551 -0.00088401934638679923 -0.00024665432984305973 -0.0038297887185453662 0.0072262662977953728 -0.0012384350540366985 -0.001316312536823027 -0.010751934246148724 0.00058483512899768831 -0.046323155149873188 0.0022958866645125873 0.00060336975181183271 -0.0016808011586127256 -0.0014220305817151042 0.0043045856502437916
leaf_weight=5240 247654 24646 4397 5490 25958 132 434 2912 117 81957 184023 7858 83275 6298
leaf_count=5240 247654 24646 4397 5490 25958 132 434 2912 117 81957 184023 7858 83275 6298
internal_value=-1.80909e-05 0.000477477 0.00088192 -0.000537477 0.000779121 0.00342491 0.00590916 -0.00123079 -0.0224641 0.00096735 0.00104438 0.00194796 -0.000852646 0.000679655
internal_weight=680391 432737 309433 123304 304193 9085 5924 3161 249 278235 273838 89815 114219 30944
internal_count=680391 432737 309433 123304 304193 9085 5924 3161 249 278235 273838 89815 114219 30944
is_linear=0
shrinkage=0.05


Tree=34
num_leaves=15
num_cat=0
split_feature=15 4 14 5 13 1 14 8 4 17 14 14 15 5
split_gain=89.3447 52.0141 55.0236 48.5393 40.9104 42.4599 40.1297 42.3283 60.664 34.2817 45.2613 38.537 35.1586 44.6288
threshold=0.51066537031449322 0.64801091405184186 0.50057636906755121 0.88054326450344156 0.12947582987858319 0.22989818714430846 0.50064557806118204 0.97043672864028829 0.021113095920942661 0.309860052137439 0.5005112479782704 0.50058105772087635 0.84399463520628382 0.66053629968825855
decision_type=2 2 2 2 2 2 2 2 2 2 2 2 2 2
left_child=1 3 -3 4 6 -6 -1 -8 -9 10 -2 -12 13 -11
right_child=9 2 -4 -5 5 -7 7 8 -10 12 11 -13 -14 -15
leaf_value=0.0054810704852685252 0.022855329059955163 0.0066011901171615026 -0.0004055048381021446 0.0038572896932878974 0.001937149975570696 0.00041255581298375746 -0.0025233647258953566 0.02944710071625499 0.0017177456743803208 -0.00055811154369862716 -0.013021278541858423 -0.0021034387764558749 -0.0012023653947320183 0.0010094688540147583
leaf_weight=2032 178 2868 121696 14234 81196 104369 18422 240 1107 141362 834 26175 98181 66888
leaf_count=2032 178 2868 121696 14234 81196 104369 18422 240 1107 141362 834 26175 98181 66888
internal_value=1.05674e-05 0.000573302 -0.000244181 0.00103282 0.000838941 0.00107966 -0.00120999 -0.00189775 0.00665839 -0.000573329 -0.00227495 -0.00244057 -0.000422359 -5.4619e-05
internal_weight=679782 346164 124564 221600 207366 185565 21801 19769 1347 333618 27187 27009 306431 208250
internal_count=679782 346164 124564 221600 207366 185565 21801 19769 1347 333618 27187 27009 306431 208250
is_linear=0
shrinkage=0.05


Tree=35
num_leaves=15
num_cat=0
split_feature=0 3 5 14 14 6 7 5 3 17 0 13 0 2
split_gain=86.9382 59.4095 84.0313 78.5307 75.0904 56.9579 52.8892 52.6316 51.9711 48.6096 53.0096 47.6333 42.5347 45.0936
threshold=0.71543174340180771 0.70220335383121613 0.84949590772909234 0.50099304963867597 0.50058651046568603 0.525435385727275 0.091507602156689391 0.98961231646691605 0.024434942980157495 0.91738756267305266 0.0054719664645557315 0.23221909140042876 0.23306762364498648 0.98963346766455584
decision_type=2 2 2 2 2 2 2 2 2 2 2 2 2 2
left_child=1 2 6 5 11 8 9 -7 -4 10 -1 -3 -8 -14
right_child=-2 4 3 -5 -6 7 12 -9 -10 -11 -12 -13 13 -15
leaf_value=0.019472720977608805 -0.00091207799541825289 0.013696203521051867 0.035554959991122043 0.00075167142313998939 -0.00069735272111978437 0.003522931339618552 0.0016796876041485305 0.014215219916816955 0.010293279562699126 -0.0060174179971417751 -0.00085148776867418588 0.00254946592631939 0.00021369509243770272 0.014791854024213508
leaf_weight=324 194573 1339 236 22412 143932 17095 73504 1234 1483 4840 32729 3372 182751 532
leaf_count=324 194573 1339 236 22412 143932 17095 73504 1234 1483 4840 32729 3372 182751 532
internal_value=-1.90049e-05 0.000338702 0.000705852 0.00278541 -0.000494038 0.00505896 0.000406212 0.00424279 0.0137614 -0.00133754 -0.000652261 0.00571769 0.000663531 0.00025601
internal_weight=680356 485783 337140 42460 148643 20048 294680 18329 1719 37893 33053 4711 256787 183283
internal_count=680356 485783 337140 42460 148643 20048 294680 18329 1719 37893 33053 4711 256787 183283
is_linear=0
shrinkage=0.05


Tree=36
num_leaves=15
num_cat=0
split_feature=1 16 6 3 1 8 14 14 9 14 13 14 3 14
split_gain=72.7258 60.8642 60.6707 59.3919 58.3157 57.4028 48.4709 47.6279 43.261 73.5901 39.3011 38.6922 38.3281 36.8678
threshold=0.76655601842183374 0.81389740967961843 0.094607130321416058 0.67498443337484448 0.029084323312697145 0.98225508075414281 0.50136054673616881 0.50102354252573011 0.19388671087824719 0.50135318245074345 0.42455880826326176 0.50063816235306391 0.11595420777006456 0.50058651046568603
decision_type=2 2 2 2 2 2 2 2 2 2 2 2 2 2
left_child=1 2 7 4 5 -4 13 -1 9 11 -9 -2 -10 -5
right_child=8 -3 3 6 -6 -7 -8 10 12 -11 -12 -13 -14 -15
leaf_value=-0.0031232385773554937 -0.0095730776563924813 -0.00084600458055628591 0.0059903651881040021 0.0050200088877585588 0.0010477823487141048 -0.023290932885431062 -0.001527588600943156 -0.0022009158457087946 0.0019015980849799179 0.0010300792506126328 0.0021614026276858718 -0.0033342474159213965 -0.00083660085567114793 0.00030047077807163268
leaf_weight=19088 2829 98523 7897 4341 239252 171 41901 8931 14426 10033 12238 20448 111999 88476
leaf_count=19088 2829 98523 7897 4341 239252 171 41901 8931 14426 10033 12238 20448 111999 88476
internal_value=-1.32077e-05 0.000273039 0.000534116 0.000728661 0.00118877 0.00536975 -0.000116029 -0.00131211 -0.000946519 -0.00254957 0.000320982 -0.00409249 -0.000524153 0.000521201
internal_weight=680553 520818 422295 382038 247320 8068 134718 40257 159735 33310 21169 23277 126425 92817
internal_count=680553 520818 422295 382038 247320 8068 134718 40257 159735 33310 21169 23277 126425 92817
is_linear=0
shrinkage=0.05


Tree=37
num_leaves=15
num_cat=0
split_feature=0 8 14 3 0 5 2 3 17 17 2 17 14 3
split_gain=88.8956 55.4025 69.2692 86.5134 65.6605 58.1082 55.4284 50.2151 44.6219 44.4721 41.4898 38.7091 47.0021 58.2072
threshold=0.33579608725081339 0.85300035612535619 0.50096805511822839 0.072574792827379567 0.036769905982194866 0.99368254760123065 0.97028327785264801 0.93909128080340676 0.43738535195923051 0.47146158925819948 0.23812276355628959 0.43564324076999345 0.50150376279894371 0.8008705371943885
decision_type=2 2 2 2 2 2 2 2 2 2 2 2 2 2
left_child=1 4 3 6 9 -5 -3 -6 -9 -1 -2 -4 13 -13
right_child=10 2 11 5 7 -7 -8 8 -10 -11 -12 12 -14 -15
leaf_value=0.0022592570914476912 0.00038597409294478238 0.0047221289742978767 -0.0048003301197535962 -0.00055235647037702514 0.0011793176091869193 0.015139375535664379 0.018833454771917515 -0.0046867017625007498 0.0019044229258864146 0.0077271991575032332 -0.00067275436951214247 -0.00034711411562153316 -0.0038822934037432166 0.010547273653820723
leaf_weight=9899 129728 2632 10599 17974 153458 610 946 7093 4025 5956 322775 5838 6525 1552
leaf_count=9899 129728 2632 10599 17974 153458 610 946 7093 4025 5956 322775 5838 6525 1552
internal_value=3.58934e-05 0.000843083 -0.000692341 0.00133346 0.00124028 -3.72921e-05 0.00845307 0.000944234 -0.00230055 0.00431331 -0.000369228 -0.00252377 -0.000789727 0.00194085
internal_weight=679610 227107 46676 22162 180431 18584 3578 164576 11118 15855 452503 24514 13915 7390
internal_count=679610 227107 46676 22162 180431 18584 3578 164576 11118 15855 452503 24514 13915 7390
is_linear=0
shrinkage=0.05


Tree=38
num_leaves=15
num_cat=0
split_feature=4 14 5 14 8 3 15 14 3 11 14 17 6 5
split_gain=68.5649 91.1251 73.6838 85.6342 85.7915 56.306 55.2934 64.5978 47.7129 46.2156 41.41 45.918 43.257 37.9402
threshold=0.64801091405184186 0.50057142931778531 0.79791303716608608 0.50098522263119494 0.95436885146961214 0.040110782526086762 0.45496015646131127 0.50057636906755121 0.72963566172035244 0.6679365125436586 0.50136054673616881 0.42408128584578353 0.85502375800883279 0.9312540531776915
decision_type=2 2 2 2 2 2 2 2 2 2 2 2 2 2
left_child=2 13 6 4 -4 -6 -1 -8 9 -3 11 -10 -13 -2
right_child=1 8 3 -5 5 -7 7 -9 10 -11 -12 12 -14 -15
leaf_value=0.00083551066895887021 0.0041911618863830326 -0.00081793270299975298 0.0034075100847333565 0.00025314301683861096 0.031970244641508015 0.010232556066650687 -0.0059003720031033961 -0.00023218858551846738 -0.0019924016754522072 0.0012005197677433567 -0.0029482564366758498 -0.00097082727248176735 0.0026952002644377725 0.016670516835382353
leaf_weight=172192 4600 81602 23534 28366 366 1601 5151 208044 41211 43464 35538 20053 13439 702
leaf_count=172192 4600 81602 23534 28366 366 1601 5151 208044 41211 43464 35538 20053 13439 702
internal_value=3.9584e-05 -0.000638857 0.000411212 0.00214336 0.00424594 0.0142773 0.000169103 -0.000369137 -0.000784918 -0.000116463 -0.00154327 -0.000874879 0.000500203 0.00584346
internal_weight=679863 240609 439254 53867 25501 1967 385387 213195 235307 125066 110241 74703 33492 5302
internal_count=679863 240609 439254 53867 25501 1967 385387 213195 235307 125066 110241 74703 33492 5302
is_linear=0
shrinkage=0.05


Tree=39
num_leaves=15
num_cat=0
split_feature=15 16 5 14 15 9 4 16 13 5 14 11 3 6
split_gain=72.8655 64.4753 71.5969 61.5107 51.9095 60.8268 45.0078 38.3567 37.614 35.6559 42.2235 41.5772 35.2559 45.062
threshold=0.81694778735904494 0.87252435949319807 0.89615658168289758 0.50072621679549068 0.08002254791431794 0.59535269389486689 0.75444313419949893 0.16732805274291504 0.26351819919781089 0.98961231646691605 0.50069300102581449 0.92709158742736408 0.83257399642990582 0.090862708719851595
decision_type=2 2 2 2 2 2 2 2 2 2 2 2 2 2
left_child=1 2 4 -4 5 8 -5 -7 -1 -3 -11 -12 13 -6
right_child=-2 9 3 6 12 7 -8 -9 -10 10 11 -13 -14 -15
leaf_value=-0.00029882916801674621 -0.0010978521346373532 -0.0013699923675183137 0.0064060759576048095 0.0032473904912979005 -0.0013722481269242415 0.0038877331400264965 -0.00042941419542707961 -0.0013306368183840405 0.0048327185861247899 0.021572553970773154 -0.00065437928707136024 0.018854209938544957 -0.0010541184836827201 0.00047754982794127469
leaf_weight=4506 125480 69545 7892 17489 36903 4625 15881 14757 17210 323 1864 320 58097 305281
leaf_count=4506 125480 69545 7892 17489 36903 4625 15881 14757 17210 323 1864 320 58097 305281
internal_value=-9.77315e-06 0.000236367 0.000444649 0.0024364 0.000258451 0.00195068 0.00149758 -8.54113e-05 0.00376794 -0.00115881 0.00469945 0.00220402 8.47047e-05 0.000278057
internal_weight=680173 554693 482641 41262 441379 41098 33370 19382 21716 72052 2507 2184 400281 342184
internal_count=680173 554693 482641 41262 441379 41098 33370 19382 21716 72052 2507 2184 400281 342184
is_linear=0
shrinkage=0.05


Tree=40
num_leaves=15
num_cat=0
split_feature=0 13 14 0 14 2 3 14 4 6 6 0 10 14
split_gain=72.1565 51.3149 99.2712 59.295 42.69 55.5405 40.2115 37.3573 47.6067 52.5048 36.244 34.7683 34.1641 61.5079
threshold=0.57005294537632023 0.12947582987858319 0.50063011997293716 0.056275059503841797 0.50063411566398397 0.84860834440017718 0.8205294921809877 0.50086580151481541 0.072028029484952363 0.4063232879119914 0.0501350850144721 0.11181905647279475 0.41476891397193416 0.50066006629418314
decision_type=2 2 2 2 2 2 2 2 2 2 2 2 2 2
left_child=1 2 -1 -3 5 -4 -5 8 10 -10 -6 -12 13 -2
right_child=12 3 4 6 7 -7 -8 -9 9 -11 11 -13 -14 -15
leaf_value=0.0071596643644291566 -0.0044218772176193117 0.0027721390760303186 -0.0012634090182287105 0.00071813618307910718 -0.0076163414479498079 -0.050943202326203342 -0.00076599640395321042 -0.002535276903043985 -0.0052707493628589043 0.0017427119900311043 0.022011280462893964 0.0058521962264168424 -0.00013771548734990371 -0.000843606440648876
leaf_weight=3406 13458 30164 127 251796 299 101 55744 31462 3955 8204 511 955 168375 111580
leaf_count=3406 13458 30164 127 251796 299 101 55744 31462 3955 8204 511 955 168375 111580
internal_value=-1.14068e-05 0.000437182 -0.00107454 0.000656619 -0.00168939 -0.0232707 0.000449126 -0.00158098 0.000575318 -0.000538581 0.00824891 0.0114847 -0.000602656 -0.00122874
internal_weight=680137 386724 49020 337704 45614 228 307540 45386 13924 12159 1765 1466 293413 125038
internal_count=680137 386724 49020 337704 45614 228 307540 45386 13924 12159 1765 1466 293413 125038
is_linear=0
shrinkage=0.05


Tree=41
num_leaves=15
num_cat=0
split_feature=16 15 9 5 6 17 17 9 7 1 6 1 15 17
split_gain=72.2075 70.0183 59.0541 42.0031 48.4465 46.5313 40.4454 39.1565 40.824 38.6778 40.6762 30.351 30.1073 29.9969
threshold=0.84932518564982507 0.13560321394307648 0.31181065244718387 0.98572560561467071 0.96143717728055089 0.35483270918270093 0.28739580206433146 0.72634135614904849 0.08766184573918083 0.87963650872269017 0.090862708719851595 0.77447811832084834 0.33214916708732967 0.30567033976124891
decision_type=2 2 2 2 2 2 2 2 2 2 2 2 2 2
left_child=1 2 -1 6 7 13 -2 -5 -9 10 -3 -7 -10 -6
right_child=3 9 -4 4 5 11 -8 8 12 -11 -12 -13 -14 -15
leaf_value=0.0039670331529352357 -0.0040511216706711995 -0.0013666807483970506 0.00080739688948235479 0.0022509525424949592 -0.0090583168742947844 -0.0033593704615854643 -0.0010298438344787054 0.030366021868127938 0.020110062465917868 -0.0010697626654161631 0.00034520524645997809 0.025988391450586734 0.0020618018532609582 -0.035817815971232549
leaf_weight=20136 12709 38065 55682 2241 384 269 86270 273 361 70465 392544 131 642 144
leaf_count=20136 12709 38065 55682 2241 384 269 86270 273 361 70465 392544 131 642 144
internal_value=1.2339e-05 0.000230446 0.00164654 -0.00120425 0.00355059 -0.00661137 -0.00141778 0.00623194 0.0132236 1.61747e-05 0.000193878 0.00625202 0.00855774 -0.0163564
internal_weight=680316 576892 75818 103424 4445 928 98979 3517 1276 501074 430609 400 1003 528
internal_count=680316 576892 75818 103424 4445 928 98979 3517 1276 501074 430609 400 1003 528
is_linear=0
shrinkage=0.05


Tree=42
num_leaves=15
num_cat=0
split_feature=0 2 10 13 17 0 17 9 8 7 4 0 17 16
split_gain=62.7427 58.9003 54.8116 52.8366 47.5867 47.9617 49.9349 42.8056 38.7442 41.7246 37.3341 38.1938 35.0852 31.9521
threshold=0.22541293618709857 0.23812276355628959 0.20239893540497775 0.11768596327419857 0.39153093311663079 0.044330608252104962 0.39766720219740359 0.63110423629931633 0.73030239969696908 0.85615643772049721 0.80494166327499672 0.0094861719359289731 0.37607959198868296 0.013482282432004323
decision_type=2 2 2 2 2 2 2 2 2 2 2 2 2 2
left_child=3 -2 -3 13 10 6 -6 -7 -8 -10 11 12 -5 -1
right_child=1 2 -4 4 5 7 8 -9 9 -11 -12 -13 -14 -15
leaf_value=0.0086143335435756915 0.00067425996115208844 -0.0016618453620359656 -0.00020304483364841036 0.017826229204600228 0.023173874024782486 0.002297822743238353 0.0059392513378468889 -6.4317928245401226e-05 0.0030997090920460691 -0.0059153147133251451 -0.0027664338773566131 0.00047613587921239579 -0.011674717245282741 -0.0017649191833244366
leaf_weight=770 143287 81798 302569 558 341 48473 9839 31736 6136 1623 10510 22156 123 20028
leaf_count=770 143287 81798 302569 558 341 48473 9839 31736 6136 1623 10510 22156 123 20028
internal_value=6.70807e-05 -0.000190955 -0.000513495 0.000961104 0.00133149 0.00188592 0.00422308 0.0013632 0.00385587 0.00121398 -0.000300324 0.000834624 0.0124979 -0.00138065
internal_weight=679947 527654 384367 152293 131495 98148 17939 80209 17598 7759 33347 22837 681 20798
internal_count=679947 527654 384367 152293 131495 98148 17939 80209 17598 7759 33347 22837 681 20798
is_linear=0
shrinkage=0.05


Tree=43
num_leaves=15
num_cat=0
split_feature=15 8 14 4 4 2 11 0 0 13 14 0 0 10
split_gain=49.9862 61.8588 64.3949 49.4058 48.0506 49.4173 47.038 44.3838 41.4488 62.6002 38.971 35.1521 33.3284 32.3826
threshold=0.59391316981920228 0.86073787520596035 0.50150376279894371 0.084138505103310945 0.98973983006241084 0.96227641877468917 0.91586602492252933 0.0054719664645557315 0.10789727208193896 0.09743242774365915 0.50065061836259217 0.0054719664645557315 0.021235180279202601 0.46552845163894002
decision_type=2 2 2 2 2 2 2 2 2 2 2 2 2 2
left_child=1 8 3 6 -5 -6 7 -3 9 10 -1 -11 -4 -13
right_child=-2 2 12 4 5 -7 -8 -9 -10 11 -12 13 -14 -15
leaf_value=0.010731121612859242 -0.00054293634292401302 0.026209759908718069 -0.013160552762053836 -0.0012888719002475777 -0.0014220528302839332 0.018657405200142193 0.013089085988917407 0.0011587615135613422 0.00035118349939503252 0.0099677829428935598 -0.0047582874203530266 0.003670034158971801 -0.0033566309291308697 0.0010136339420386614
leaf_weight=445 277725 182 922 35033 603 623 1095 6204 290702 1498 4643 20538 14498 25992
leaf_count=445 277725 182 922 35033 603 623 1095 6204 290702 1498 4643 20538 14498 25992
internal_value=-2.6818e-05 0.000328881 -0.00116453 -0.000185078 -0.000948371 0.00878146 0.00351446 0.00187271 0.00058585 0.00187017 -0.00340357 0.00242886 -0.00394283 0.00218615
internal_weight=680703 402978 59160 43740 36259 1226 7481 6386 343818 53116 5088 48028 15420 46530
internal_count=680703 402978 59160 43740 36259 1226 7481 6386 343818 53116 5088 48028 15420 46530
is_linear=0
shrinkage=0.05


Tree=44
num_leaves=15
num_cat=0
split_feature=17 5 14 14 0 17 6 14 5 14 17 8 15 15
split_gain=48.979 52.6877 153.401 86.0991 71.5125 53.0238 53.0165 60.2134 45.9487 44.432 44.2339 43.2374 40.6769 37.1894
threshold=0.27313067623956805 0.89236923913681043 0.50073260112579066 0.5005112479782704 0.048312715287061207 0.4893606785621305 0.95766536862427287 0.50122699571229001 0.98572560561467071 0.50053909624800641 0.47884860778542054 0.10339838731949404 0.7501445086705204 0.34791687511691344
decision_type=2 2 2 2 2 2 2 2 2 2 2 2 2 2
left_child=-1 11 3 -3 -5 6 7 8 -4 -6 -10 12 -2 -8
right_child=1 2 5 4 9 -7 13 -9 10 -11 -12 -13 -14 -15
leaf_value=-0.0018670896188116093 0.0019806746223268458 -0.021417947807956653 0.00099004724713836422 0.020013211704888626 0.026422010888665109 0.0034320896766198714 0.00012349746213580247 -0.0019489161662357207 0.0096491135954438062 0.0053289495004628503 -0.013404227627659696 -0.00019150895398482572 -0.00090680334936633032 -0.0094926893793765375
leaf_weight=32802 45403 276 18072 950 255 10621 1630 19354 2624 11932 226 517156 16677 2624
leaf_count=32802 45403 276 18072 950 255 10621 1630 19354 2624 11932 226 517156 16677 2624
internal_value=1.7856e-05 0.000113302 0.00142394 0.00621963 0.00680027 0.00025761 -0.000499546 6.11463e-05 0.00192056 0.0057703 0.00782102 -4.18382e-05 0.00120499 -0.00580807
internal_weight=680602 647800 68564 13413 13137 55151 44530 40276 20922 12187 2850 579236 62080 4254
internal_count=680602 647800 68564 13413 13137 55151 44530 40276 20922 12187 2850 579236 62080 4254
is_linear=0
shrinkage=0.05


Tree=45
num_leaves=15
num_cat=0
split_feature=16 15 10 8 17 14 14 13 3 8 17 12 14 13
split_gain=48.7038 50.2146 43.5922 41.0765 36.2763 57.462 43.486 41.1652 38.3635 31.5253 57.8479 32.3916 37.9905 37.3279
threshold=0.84932518564982507 0.71914625649820474 0.02110261291651359 0.10339838731949404 0.28739580206433146 0.5005112479782704 0.50077399566274894 0.38165995887006227 0.98654277337012775 0.98592374882353917 0.44487925684389557 0.91360075468602608 0.50178253685815977 0.050027203482045708
decision_type=2 2 2 2 2 2 2 2 2 2 2 2 2 2
left_child=1 3 -3 -1 5 -2 7 -6 -7 -4 -11 12 13 -12
right_child=4 2 9 -5 6 8 -8 -9 -10 10 11 -13 -14 -15
leaf_value=0.0019489495328563048 0.031306463162911961 -0.0061519619425068669 -0.00052335453422598329 0.00030433064895050163 0.003775229580649932 -0.0032838677460544567 -0.0012596546070908635 -0.00060611313453631766 -0.019613704342722291 -0.0043585778867279582 0.037363704556429927 0.023898986542707439 -0.014235684656373718 0.0065190619253171394
leaf_weight=42301 118 3415 158167 370537 9511 12873 68245 12287 370 849 121 419 170 518
leaf_count=42301 118 3415 158167 370537 9511 12873 68245 12287 370 849 121 419 170 518
internal_value=-1.90319e-07 0.000179035 -0.000562116 0.000472845 -0.000999404 -0.00343059 -0.000638653 0.00130557 -0.00374011 -0.000442989 0.00567697 0.0126152 0.0067711 0.0123598
internal_weight=679901 576497 163659 412838 103404 13361 90043 21798 13243 160244 2077 1228 809 639
internal_count=679901 576497 163659 412838 103404 13361 90043 21798 13243 160244 2077 1228 809 639
is_linear=0
shrinkage=0.05


Tree=46
num_leaves=15
num_cat=0
split_feature=15 5 14 6 11 8 7 0 8 10 3 11 2 14
split_gain=56.0613 45.8983 81.2706 52.863 70.2209 47.8021 57.6186 47.1122 39.649 53.1512 38.1631 39.1102 37.2583 34.6432
threshold=0.84399463520628382 0.89615658168289758 0.50140252730305612 0.86843572141054992 0.77864330501618129 0.73030239969696908 0.009045682537864223 0.13600445930880717 0.93082382479429249 0.63959893451274075 0.23067131104826105 0.98642840916765417 0.1360247814491036 0.50057636906755121
decision_type=2 2 2 2 2 2 2 2 2 2 2 2 2 2
left_child=1 5 3 4 -3 6 -1 13 -4 -10 11 -7 -9 -8
right_child=-2 2 8 -5 -6 10 7 12 9 -11 -12 -13 -14 -15
leaf_value=-0.0089529224373677604 -0.0010455295160798539 0.0026080271727686871 -0.00027437824097040008 0.000895351081238305 0.0088862517187764164 0.00027528407178290686 0.01080877421774694 0.0013020201369289674 -0.011268327012284689 0.0035831325983463054 -0.001330327747132968 0.010234120857768201 -8.3450106035018435e-05 0.0016452370699187942
leaf_weight=1664 107146 15089 15334 20202 6319 38160 1055 58971 1964 869 92202 1012 273949 46131
leaf_count=1664 107146 15089 15334 20202 6319 38160 1055 58971 1964 869 92202 1012 273949 46131
internal_value=4.21874e-06 0.00020054 0.00151175 0.00272994 0.00446117 4.77941e-05 0.000330886 0.000371528 -0.00127839 -0.00671276 -0.000774865 0.000532568 0.000161962 0.00185012
internal_weight=680067 572921 59777 41610 21408 513144 381770 380106 18167 2833 131374 39172 332920 47186
internal_count=680067 572921 59777 41610 21408 513144 381770 380106 18167 2833 131374 39172 332920 47186
is_linear=0
shrinkage=0.05


Tree=47
num_leaves=15
num_cat=0
split_feature=5 11 16 2 1 2 13 3 10 17 5 3 9 3
split_gain=52.8237 56.5568 55.2331 44.4824 41.9677 37.2996 36.9979 40.7841 34.9835 29.7689 29.5644 27.9989 28.248 33.9173
threshold=0.98572560561467071 0.80573786365983835 0.84129042257777142 0.93139567413973767 0.06780787955283088 0.16765142258683891 0.30279629146963555 0.57733081777957473 0.19416859691488839 0.28739580206433146 0.76685663873914844 0.96258283958744795 0.60325456471300332 0.044253907636568383
decision_type=2 2 2 2 2 2 2 2 2 2 2 2 2 2
left_child=2 -2 4 -3 11 -6 7 -5 10 -4 -7 12 13 -1
right_child=1 3 9 6 5 8 -8 -9 -10 -11 -12 -13 -14 -15
leaf_value=-0.0051693539374891365 0.0010891425294241334 0.0017512172811166239 -0.0033435648785031854 0.019605171209712904 0.00088515729996076946 -0.0015876847568014202 0.023223843868270529 0.0014054929955182281 3.6221110492536078e-05 -0.00080284490912898513 0.00069063422696094058 -0.0041778046241862134 0.00059205514125609295 0.0040001587353381751
leaf_weight=1072 7529 1280 13204 516 99934 66387 674 763 344423 90879 18127 1876 16408 17021
leaf_count=1072 7529 1280 13204 516 99934 66387 674 763 344423 90879 18127 1876 16408 17021
internal_value=-1.08143e-05 0.00346434 -6.66904e-05 0.0089957 0.000128213 1.52215e-05 0.0137437 0.00874797 -0.000187457 -0.00112516 -0.00109902 0.00177096 0.00209442 0.00345687
internal_weight=680093 10762 669331 3233 565248 528871 1953 1279 428937 104083 84514 36377 34501 18093
internal_count=680093 10762 669331 3233 565248 528871 1953 1279 428937 104083 84514 36377 34501 18093
is_linear=0
shrinkage=0.05


Tree=48
num_leaves=15
num_cat=0
split_feature=4 14 5 14 16 14 7 14 13 14 13 14 13 11
split_gain=51.6157 73.2827 63.1443 68.9751 72.894 46.2948 46.2306 45.8843 47.4469 85.3479 42.1338 41.3055 41.2105 40.5221
threshold=0.64801091405184186 0.50057142931778531 0.79791303716608608 0.50089206137000264 0.17524628151872065 0.50263854079643566 0.60397452255098538 0.50057142931778531 0.61907206414393279 0.50090991886073855 0.42455880826326176 0.5005112479782704 0.22026729372544354 0.96611417588178039
decision_type=2 2 2 2 2 2 2 2 2 2 2 2 2 2
left_child=2 6 7 4 12 -3 -2 -1 13 -10 -7 -6 -4 -9
right_child=1 5 3 -5 11 10 -8 8 9 -11 -12 -13 -14 -15
leaf_value=-0.0035542091306620029 -0.00054044343248955929 -0.00049329468983576059 0.015851632739431114 0.00049487433743308383 -0.017660654576186253 -0.0055421470333220785 0.0091037474097407159 -0.00040110185282935998 -0.00060711622407524457 0.0018761646774178146 -0.0010314239410745339 0.0028622188723970605 0.006187899218834534 0.0027938463755853068
leaf_weight=8389 2056 213802 1682 32736 249 8984 3141 221924 57201 87572 12217 15949 3206 10389
leaf_count=8389 2056 213802 1682 32736 249 8984 3141 221924 57201 87572 12217 15949 3206 10389
internal_value=4.92213e-06 -0.00058441 0.000327159 0.00193142 0.00416167 -0.000714284 0.00528838 0.000103163 0.000184528 0.000895 -0.00294286 0.00254674 0.00951327 -0.000258224
internal_weight=679497 240200 439297 53822 21086 235003 5197 385475 377086 144773 21201 16198 4888 232313
internal_count=679497 240200 439297 53822 21086 235003 5197 385475 377086 144773 21201 16198 4888 232313
is_linear=0
shrinkage=0.05


Tree=49
num_leaves=15
num_cat=0
split_feature=3 5 6 17 11 8 1 17 7 3 6 17 17 13
split_gain=60.6412 45.7908 52.2107 42.8148 40.9523 36.0997 44.8727 34.5793 33.658 31.9595 31.1143 41.7999 52.6705 45.2277
threshold=0.72177948522563729 0.89236923913681043 0.56182306940371463 0.30567033976124891 0.69983809231881677 0.2097028537805237 0.73939869654155377 0.92582125531532622 0.43975498408704483 0.052229063559487164 0.1694757440898905 0.7353332290362955 0.87009595673517837 0.24017160590746287
decision_type=2 2 2 2 2 2 2 2 2 2 2 2 2 2
left_child=1 3 9 8 -4 6 -5 -6 -1 -3 11 13 -13 -7
right_child=-2 2 4 5 7 10 -8 -9 -10 -11 -12 12 -14 -15
leaf_value=-0.0038230779539207417 -0.0008291124571402856 0.01396645228672453 -9.8667315777486878e-05 0.0017380290031429467 0.0029024910804034262 -0.0047201090009779192 -0.00068124020612214849 0.017291334747741152 3.7386969229263408e-05 0.0043784304275557078 0.00022440627559267283 0.002416619102074516 -0.0014235342618960692 -0.0010297238511861317
leaf_weight=12207 189614 1188 22804 67697 13376 10758 26737 431 10505 3238 249163 16952 18867 36372
leaf_count=12207 189614 1188 22804 67697 13376 10758 26737 431 10505 3238 249163 16952 18867 36372
internal_value=-6.97971e-05 0.000223856 0.00182264 7.78169e-05 0.00120254 0.000190449 0.00105306 0.00335165 -0.00203749 0.00695199 -5.48297e-05 -0.000893601 0.000393889 -0.0018721
internal_weight=679909 490295 41037 449258 36611 426546 94434 13807 22712 4426 332112 82949 35819 47130
internal_count=679909 490295 41037 449258 36611 426546 94434 13807 22712 4426 332112 82949 35819 47130
is_linear=0
shrinkage=0.05


Tree=50
num_leaves=15
num_cat=0
split_feature=6 5 14 0 2 17 11 6 1 13 14 11 5 14
split_gain=47.4198 57.3482 81.7984 63.0236 47.7285 46.4824 45.6143 45.5885 42.2243 53.6685 67.3194 39.7988 38.6587 37.5202
threshold=0.93239394814529597 0.89236923913681043 0.50069300102581449 0.063755333064387978 0.16765142258683891 0.40756157325961301 0.78272792544893421 0.34834550356045224 0.37305950516126446 0.16888153053715971 0.50066357029882258 0.96611417588178039 0.99368254760123065 0.50057636906755121
decision_type=2 2 2 2 2 2 2 2 2 2 2 2 2 2
left_child=1 4 3 -3 -1 -2 7 -4 9 10 -6 13 -5 -10
right_child=5 2 6 12 8 -7 -8 -9 11 -11 -12 -13 -14 -15
leaf_value=0.00089937823356925773 -0.0033483398396630783 0.019179974486720926 0.01470368814485732 0.0040055015045069959 0.0049986061705240498 0.00040334737323401523 0.0032344766497485571 -0.00035432997359371987 -0.0043426566138831868 0.00066085225768601171 -0.0024904678880524347 0.0024793689127811315 0.022886030925668988 -0.00067055802456325142
leaf_weight=104762 20398 842 510 7026 3383 13870 14006 34843 7136 161388 26554 9791 282 276187
leaf_count=104762 20398 842 510 7026 3383 13870 14006 34843 7136 161388 26554 9791 282 276187
internal_value=-1.72756e-05 7.8769e-05 0.00158586 0.00622651 -6.83305e-05 -0.00182984 0.000819608 -0.000137104 -0.000277602 0.00030018 -0.00164417 -0.000654739 0.00473406 -0.000763046
internal_weight=680978 646710 57509 8150 589201 34268 49359 35353 484439 191325 29937 293114 7308 283323
internal_count=680978 646710 57509 8150 589201 34268 49359 35353 484439 191325 29937 293114 7308 283323
is_linear=0
shrinkage=0.05


Tree=51
num_leaves=15
num_cat=0
split_feature=3 14 0 13 14 14 3 8 8 14 1 10 14 4
split_gain=49.7029 82.1964 50.9142 37.8338 78.857 36.8327 45.9538 62.3057 39.5636 36.9459 36.2706 33.9344 85.7417 33.616
threshold=0.90373947384596487 0.50058651046568603 0.12784988284592444 0.18862869901479071 0.50066357029882258 0.50107411509529753 0.02837358635230976 0.96640223253480506 0.93474257549753392 0.50101729505075099 0.17872821796476368 0.19828113788882795 0.50066006629418314 0.56863866828195819
decision_type=2 2 2 2 2 2 2 2 2 2 2 2 2 2
left_child=2 -2 3 4 -1 6 7 10 -7 -8 -6 12 -4 -10
right_child=1 -3 11 -5 5 8 9 -9 13 -11 -12 -13 -14 -15
leaf_value=0.0087640976963274473 0.0081459408598749186 -0.0016360522895975721 -0.0048796281235875399 0.0019932445894402322 -0.005598667662585554 -0.0027026326213641719 -0.0021075216084000727 0.035010915889439213 -0.0060541953350006098 0.010268203589116672 0.024104495423833014 0.00016145820789447823 -0.00033576381032915105 -0.022028035397479058
leaf_weight=1925 2222 64071 11669 56163 359 5949 5659 216 881 675 144 435268 94132 526
leaf_count=1925 2222 64071 11669 56163 359 5949 5659 216 881 675 144 435268 94132 526
internal_value=-7.56782e-06 -0.00130818 0.000132957 0.00137726 -0.000740756 -0.00201058 0.000571112 0.01255 -0.00448592 -0.000788669 0.00290482 -3.37645e-05 -0.000836916 -0.0120259
internal_weight=679859 66293 613566 72497 16334 14409 7053 719 7356 6334 503 541069 105801 1407
internal_count=679859 66293 613566 72497 16334 14409 7053 719 7356 6334 503 541069 105801 1407
is_linear=0
shrinkage=0.05


Tree=52
num_leaves=15
num_cat=0
split_feature=3 0 10 16 1 8 13 0 3 3 11 2 6 3
split_gain=47.871 40.25 36.3664 31.7479 30.7733 32.458 30.6696 30.1486 37.3828 29.3469 44.6742 31.7236 28.8033 36.6443
threshold=0.8205294921809877 0.075909999759100011 0.013183192425367056 0.93092363463604078 0.90767215772836296 0.040420477147637947 0.17274061051690548 0.0054719664645557315 0.56938287276633159 0.68667292057535978 0.80573786365983835 0.95071145559186754 0.030006385696040871 0.02837358635230976
decision_type=2 2 2 2 2 2 2 2 2 2 2 2 2 2
left_child=1 3 -2 6 5 -3 12 8 -8 10 -5 -12 -1 -14
right_child=2 4 -4 9 -6 -7 7 -9 -10 -11 11 -13 13 -15
leaf_value=-0.018155169317584582 -0.0086150112998936504 0.0021804503872684114 -0.00083545459264450011 -0.0042307099385586249 -0.0011033274734919196 8.6237953516201307e-05 0.015176060665251984 0.0026605237137458872 -0.0054753536973371512 -0.01334593728042853 0.0016606828680227476 0.020073405240191536 0.010321834605271394 -0.0013797655978661707
leaf_weight=228 1521 19300 121600 2628 52559 447516 983 25002 282 531 675 358 752 6065
leaf_count=228 1521 19300 121600 2628 52559 447516 983 25002 282 531 675 358 752 6065
internal_value=-3.93528e-05 0.000157906 -0.000931561 0.00173979 4.3679e-05 0.000172821 0.00225585 0.00304155 0.0105723 -0.00236111 -0.000767841 0.00804186 -0.000673618 -8.89334e-05
internal_weight=680000 556879 123121 37504 519375 466816 33312 26267 1265 4192 3661 1033 7045 6817
internal_count=680000 556879 123121 37504 519375 466816 33312 26267 1265 4192 3661 1033 7045 6817
is_linear=0
shrinkage=0.05


Tree=53
num_leaves=15
num_cat=0
split_feature=16 6 14 17 17 14 5 14 6 13 14 5 6 14
split_gain=38.8691 46.0736 52.0533 40.5748 39.7018 46.2504 34.2626 33.2687 62.7535 77.0933 32.8675 32.5339 35.4568 35.7659
threshold=0.3575814111261873 0.097433960802540867 0.50187617921207528 0.43803986710963461 0.28739580206433146 0.5005112479782704 0.98572560561467071 0.50089206137000264 0.41482807887067513 0.43281224158317105 0.500798085105299 0.70006119951040402 0.34834550356045224 0.50055834885861161
decision_type=2 2 2 2 2 2 2 2 2 2 2 2 2 2
left_child=1 2 -1 -3 5 -2 -6 8 11 -10 -7 12 -5 -14
right_child=4 3 -4 7 6 10 -8 -9 9 -11 -12 -13 13 -15
leaf_value=-0.0020334625317650588 0.019530296280426556 -0.00021110818218475315 0.0030998549454435888 0.0010268873213178668 -0.00020662033691810859 -0.0039834582132662411 0.0033576164250914003 0.00064421281024603359 0.0068881813198542171 0.0015469385824754211 -0.00078604227706799933 0.0078048010514929697 -0.02096170332178553 -0.002633319018648174
leaf_weight=29241 249 67924 5942 22512 397322 13640 6859 83020 12224 15102 19567 1482 283 4476
leaf_count=29241 249 67924 5942 22512 397322 13640 6859 83020 12224 15102 19567 1482 283 4476
internal_value=-1.8924e-06 0.000506305 -0.0011665 0.000790595 -0.00028315 -0.00193842 -0.000146135 0.00127974 0.00222058 0.00393629 -0.0020994 0.000590029 0.000197953 -0.00372324
internal_weight=679843 242206 35183 207023 437637 33456 404181 139099 56079 27326 33207 28753 27271 4759
internal_count=679843 242206 35183 207023 437637 33456 404181 139099 56079 27326 33207 28753 27271 4759
is_linear=0
shrinkage=0.05


Tree=54
num_leaves=15
num_cat=0
split_feature=1 8 14 5 14 11 14 8 3 17 13 17 17 15
split_gain=42.4489 40.3144 43.2623 44.1465 57.7979 40.0775 38.3926 34.3245 39.8999 35.1081 32.2497 31.9366 39.8357 31.8497
threshold=0.32503285569846141 0.88418393668289863 0.50150376279894371 0.99368254760123065 0.50099304963867597 0.96187429163892524 0.50149031627576413 0.96640223253480506 0.040110782526086762 0.9021482772764563 0.029437251503721076 0.50103602602228936 0.80730813452141426 0.021321092057526168
decision_type=2 2 2 2 2 2 2 2 2 2 2 2 2 2
left_child=1 10 3 6 -5 -2 11 -4 -9 -10 -1 -3 -13 -12
right_child=5 2 7 4 -6 -7 -8 8 9 -11 13 12 -14 -15
leaf_value=-0.0037633536796116661 -0.00037001176824855001 -0.0017665334501094756 -0.0022729300524193356 0.028393203237708782 -0.004421216056576957 0.0020815134676164982 0.02839451130155636 0.0070087418543388616 -0.010670234380743932 -0.038201660371475647 0.0035243685780774222 0.0077310363276280013 -0.00092697487850799747 0.00075627571266118239
leaf_weight=3751 442441 15021 5135 306 239 17324 115 305 1750 124 11040 2286 3172 176948
leaf_count=3751 442441 15021 5135 306 239 17324 115 305 1750 124 11040 2286 3172 176948
internal_value=-4.24014e-06 0.00056662 -0.00118965 -4.28259e-05 0.014003 -0.000277638 -0.000414536 -0.0045042 -0.00976239 -0.012492 0.00082724 -0.000576313 0.0026993 0.000918838
internal_weight=679957 220192 28453 21139 545 459765 20594 7314 2179 1874 191739 20479 5458 187988
internal_count=679957 220192 28453 21139 545 459765 20594 7314 2179 1874 191739 20479 5458 187988
is_linear=0
shrinkage=0.05


Tree=55
num_leaves=15
num_cat=0
split_feature=16 1 3 5 6 5 11 3 8 0 6 7 1 8
split_gain=38.4292 35.579 30.6522 30.3502 30.297 28.7814 27.0392 26.8142 26.3209 45.6935 26.2502 24.7324 23.7471 22.7753
threshold=0.35357699154428129 0.22989818714430846 0.67498443337484448 0.93526343973365 0.22073257627793222 0.98961231646691605 0.91966986058762101 0.080218892170165229 0.30827792023411132 0.19011113004742569 0.057330211275926156 0.80833803081548294 0.73562759355146723 0.96234801870539022
decision_type=2 2 2 2 2 2 2 2 2 2 2 2 2 2
left_child=1 -1 5 10 -4 8 13 -8 9 -2 11 -3 -11 -5
right_child=2 3 4 6 -6 -7 7 -9 -10 12 -12 -13 -14 -15
leaf_value=0.0016352348447119152 0.0035352872155407183 -0.0024504189887825886 -0.0039446898549359097 0.0029857036641252367 -0.0006835763102132213 0.0052588315093671694 0.033868239116724409 0.0076352178295633569 -0.00033785699960735646 0.00084117301060301734 0.00023128306134850377 0.0079308574350872626 -0.00094185675715071661 -0.004611900528994942
leaf_weight=56327 12142 13597 7522 7160 133967 2615 107 1087 199641 56842 159588 599 27810 1144
leaf_count=56327 12142 13597 7522 7160 133967 2615 107 1087 199641 56842 159588 599 27810 1144
internal_value=2.65745e-05 0.000536187 -0.000250603 0.000198422 -0.000856947 3.62752e-05 0.00295062 0.00998608 -9.79551e-06 0.000666843 4.80035e-05 -0.00201238 0.000255409 0.00193902
internal_weight=680148 239609 440539 183282 141489 299050 9498 1194 296435 96794 173784 14196 84652 8304
internal_count=680148 239609 440539 183282 141489 299050 9498 1194 296435 96794 173784 14196 84652 8304
is_linear=0
shrinkage=0.05


Tree=56
num_leaves=15
num_cat=0
split_feature=10 0 13 16 0 2 17 17 4 4 3 15 10 9
split_gain=38.1835 32.3995 35.2832 29.1079 28.5801 29.2623 31.193 33.1138 32.0827 30.9927 44.3781 28.9667 28.6496 28.572
threshold=0.013183192425367056 0.53805403281632969 0.12947582987858319 0.017373647093873363 0.017311854811854818 0.17151633175284114 0.36640092643928968 0.35273038771073589 0.75058280124983023 0.99777776680378683 0.43572689939003723 0.53889524535977629 0.61972853083668933 0.25277986135724828
decision_type=2 2 2 2 2 2 2 2 2 2 2 2 2 2
left_child=-1 2 3 -2 13 12 7 8 -7 -8 -11 -12 -6 -4
right_child=1 -3 4 -5 5 6 9 -9 -10 10 11 -13 -14 -15
leaf_value=-0.0034415193337339681 0.0055692786586613542 -0.000330782792519319 0.01013435126323819 -0.0011637203424078116 0.0028817043748632018 0.00082057407793442521 0.00050440481911434695 -0.0039032979633091347 -0.0021245215618901463 -0.016825204054046361 0.010462761298650107 0.036649254916442768 0.00012660997962321333 0.0021639379499932233
leaf_weight=7956 1665 311413 1337 44707 23073 24364 219093 7598 14904 122 485 135 15965 7071
leaf_count=7956 1665 311413 1337 44707 23073 24364 219093 7598 14904 122 485 135 15965 7071
internal_value=2.01454e-06 4.27876e-05 0.000365474 -0.00092197 0.000555517 0.00047643 0.000289284 -0.000881847 -0.000297224 0.000538954 0.0107404 0.0161647 0.00175498 0.00343136
internal_weight=679888 671932 360519 46372 314147 305739 266701 46866 39268 219835 742 620 39038 8408
internal_count=679888 671932 360519 46372 314147 305739 266701 46866 39268 219835 742 620 39038 8408
is_linear=0
shrinkage=0.05


Tree=57
num_leaves=15
num_cat=0
split_feature=17 6 10 14 14 1 14 9 5 13 6 14 14 4
split_gain=32.0656 48.6292 52.8956 49.745 45.9675 40.4408 36.4316 66.9184 51.3913 61.457 47.6784 37.9942 40.6616 35.2352
threshold=0.73102592031901936 0.19649464127244184 0.92347269647158481 0.50058651046568603 0.50158479003415724 0.83658062067002004 0.50111982223292306 0.21377071507287967 0.73128925274524403 0.57151240778001344 0.96994335208243199 0.50089206137000264 0.50084104348810243 0.032684594392487068
decision_type=2 2 2 2 2 2 2 2 2 2 2 2 2 2
left_child=1 4 5 -4 -1 6 8 -8 -3 10 11 12 -10 -9
right_child=-2 2 3 -5 -6 -7 7 13 9 -11 -12 -13 -14 -15
leaf_value=-0.0019324474221542557 0.00072280214156853384 0.00026948607079649691 0.007671673829815151 -0.0021289805612440451 0.00085077312081670146 -0.0009119620007841464 0.0016810086516219813 -0.010101543513480686 0.0036400657502810713 -0.00011851088585648497 -0.0039260126485830818 0.0012705879695461427 0.0089486056163414034 -0.00068101026648298391
leaf_weight=63627 123791 139500 1343 36024 19346 70622 36737 1001 25159 24119 2361 14465 4211 117996
leaf_count=63627 123791 139500 1343 36024 19346 70622 36737 1001 25159 24119 2361 14465 4211 117996
internal_value=-5.02944e-06 -0.000166929 2.87175e-05 -0.00177674 -0.00128351 0.000183392 0.000395008 -0.000184372 0.000825049 0.00192725 0.00299534 0.00336813 0.00440119 -0.000760256
internal_weight=680302 556511 473538 37367 82973 436171 365549 155734 209815 70315 46196 43835 29370 118997
internal_count=680302 556511 473538 37367 82973 436171 365549 155734 209815 70315 46196 43835 29370 118997
is_linear=0
shrinkage=0.05


Tree=58
num_leaves=15
num_cat=0
split_feature=10 3 0 11 5 9 13 5 17 3 17 2 9 3
split_gain=48.2315 38.1315 51.1247 36.3948 42.4638 32.7587 30.1794 29.7058 36.8627 31.2158 46.2244 39.3691 61.0307 40.9163
threshold=0.013183192425367056 0.72177948522563729 0.079838968882262551 0.69983809231881677 0.81360574128448582 0.27641777032020937 0.58726657239161606 0.85732918009162973 0.46704589528118945 0.52248162979666435 0.89888537009438652 0.75809436015534792 0.88794310827779399 0.064539269681121877
decision_type=2 2 2 2 2 2 2 2 2 2 2 2 2 2
left_child=-1 2 5 6 -5 -2 -4 8 -7 10 11 -10 -13 -14
right_child=1 -3 3 4 -6 7 -8 -9 9 -11 -12 12 13 -15
leaf_value=-0.0038444254589965958 0.0054486964618815064 -0.00054261598118188409 -0.00058349617629673727 0.00043685099404660834 0.0027906755585541069 -0.001371110470568075 0.00039305089182517993 0.0049006714728728126 0.0021772371086014354 -0.003690322703469215 -0.0029035942557945685 0.0056914572580989411 0.035107302787599846 0.012361458062570399
leaf_weight=7996 6178 187939 172120 107854 23300 11312 146418 5069 4462 1692 2142 2890 319 520
leaf_count=7996 6178 187939 172120 107854 23300 11312 146418 5069 4462 1692 2142 2890 319 520
internal_value=1.5964e-05 6.18833e-05 0.000296479 0.00015401 0.000855017 0.00214898 -0.00013462 0.00143133 0.000677757 0.00260514 0.003636 0.00534615 0.00913797 0.0210098
internal_weight=680211 672215 484276 449692 131154 34584 318538 28406 23337 12025 10333 8191 3729 839
internal_count=680211 672215 484276 449692 131154 34584 318538 28406 23337 12025 10333 8191 3729 839
is_linear=0
shrinkage=0.05


Tree=59
num_leaves=15
num_cat=0
split_feature=3 14 17 17 7 15 5 14 11 10 6 13 14 6
split_gain=42.4771 98.6522 55.5822 48.1051 42.3839 33.4809 34.9235 60.3111 45.3681 42.1505 38.862 37.8651 74.9368 39.8942
threshold=0.90373947384596487 0.50058651046568603 0.36877874749380829 0.49026636108529514 0.77641061355850105 0.91556141893872778 0.91172678592493284 0.50111982223292306 0.84930431603621437 0.28206936457994292 0.87165263179461971 0.25953289712831701 0.50064226102279974 0.44961728467381334
decision_type=2 2 2 2 2 2 2 2 2 2 2 2 2 2
left_child=5 2 -2 -4 -5 6 11 8 -8 -9 -10 12 13 -1
right_child=1 -3 3 4 -6 -7 7 9 10 -11 -12 -13 -14 -15
leaf_value=0.00030463461257677568 -0.00045107936686099342 -0.0015370893439985056 0.021597410675052539 0.027891979614272717 -0.01037057988889487 -0.0010515832051288441 0.0021545852978039209 -0.0039911848592413387 0.011279982602208728 0.0011633104076729155 0.0026002351590188231 0.00038053372009810003 -0.0010468802878351269 0.0065617035438113626
leaf_weight=5076 889 64200 957 100 262 52853 18265 5875 2913 12207 2314 404795 104623 5114
leaf_count=5076 889 64200 957 100 262 52853 18265 5875 2913 12207 2314 404795 104623 5114
internal_value=2.15653e-05 -0.0011797 0.00921187 0.0157247 0.000199188 0.000151482 0.000264789 0.00165924 0.00333003 -0.00051143 0.00743745 0.000153218 -0.000648227 0.00344484
internal_weight=680443 66408 2208 1319 362 614035 561182 41574 23492 18082 5227 519608 114813 10190
internal_count=680443 66408 2208 1319 362 614035 561182 41574 23492 18082 5227 519608 114813 10190
is_linear=0
shrinkage=0.05


Tree=60
num_leaves=15
num_cat=0
split_feature=10 6 5 14 16 3 16 14 6 14 11 17 17 8
split_gain=40.2538 35.5185 49.7541 76.0837 42.7107 34.5076 31.5939 32.654 30.133 30.5978 29.9567 37.6094 28.4783 28.8877
threshold=0.013183192425367056 0.95766536862427287 0.89236923913681043 0.5016313257116094 0.0054483611626468783 0.040110782526086762 0.84932518564982507 0.50061462838215609 0.81827907843993319 0.50124223794180478 0.76256345501390277 0.19917503813123238 0.35483270918270093 0.048156366662271112
decision_type=2 2 2 2 2 2 2 2 2 2 2 2 2 2
left_child=-1 2 6 4 -4 8 -2 -8 9 -6 -7 -12 13 -3
right_child=1 12 3 -5 5 10 7 -9 -10 -11 11 -13 -14 -15
leaf_value=-0.0035106377677839497 0.00012794177505210435 0.009225244947918947 0.021119359539457851 -0.0017421269509050243 0.01403217413747985 0.0011132682962177484 0.0035008598584260024 -0.0011966283557055268 -0.0043337334214316311 -0.001968512412326828 -0.014821838869895311 0.0041472299541630876 -0.00023579069334888535 -0.0052167162074459022
leaf_weight=7922 514918 364 302 14485 1518 32384 3897 73002 393 372 266 14797 8128 7104
leaf_count=7922 514918 364 302 14485 1518 32384 3897 73002 393 372 266 14797 8128 7104
internal_value=3.26858e-05 7.44613e-05 0.000130499 0.00144899 0.00237287 0.00225903 -1.3237e-05 -0.000958574 0.00826342 0.0108828 0.00197011 0.00381225 -0.0022838 -0.0045128
internal_weight=679852 671930 656334 64517 50032 49730 591817 76899 2283 1890 47447 15063 15596 7468
internal_count=679852 671930 656334 64517 50032 49730 591817 76899 2283 1890 47447 15063 15596 7468
is_linear=0
shrinkage=0.05


Tree=61
num_leaves=15
num_cat=0
split_feature=4 3 11 5 13 5 6 0 11 2 16 9 3 3
split_gain=39.5745 50.0088 42.787 38.8398 33.8601 32.889 37.4301 31.2183 26.9156 25.8794 25.8688 44.225 25.6116 24.0554
threshold=0.75825311052583788 0.005249347850048376 0.15599114489710977 0.62922108528074694 0.61494658171619421 0.98572560561467071 0.92891144952058669 0.22541293618709857 0.96187429163892524 0.80137577779355063 0.0054483611626468783 0.86830977946913002 0.048229322185727085 0.10394790010338116
decision_type=2 2 2 2 2 2 2 2 2 2 2 2 2 2
left_child=3 -2 9 4 8 -4 13 -6 -1 -3 11 -5 -10 -7
right_child=1 2 5 10 7 6 -8 -9 12 -11 -12 -13 -14 -15
leaf_value=-0.000621761694582858 0.021899674568310015 -0.0017392304555335768 -0.00058998023892063364 0.0036752316374505435 0.0020418293550338424 0.017085478667217671 -0.0012694736195155612 0.00013993358719568004 0.0099339456595246081 -0.0055142780643593625 0.00080768742224965383 0.035707420911243619 0.0011912023746994335 0.0049041594202499424
leaf_weight=210503 244 17223 135449 457 26422 467 2744 117646 914 6165 148582 141 10033 3067
leaf_count=210503 244 17223 135449 457 26422 467 2744 117646 914 6165 148582 141 10033 3067
internal_value=-4.66141e-05 -0.00071954 -0.000752966 0.00016958 -0.000107901 -0.000426 0.00311191 0.00048874 -0.000496057 -0.00273432 0.000849458 0.011228 0.00192116 0.00651386
internal_weight=680057 165359 165115 514698 365518 141727 6278 144068 221450 23388 149180 598 10947 3534
internal_count=680057 165359 165115 514698 365518 141727 6278 144068 221450 23388 149180 598 10947 3534
is_linear=0
shrinkage=0.05


Tree=62
num_leaves=15
num_cat=0
split_feature=11 4 10 0 4 0 16 0 17 8 7 4 17 3
split_gain=31.9603 41.1907 46.9121 35.4607 31.126 30.2913 29.7902 31.4269 39.7951 44.4404 31.3021 28.9721 30.6433 27.458
threshold=0.80573786365983835 0.15874193396448591 0.92742431456572638 0.091693023071355642 0.0055020736838918673 0.021235180279202601 0.86502039104449613 0.017311854811854818 0.91738756267305266 0.91151181172160101 0.020782220089379445 0.12335164038952007 0.2970669400204457 0.005249347850048376
decision_type=2 2 2 2 2 2 2 2 2 2 2 2 2 2
left_child=4 3 -3 -2 13 -4 7 8 -6 -10 -8 -12 -13 -1
right_child=1 2 5 -5 6 -7 10 -9 9 -11 11 12 -14 -15
leaf_value=-0.018437182690458308 0.0073321089391902216 0.00080802016122679613 -0.014258245844683801 0.0018281601714551295 0.0045251816684453135 -0.0015682424753726027 -0.006382271408345689 -2.3529180829274997e-05 -0.0015455570227389849 -0.041006894584745171 0.0046634512439778881 -0.0036640190396214941 -0.00061361099779701483 -0.0035525419385408867
leaf_weight=374 3480 91406 482 18397 5880 19300 2673 467782 249 100 2289 9638 56478 1806
leaf_count=374 3480 91406 482 18397 5880 19300 2673 467782 249 100 2289 9638 56478 1806
internal_value=2.54534e-05 0.00072045 0.000330237 0.00270368 -0.000143531 -0.00187744 -0.000119684 2.34509e-05 0.00355154 -0.0128525 -0.00107424 -0.000866818 -0.00105828 -0.00610615
internal_weight=680334 133065 111188 21877 547269 19782 545089 474011 6229 349 71078 68405 66116 2180
internal_count=680334 133065 111188 21877 547269 19782 545089 474011 6229 349 71078 68405 66116 2180
is_linear=0
shrinkage=0.05


Tree=63
num_leaves=15
num_cat=0
split_feature=2 10 17 14 6 17 8 16 14 4 8 10 0 2
split_gain=37.4089 32.1141 38.988 38.4531 55.5886 38.2064 38.0672 41.9911 37.3867 59.0831 38.837 33.1306 32.6656 30.7569
threshold=0.17151633175284114 0.19828113788882795 0.73102592031901936 0.50122100304132633 0.17753898088891826 0.79551656920077984 0.60406394967575849 0.2619835660203948 0.50195695465686285 0.62811813689604701 0.93863067635404251 0.93915281966248243 0.017311854811854818 0.61135867407701483
decision_type=2 2 2 2 2 2 2 2 2 2 2 2 2 2
left_child=-1 8 3 4 -3 6 -4 12 -2 -10 -11 13 -8 -5
right_child=1 2 5 11 -6 -7 7 -9 9 10 -12 -13 -14 -15
leaf_value=0.0007986774336801863 -0.0013267802316044247 -0.0018388006811154351 0.0010353669486406565 4.0992415551386111e-05 0.00047864928054867158 0.00041838202571270445 0.034409008708098557 0.0021773459945463769 0.0034644616521509481 -0.0011702096890652198 -0.013538475456640969 -0.0036169406112860278 0.0086926290503761272 -0.0015162768103217886
leaf_weight=115636 96425 29726 10212 70613 199819 64384 128 4013 10908 6365 705 10216 3500 57547
leaf_count=115636 96425 29726 10212 70613 199819 64384 128 4013 10908 6365 705 10216 3500 57547
internal_value=-2.06341e-05 -0.000188449 1.65787e-06 -0.000218336 0.00017854 0.000985889 0.00303251 0.00570164 -0.000936492 0.00115682 -0.00240354 -0.000876693 0.00959993 -0.00065826
internal_weight=680197 564561 450158 367921 229545 82237 17853 7641 114403 17978 7070 138376 3628 128160
internal_count=680197 564561 450158 367921 229545 82237 17853 7641 114403 17978 7070 138376 3628 128160
is_linear=0
shrinkage=0.05


Tree=64
num_leaves=15
num_cat=0
split_feature=11 5 6 3 14 14 0 17 13 14 14 6 13 8
split_gain=30.7408 42.0353 61.6709 39.0932 39.551 35.3469 27.9492 26.6479 32.3311 82.8856 44.625 64.8576 48.0304 37.3903
threshold=0.7037783513424053 0.80968569299466819 0.92225116338974333 0.076398197795650893 0.5016313257116094 0.50492622791690944 0.95090655127081514 0.36877874749380829 0.63079500042985004 0.50090497811672841 0.50090497811672841 0.45756212867168466 0.35378209931203602 0.98989047302706668
decision_type=2 2 2 2 2 2 2 2 2 2 2 2 2 2
left_child=7 6 3 -3 -5 -4 -2 -1 10 -10 11 13 -12 -9
right_child=1 2 5 4 -6 -7 -8 8 9 -11 12 -13 -14 -15
leaf_value=-0.0010265989185138415 0.00023953263292638248 0.0080548046239117092 -0.00099914203375992688 0.0032165548157076611 -0.0010009815009984712 -0.019024685852431552 -0.0031425284731862245 -0.0010862249024155949 -0.00092534369011231107 0.0014248987482402787 -0.0020018526857663323 0.0017378525721770618 -0.00015421335031620779 0.012336144178141176
leaf_weight=87614 149446 3240 10787 25466 7111 279 6369 44281 62137 94668 64177 46419 77832 525
leaf_count=87614 149446 3240 10787 25466 7111 279 6369 44281 62137 94668 64177 46419 77832 525
internal_value=-1.96809e-05 0.000496251 0.0018089 0.00281689 0.00229594 -0.00145361 0.00010129 -0.000238623 -6.16212e-05 0.00049357 -0.00043488 0.000428027 -0.000989202 -0.000928953
internal_weight=680351 202698 46883 35817 32577 11066 155815 477653 390039 156805 233234 91225 142009 44806
internal_count=680351 202698 46883 35817 32577 11066 155815 477653 390039 156805 233234 91225 142009 44806
is_linear=0
shrinkage=0.05


Tree=65
num_leaves=15
num_cat=0
split_feature=10 1 2 3 14 17 17 7 6 14 10 14 10 13
split_gain=41.8369 28.0181 24.7338 23.8638 44.5745 31.1501 42.538 40.9915 29.908 41.4191 41.1549 47.215 36.0435 33.3791
threshold=0.013183192425367056 0.90767215772836296 0.80533060109289634 0.90373947384596487 0.50058651046568603 0.36877874749380829 0.49026636108529514 0.92767514279966068 0.19253765974155782 0.50135318245074345 0.93915281966248243 0.50059066930892049 0.87185363789101078 0.16888153053715971
decision_type=2 2 2 2 2 2 2 2 2 2 2 2 2 2
left_child=2 3 -1 8 5 -5 -7 -8 9 12 -10 -12 13 -2
right_child=1 -3 -4 4 -6 6 7 -9 10 -11 11 -13 -14 -15
leaf_value=-0.0016858748187884541 -0.0042523737938194202 -0.00098500612431745463 -0.0076250393260756319 -0.0013199893841016848 -0.0010780123877533051 0.01766208212224224 0.010893640125959321 -0.025512208483929117 0.00053855585871874154 0.00091267120135531284 0.0087358620556414572 -0.0018778854786707416 0.0017230995142067048 -0.0010984267526120753
leaf_weight=5364 9806 63130 2604 743 57652 846 193 129 408707 35544 1091 26468 9573 58050
leaf_count=5364 9806 63130 2604 743 57652 846 193 129 408707 35544 1091 26468 9573 58050
internal_value=-2.50737e-05 1.76372e-05 -0.00362684 0.000121607 -0.000828984 0.00668381 0.0117753 -0.00369131 0.000224695 -0.000500361 0.000412451 -0.00145771 -0.00114902 -0.00155421
internal_weight=679900 671932 7968 608802 59563 1911 1168 322 549239 112973 436266 27559 77429 67856
internal_count=679900 671932 7968 608802 59563 1911 1168 322 549239 112973 436266 27559 77429 67856
is_linear=0
shrinkage=0.05


Tree=66
num_leaves=15
num_cat=0
split_feature=3 2 6 5 2 3 10 8 0 8 9 4 17 15
split_gain=30.9825 26.234 25.9642 30.9483 39.0448 30.713 38.4449 29.4209 27.262 26.9947 36.6552 62.8575 36.9786 36.1749
threshold=0.72177948522563729 0.2501354279523294 0.96994335208243199 0.9626284610281538 0.99367588537604745 0.10394790010338116 0.22661633539018591 0.97043672864028829 0.37968504680619997 0.89976552535514809 0.96668800682885203 0.017136739063933929 0.91738756267305266 0.036803176373728534
decision_type=2 2 2 2 2 2 2 2 2 2 2 2 2 2
left_child=2 -2 3 9 5 -5 7 -7 -9 -1 12 -12 -11 -13
right_child=1 -3 -4 4 -6 6 -8 8 -10 10 11 13 -14 -15
leaf_value=0.00023366119223291925 0.00058893752662490242 -0.00088045717463527528 -0.0069017779050555023 0.0084150574000050604 -0.0057988331880345434 -0.001299812177940515 0.0042042462761175846 -0.035642844852474001 -0.00096414772555168757 -0.0010719384821978246 0.024166882560858804 -0.016140062200914448 -0.0066500133856345275 0.0031722153802147962
leaf_weight=433168 37919 152695 1297 2488 1254 2436 6603 126 103 35322 341 264 3244 2975
leaf_count=433168 37919 152695 1297 2488 1254 2436 6603 126 103 35322 341 264 3244 2975
internal_value=-4.73307e-05 -0.000588149 0.000163215 0.00018198 0.00258793 0.00348253 0.00215839 -0.00291056 -0.020045 0.000116126 -0.00109188 0.00374784 -0.00154114 0.00159814
internal_weight=680235 190614 489621 488324 13010 11756 9268 2665 229 475314 42146 3580 38566 3239
internal_count=680235 190614 489621 488324 13010 11756 9268 2665 229 475314 42146 3580 38566 3239
is_linear=0
shrinkage=0.05


Tree=67
num_leaves=15
num_cat=0
split_feature=16 14 14 10 6 14 8 10 4 11 2 14 16 4
split_gain=34.3276 37.6845 36.4632 34.8204 30.2643 51.7447 29.1376 27.5371 44.9868 34.1392 36.5877 33.373 27.5759 28.6492
threshold=0.84518297474672399 0.50059988023986579 0.50058651046568603 0.60373990717782455 0.057330211275926156 0.50111234842860686 0.94652935881823486 0.95058481532147754 0.072028029484952363 0.69983809231881677 0.58421761922890647 0.50063011997293716 0.22681429065251432 0.98973983006241084
decision_type=2 2 2 2 2 2 2 2 2 2 2 2 2 2
left_child=4 2 3 -2 5 -1 -4 9 -9 10 11 -6 13 -11
right_child=1 -3 6 -5 7 -7 -8 8 -10 12 -12 -13 -14 -15
leaf_value=-0.003324928463721108 -0.0034876153700076663 -0.0010186521462704626 0.0081104531679181257 0.0065399361886793106 -0.0017593769824667896 0.00095628386577917529 0.033986751470683502 0.0074659126862696174 -0.001732429147425423 0.0020106760535908378 -0.00055907359210716537 0.00062353977150636638 0.00056827307733089397 0.017625781207745016
leaf_weight=15843 2040 101126 1268 1504 15749 12728 119 1399 26661 38464 139237 219186 104435 296
leaf_count=15843 2040 101126 1268 1504 15749 12728 119 1399 26661 38464 139237 219186 104435 296
internal_value=1.58978e-05 -0.00081053 0.00345768 0.000767869 0.000168596 -0.00141771 0.0103306 0.000251691 -0.00127382 0.000334429 8.31677e-05 0.0004638 0.000990981 0.00212992
internal_weight=680055 106057 4931 3544 573998 28571 1387 545427 28060 517367 374172 234935 143195 38760
internal_count=680055 106057 4931 3544 573998 28571 1387 545427 28060 517367 374172 234935 143195 38760
is_linear=0
shrinkage=0.05


Tree=68
num_leaves=15
num_cat=0
split_feature=15 6 5 14 2 14 5 14 11 2 6 16 14 9
split_gain=34.9907 29.1421 36.4048 54.4012 31.5219 30.5401 33.7097 38.2642 28.4776 27.6946 25.9318 32.5937 32.228 28.9986
threshold=0.90760464588868028 0.93239394814529597 0.90005945303210477 0.5007336761102571 0.3726455410417675 0.5005112479782704 0.97798265759351399 0.50058105772087635 0.78272792544893421 0.1360247814491036 0.094607130321416058 0.9822278623801467 0.50111234842860686 0.52411034490097819
decision_type=2 2 2 2 2 2 2 2 2 2 2 2 2 2
left_child=1 2 9 5 -3 -4 -7 -8 -5 -1 11 12 -11 -14
right_child=-2 4 3 8 -6 6 7 -9 -10 10 -12 -13 13 -15
leaf_value=0.00096059190773756405 -0.0011312324848441445 0.0007092751440396991 -0.015368175007485226 -0.00018557470180191536 -0.0026155846805742265 0.0039286928566752205 0.035843204586482949 0.0094264536895291295 0.0028229702353029518 -0.0023814236166251417 3.9003788600916806e-05 -0.024421438511417846 0.0022834163781704111 -0.0015157285551065712
leaf_weight=73724 63799 11229 181 27404 19522 7339 151 1487 11032 24193 419709 151 9755 10354
leaf_count=73724 63799 11229 181 27404 19522 7339 151 1487 11032 24193 419709 151 9755 10354
internal_value=-1.65612e-05 9.88418e-05 0.000177643 0.00150309 -0.00140148 0.0049662 0.0053762 0.0118617 0.000677946 6.03629e-05 -8.26227e-05 -0.00123098 -0.00115193 0.00032726
internal_weight=680030 616231 585480 47594 30751 9158 8977 1638 38436 537886 464162 44453 44302 20109
internal_count=680030 616231 585480 47594 30751 9158 8977 1638 38436 537886 464162 44453 44302 20109
is_linear=0
shrinkage=0.05


Tree=69
num_leaves=15
num_cat=0
split_feature=10 14 2 13 1 5 5 14 5 3 14 17 13 17
split_gain=26.0577 47.1989 45.2544 38.9469 41.0827 32.4495 28.038 30.8818 25.3188 28.6783 56.2165 30.7926 27.7488 28.8843
threshold=0.15889647551301192 0.50214133744176681 0.56421204526467694 0.60335556421693892 0.06780787955283088 0.036906560340771201 0.50451031676838143 0.50085397158776013 0.98572560561467071 0.96258283958744795 0.50058651046568603 0.45383600568297144 0.32230178656828595 0.36877874749380829
decision_type=2 2 2 2 2 2 2 2 2 2 2 2 2 2
left_child=1 2 6 -3 -5 -6 7 -1 9 -2 12 -12 13 -11
right_child=8 3 -4 4 5 -7 -8 -9 -10 10 11 -13 -14 -15
leaf_value=-0.0033836553043422564 0.0001213908996099417 -0.00036958422809155162 -0.0021916073467685734 0.023583997696573936 0.023129023683614771 0.0033308883462824707 0.0013930377548669187 0.00031223525278271979 0.0028902943412781284 0.0048687223008730346 -0.0035341151304022081 0.001104630462295029 0.0018701303035204269 0.034028735796993788
leaf_weight=9355 545157 7760 49679 283 215 5539 20000 14279 7980 144 13954 4811 330 207
leaf_count=9355 545157 7760 49679 283 215 5539 20000 14279 7980 144 13954 4811 330 207
internal_value=-4.02826e-05 -0.000756073 -0.00115966 0.00197353 0.00498539 0.00407065 1.52419e-05 -0.0011507 9.36164e-05 5.40887e-05 -0.00183269 -0.00234483 0.0122793 0.0220657
internal_weight=679693 107110 93313 13797 6037 5754 43634 23634 572583 564603 19446 18765 681 351
internal_count=679693 107110 93313 13797 6037 5754 43634 23634 572583 564603 19446 18765 681 351
is_linear=0
shrinkage=0.05


Tree=70
num_leaves=15
num_cat=0
split_feature=0 9 4 11 7 0 10 2 10 2 10 7 4 6
split_gain=32.9384 31.2341 45.2248 40.7742 52.3134 36.736 31.6026 29.6222 28.9398 34.3791 28.7673 59.9403 30.4624 27.0434
threshold=0.2802906159912939 0.66245391260365516 0.3602755544307002 0.71581900343498672 0.020782220089379445 0.017311854811854818 0.32507313495211049 0.75013007284079103 0.20239893540497775 0.45130478136096119 0.50944769437807269 0.04813419300483273 0.98973983006241084 0.92891144952058669
decision_type=2 2 2 2 2 2 2 2 2 2 2 2 2 2
left_child=1 3 7 4 6 13 -1 -3 9 -2 11 -4 -12 -6
right_child=8 2 10 -5 5 -7 -8 -9 -10 -11 12 -13 -14 -15
leaf_value=-0.010790181541513379 0.00013453870363306988 -0.00010742723436525599 0.015850527561864076 0.0027518838103615306 0.0066972981577558786 0.00056793088480945814 0.0010543750458914432 0.0031274437145185382 3.8809894484068365e-05 -0.0017372273328808505 -0.0010729461153774936 -0.0083230654770212031 0.0072753654808998787 -0.0085697333767062196
leaf_weight=1590 43715 15551 284 29053 3664 81094 872 12987 390817 55904 40521 2642 1123 315
leaf_count=1590 43715 15551 284 29053 3664 81094 872 12987 390817 55904 40521 2642 1123 315
internal_value=6.12978e-05 0.000620781 -0.000189433 0.00112884 0.000590144 0.000798082 -0.00659503 0.00136469 -0.000155105 -0.000915855 -0.00118453 -0.00597676 -0.00084782 0.00548867
internal_weight=680132 189696 73108 116588 87535 85073 2462 28538 490436 99619 44570 2926 41644 3979
internal_count=680132 189696 73108 116588 87535 85073 2462 28538 490436 99619 44570 2926 41644 3979
is_linear=0
shrinkage=0.05


Tree=71
num_leaves=15
num_cat=0
split_feature=11 5 4 9 0 2 8 10 11 4 1 8 8 15
split_gain=34.357 45.7263 47.6684 51.6934 32.6408 32.4041 32.222 29.6454 29.6388 28.5135 28.0969 26.8951 25.6978 25.2125
threshold=0.80198398280195005 0.98572560561467071 0.15874193396448591 0.90800593471810098 0.10378135587951884 0.57632767424284326 0.95835883312933512 0.013183192425367056 0.91586602492252933 0.985924498397032 0.10440663753916767 0.98592374882353917 0.97842183106306846 0.096169792065314466
decision_type=2 2 2 2 2 2 2 2 2 2 2 2 2 2
left_child=5 2 4 -4 13 -1 -3 9 -8 -7 11 -5 -10 -2
right_child=1 6 3 10 -6 7 8 -9 12 -11 -12 -13 -14 -15
leaf_value=0.00018662892705720039 0.0042562655237233741 0.0032582082373949156 0.0007446843301247303 -0.0052992916084847169 0.0018635979886177556 -0.0039448485836192379 0.00222775749955061 -0.00051827115513161496 0.035785154264085191 -0.02553209586218351 -0.0012419630008675831 -0.026246196607898137 0.013999791173225334 0.013137246677301949
leaf_weight=320519 2599 2246 87226 2834 18107 4031 351 219098 189 159 20124 162 477 1154
leaf_count=320519 2599 2246 87226 2834 18107 4031 351 219098 189 159 20124 162 477 1154
internal_value=4.19637e-05 0.000754418 0.000610102 0.000187524 0.00274321 -0.000135517 0.00660165 -0.000597943 0.0139855 -0.00476403 -0.0019145 -0.00643193 0.0201821 0.00698705
internal_weight=679276 135469 132206 110346 21860 543807 3263 223288 1017 4190 23120 2996 666 3753
internal_count=679276 135469 132206 110346 21860 543807 3263 223288 1017 4190 23120 2996 666 3753
is_linear=0
shrinkage=0.05


Tree=72
num_leaves=15
num_cat=0
split_feature=17 8 16 3 11 15 7 17 16 10 16 12 1 8
split_gain=24.302 29.1267 68.1071 49.1305 44.154 33.2558 32.7674 25.6241 30.6254 27.4302 30.1613 25.2158 23.812 38.8987
threshold=0.27313067623956805 0.99369615437600023 0.013482282432004323 0.70619590964135681 0.5973664945673115 0.77783796797881311 0.94341192352368708 0.38227100301766143 0.80598192005273328 0.79782162214264007 0.028928218722386823 0.99132316958403932 0.25795253774494059 0.88418393668289863
decision_type=2 2 2 2 2 2 2 2 2 2 2 2 2 2
left_child=-1 12 4 7 -3 11 -7 8 -4 10 -9 -5 13 -2
right_child=1 2 3 5 -6 6 -8 9 -10 -11 -12 -13 -14 -15
leaf_value=-0.0013135890729494108 0.00086091288814164999 0.039324022553905491 6.3555418188578991e-05 -0.011526325953884017 0.0071264319078181877 0.022950380492425041 -0.0073801572407212329 0.022401665081714942 0.026998783893708401 0.014323426360993562 -0.0004097977137384448 0.0096736023477307573 -0.0001268182787658035 -0.0014593096564957896
leaf_weight=32793 144154 210 169 1089 216 187 170 157 281 509 1881 161 477877 20652
leaf_count=32793 144154 210 169 1089 216 187 170 157 281 509 1881 161 477877 20652
internal_value=1.43427e-05 8.15744e-05 0.00387157 0.00210179 0.0229985 -0.00495185 0.00850727 0.00588397 0.0168831 0.00394066 0.00134751 -0.00879578 5.19118e-05 0.000570164
internal_weight=680506 647713 5030 4604 426 1607 357 2997 450 2547 2038 1250 642683 164806
internal_count=680506 647713 5030 4604 426 1607 357 2997 450 2547 2038 1250 642683 164806
is_linear=0
shrinkage=0.05


Tree=73
num_leaves=15
num_cat=0
split_feature=4 14 10 14 8 14 9 5 14 8 11 1 12 16
split_gain=35.3896 57.167 40.047 36.7168 40.9805 36.4492 45.207 28.9332 51.2142 46.2284 43.72 36.882 36.1696 33.8164
threshold=0.64801091405184186 0.50061462838215609 0.51309212166542018 0.50263854079643566 0.93082382479429249 0.50057142931778531 0.87631501560469383 0.79791303716608608 0.50111234842860686 0.94253659763825348 0.30550769933311001 0.74707235005436556 0.8976493069945205 0.82957134109001851
decision_type=2 2 2 2 2 2 2 2 2 2 2 2 2 2
left_child=5 2 -2 -3 -5 6 -1 -7 9 -9 12 13 -11 -12
right_child=1 3 -4 4 -6 7 -8 8 -10 10 11 -13 -14 -15
leaf_value=-0.0040274205330732933 -1.3809319285782398e-05 -0.00041739560071234509 0.0056467953235898776 -0.001957969883930287 -0.010133137185526922 0.00022726050511567505 0.0065790034621797389 0.0022144299124825435 -0.00028413772024532893 -0.0062129386273516215 0.0048593987372916436 0.02406572222940969 0.021218452708342592 0.023219447972559148
leaf_weight=8352 6173 206956 6327 19740 1662 377835 1142 26785 23155 639 1173 537 148 319
leaf_count=8352 6173 206956 6327 19740 1662 377835 1142 26785 23155 639 1173 537 148 319
internal_value=4.61801e-05 -0.000441057 0.00285136 -0.000621279 -0.00259282 0.000312844 -0.00275161 0.000380412 0.00147727 0.00285511 0.00894909 0.0128292 -0.0010543 0.00878491
internal_weight=680943 240858 12500 228358 21402 440085 9494 430591 52756 29601 2816 2029 787 1492
internal_count=680943 240858 12500 228358 21402 440085 9494 430591 52756 29601 2816 2029 787 1492
is_linear=0
shrinkage=0.05


Tree=74
num_leaves=15
num_cat=0
split_feature=2 6 17 11 5 12 9 0 3 2 9 9 6 12
split_gain=27.3708 27.9303 31.0344 30.5143 46.5494 24.5824 24.1784 37.8325 26.564 43.7758 25.8193 24.9419 22.5847 22.3475
threshold=0.23033387569984501 0.95766536862427287 0.35483270918270093 0.83379694826599005 0.95492722612805381 0.032930884904569122 0.54810419982010672 0.49039171685035793 0.005249347850048376 0.97028327785264801 0.17462707700744615 0.4612439735642796 0.92225116338974333 0.23218517264725799
decision_type=2 2 2 2 2 2 2 2 2 2 2 2 2 2
left_child=-1 3 -3 -2 6 -6 7 10 9 -8 -5 -9 -7 -14
right_child=1 2 -4 4 5 12 8 11 -10 -11 -12 -13 13 -15
leaf_value=0.00054952570381790091 -0.00032825909254160482 -0.005248841542796253 -0.00013179981627991464 0.0076244240676361392 0.027057228515247916 0.0058628741064033789 0.0021023861843161287 -0.0016305254998580444 -0.00029637234559717841 0.040703678779447305 0.002302249512806697 0.0038547027039772131 -0.019276737718685689 0.00091114493931259994
leaf_weight=155711 422118 5732 6134 2850 121 5075 250 9483 56864 104 11370 2652 154 1248
leaf_count=155711 422118 5732 6134 2850 121 5075 250 9483 56864 104 11370 2652 154 1248
internal_value=-3.25399e-05 -0.000205454 -0.00260364 -0.000149906 0.00068502 0.00472818 0.000365817 0.00161892 -0.000211369 0.0134429 0.00336893 -0.000431776 0.00431104 -0.00130635
internal_weight=679866 524155 11866 512289 90171 6598 83573 26355 57218 354 14220 12135 6477 1402
internal_count=679866 524155 11866 512289 90171 6598 83573 26355 57218 354 14220 12135 6477 1402
is_linear=0
shrinkage=0.05


Tree=75
num_leaves=15
num_cat=0
split_feature=3 14 9 14 0 14 14 9 16 16 13 11 3 9
split_gain=28.7948 49.8131 38.6949 40.1318 31.529 33.6665 33.0423 28.9907 36.4224 33.9924 33.7534 28.1501 33.2312 36.8385
threshold=0.70220335383121613 0.50058651046568603 0.57970083081852397 0.50058105772087635 0.0054719664645557315 0.50131061824078282 0.50198020578455371 0.92350106781580388 0.0095808520647596759 0.97845100738604096 0.11768596327419857 0.96611417588178039 0.068553153359261806 0.81698867931750552
decision_type=2 2 2 2 2 2 2 2 2 2 2 2 2 2
left_child=4 2 -2 -4 5 -1 -7 -3 -9 10 -10 -6 -13 -14
right_child=1 7 3 -5 11 6 -8 8 9 -11 -12 12 13 -15
leaf_value=0.010698121412096216 0.0003354162087477791 -0.00053662260436310898 0.0059012445783753814 0.02484574056673013 4.4049556441342233e-05 -0.015637697448552906 0.01489192642811828 0.016292780991818055 -0.0083924354669308344 0.008604283916481931 -0.0023761086673475783 0.0082685991057020788 0.0046738087275640904 -0.00065224005494309023
leaf_weight=1333 3941 180545 2688 312 459296 274 131 247 2879 601 12254 1967 5164 8744
leaf_count=1333 3941 180545 2688 312 459296 274 131 247 2879 601 12254 1967 5164 8744
internal_value=-7.2278e-05 -0.000570271 0.00359261 0.00787147 0.000140184 0.00686232 -0.00576268 -0.000717298 -0.00275847 -0.00305755 -0.00352069 0.000115597 0.00218562 0.00132531
internal_weight=680376 203467 6941 3000 476909 1738 405 196526 15981 15734 15133 475171 15875 13908
internal_count=680376 203467 6941 3000 476909 1738 405 196526 15981 15734 15133 475171 15875 13908
is_linear=0
shrinkage=0.05


Tree=76
num_leaves=15
num_cat=0
split_feature=4 14 17 9 5 14 10 2 5 14 8 8 11 7
split_gain=24.3025 41.4793 41.484 41.3225 42.5235 35.4266 52.9357 33.7714 29.0088 50.2146 36.2647 26.8025 29.0282 26.3679
threshold=0.64801091405184186 0.50059988023986579 0.14613939469011936 0.5681378824140555 0.94681465994342651 0.50057142931778531 0.75424282707433266 0.4750694652904458 0.79791303716608608 0.50103842271892074 0.73030239969696908 0.99369615437600023 0.41271015309476849 0.98639969582999376
decision_type=2 2 2 2 2 2 2 2 2 2 2 2 2 2
left_child=5 2 7 4 -4 6 -1 -2 -7 11 -11 -10 -13 -12
right_child=1 -3 3 -5 -6 8 -8 -9 9 10 13 12 -14 -15
leaf_value=-0.0048480632109963893 -0.0020613946147242709 -0.00054707566529545214 -0.00078217713695228524 0.0067592810196530533 0.013892399706968575 0.00013725799348794331 0.0038479852144572926 -0.031362589887313302 0.0027009927277885423 0.0012704496221592342 -0.0029226419450756654 -0.0039616395236568196 0.023886299203460415 0.017606785883995231
leaf_weight=7339 269 228960 5643 4601 541 377348 2298 155 26425 16200 9598 136 300 159
leaf_count=7339 269 228960 5643 4601 541 377348 2298 155 26425 16200 9598 136 300 159
internal_value=2.81497e-06 -0.000401687 0.00256809 0.0031712 0.000501611 0.000223707 -0.00277444 -0.0127729 0.000290874 0.00138835 -0.000179942 0.00290387 0.0151998 -0.00258809
internal_weight=679972 240169 11209 10785 6184 439803 9637 424 430166 52818 25957 26861 436 9757
internal_count=679972 240169 11209 10785 6184 439803 9637 424 430166 52818 25957 26861 436 9757
is_linear=0
shrinkage=0.05


Tree=77
num_leaves=15
num_cat=0
split_feature=1 3 14 17 14 6 0 17 13 6 14 16 13 0
split_gain=27.5021 27.475 35.7069 31.6567 27.3551 33.9562 34.5078 24.2792 24.2563 24.0207 47.9847 35.5944 34.3836 47.688
threshold=0.96301467292815535 0.96258283958744795 0.50058651046568603 0.44702216748768481 0.5007241133413034 0.85502375800883279 0.2844548874128266 0.48026680876288014 0.32230178656828595 0.094607130321416058 0.50102354252573011 0.35357699154428129 0.24017160590746287 0.013284624514125118
decision_type=2 2 2 2 2 2 2 2 2 2 2 2 2 2
left_child=1 9 8 -4 5 6 7 -5 -3 10 -1 -11 13 -12
right_child=-2 2 3 4 -6 -7 -8 -9 -10 11 12 -13 -14 -15
leaf_value=-0.0024035531942891747 -0.0015777502486183162 0.017105436466691097 -0.0030434527980102962 -0.012806298655711793 0.0021930791697649817 0.0047074392883733841 -0.0025310976142570761 -0.040490003061778329 4.048039054286105e-05 0.00080031066009786812 -0.031295045784918978 -3.7491292213855053e-05 0.0015569214956296761 -0.0019120936890478909
leaf_weight=26167 26082 420 17290 176 6139 422 349 144 413 188911 141 385445 21362 6688
leaf_count=26167 26082 420 17290 176 6139 422 349 144 413 188911 141 385445 21362 6688
internal_value=1.44263e-05 7.79169e-05 -0.00153584 -0.0018817 0.000896546 -0.00639898 -0.0134048 -0.025264 0.00864466 0.000142992 -0.000861612 0.00023807 0.000569624 -0.00251877
internal_weight=680149 654067 25353 24520 7230 1091 669 320 833 628714 54358 574356 28191 6829
internal_count=680149 654067 25353 24520 7230 1091 669 320 833 628714 54358 574356 28191 6829
is_linear=0
shrinkage=0.05


Tree=78
num_leaves=15
num_cat=0
split_feature=6 14 11 6 13 14 10 10 4 14 6 1 14 6
split_gain=26.0435 35.5711 28.989 34.1975 33.5779 31.5734 26.1837 21.7761 23.7314 22.5487 19.8173 19.7458 24.2521 27.3162
threshold=0.93239394814529597 0.50091743428140501 0.19143216984526809 0.96143717728055089 0.27927002978337684 0.50082987609020246 0.009265391219033605 0.013183192425367056 0.985924498397032 0.50221730580137669 0.95016093809834312 0.009526834876263086 0.50132100626823595 0.23263083913728902
decision_type=2 2 2 2 2 2 2 2 2 2 2 2 2 2
left_child=7 2 -2 4 5 -4 -3 8 9 -1 -7 12 -9 -14
right_child=1 6 3 -5 -6 10 -8 11 -10 -11 -12 -13 13 -15
leaf_value=-0.0031506426694052855 -0.0048436525565232714 -0.025358337530087739 0.0056731903385021706 -0.0016521961889239501 0.00091393864488943438 0.010381975578899794 -0.0026680726901989389 0.0053102774959180449 -0.024976828955432292 0.0064119895951536346 0.032712045737248376 3.6785942101704091e-05 0.0090533237456066583 -0.0063627284969120694
leaf_weight=6792 2240 128 2434 5584 4682 212 18984 3686 117 678 187 632844 391 1084
leaf_count=6792 2240 128 2434 5584 4682 212 18984 3686 117 678 187 632844 391 1084
internal_value=-4.12393e-05 -0.0013807 0.00041268 0.00131154 0.00351374 0.00781033 -0.00282004 3.02389e-05 -0.00263268 -0.00228271 0.0208474 6.19056e-05 0.00314209 -0.00227617
internal_weight=680043 34451 15339 13099 7515 2833 19112 645592 7587 7470 399 638005 5161 1475
internal_count=680043 34451 15339 13099 7515 2833 19112 645592 7587 7470 399 638005 5161 1475
is_linear=0
shrinkage=0.05


Tree=79
num_leaves=15
num_cat=0
split_feature=15 11 14 8 8 3 2 14 17 16 13 9 15 6
split_gain=26.6334 24.9523 46.5446 47.3705 33.5535 26.9572 43.2019 43.8915 37.0408 49.0343 33.5168 27.1171 26.749 26.1912
threshold=0.96276228906823191 0.80198398280195005 0.50275484184323982 0.89584724076546518 0.70615074415897572 0.17932810075282471 0.89207349365686928 0.50097943286903812 0.89888537009438652 0.12761160714285716 0.8206668880722553 0.66685736079328761 0.017449109783680337 0.68520760469913033
decision_type=2 2 2 2 2 2 2 2 2 2 2 2 2 2
left_child=1 4 5 -4 12 6 -3 8 9 -8 11 -9 -1 -11
right_child=-2 2 3 -5 -6 -7 7 10 -10 13 -12 -13 -14 -15
leaf_value=0.0036817442060086548 -0.0015678743788379611 0.0013710223189173374 -0.001198585186813059 -0.011089189883523006 -0.0007285756480378845 0.00059269726365113109 0.03075160470765291 0.010082041343628223 -0.0033194627222645993 0.014051431557120698 -0.022039168434845203 -0.0011081302291527186 0.00010372123132847468 -0.00011306606484598372
leaf_weight=5299 26336 17920 9519 1387 151245 97306 360 899 364 1289 138 1361 366587 437
leaf_count=5299 26336 17920 9519 1387 151245 97306 360 899 364 1289 138 1361 366587 437
internal_value=-8.90812e-06 5.38594e-05 0.000671026 -0.00245645 -0.000100665 0.000955087 0.00250387 0.00669129 0.011398 0.0139662 0.00188248 0.00334318 0.000154704 0.0104652
internal_weight=680447 654111 130980 10906 523131 120074 22768 4848 2450 2086 2398 2260 371886 1726
internal_count=680447 654111 130980 10906 523131 120074 22768 4848 2450 2086 2398 2260 371886 1726
is_linear=0
shrinkage=0.05


Tree=80
num_leaves=15
num_cat=0
split_feature=3 7 0 14 13 0 14 7 13 13 6 6 6 14
split_gain=26.7222 43.0869 29.9513 29.3211 31.4775 29.1306 44.9962 33.4514 25.0829 34.7812 26.6092 24.7262 24.3332 23.786
threshold=0.43190929088680635 0.54550833781603025 0.0054719664645557315 0.50058651046568603 0.22026729372544354 0.434874163337713 0.50063011997293716 0.98267147111077757 0.86001345895020198 0.36958399038822559 0.2660146348462385 0.12742334814421827 0.96994335208243199 0.5006891802032869
decision_type=2 2 2 2 2 2 2 2 2 2 2 2 2 2
left_child=1 2 8 4 -4 6 -3 -8 9 -1 -11 13 -5 -2
right_child=11 5 3 12 -6 -7 7 -9 -10 10 -12 -13 -14 -15
leaf_value=0.0025571879223021364 -0.0061411629358826348 0.013077040073325441 0.0034102894934423564 0.00024150317925303061 -0.0042242287433094843 0.0006560044803467517 0.0030559256818565752 -0.022414920061755068 -0.014018977994687463 0.035260795822844929 0.010721206565863874 -0.00015049080443541691 -0.01610035551785953 -0.0012437567040161418
leaf_weight=577 2859 1154 1676 247984 6944 18187 15297 130 114 191 262 365940 228 18668
leaf_count=577 2859 1154 1676 247984 6944 18187 15297 130 114 191 262 365940 228 18668
internal_value=2.50353e-05 0.000385579 0.00016289 0.000126934 -0.00273984 0.00203791 0.00355367 0.00284129 0.00823523 0.0106983 0.0210679 -0.000247367 0.000226492 -0.00189418
internal_weight=680211 292744 257976 256832 8620 34768 16581 15427 1144 1030 453 387467 248212 21527
internal_count=680211 292744 257976 256832 8620 34768 16581 15427 1144 1030 453 387467 248212 21527
is_linear=0
shrinkage=0.05


Tree=81
num_leaves=15
num_cat=0
split_feature=4 14 14 10 4 14 17 17 5 17 4 11 14 6
split_gain=26.836 44.6581 39.4887 40.2071 30.0204 28.7057 25.5797 41.027 69.5354 28.8244 42.4741 33.7227 25.2698 24.1584
threshold=0.62412170278586843 0.50061462838215609 0.50057142931778531 0.75424282707433266 0.99777776680378683 0.50062422069825441 0.35036337581247762 0.3406353471855656 0.75934094698879295 0.41521741939652396 0.86813904111554252 0.35718414533443438 0.50440537183667145 0.057330211275926156
decision_type=2 2 2 2 2 2 2 2 2 2 2 2 2 2
left_child=2 6 3 -1 5 -3 7 -2 -9 10 11 -8 -7 -4
right_child=1 4 13 -5 -6 12 9 8 -10 -11 -12 -13 -14 -15
leaf_value=-0.0048410680807866443 0.00015919529450634994 -0.0060414486384943256 -0.0010885814331719737 0.0029053562600673171 0.0048659043824429531 -0.00047078512441616995 -0.008006604853161502 0.00399659833323861 -0.050278489881715328 0.002260241455324984 0.017736475005813303 0.0088183573629250118 -0.0033796116725391709 0.00041539614386295785
leaf_weight=7031 3105 2417 28689 2199 2520 230731 442 126 111 7772 822 913 7716 385295
leaf_count=7031 3105 2417 28689 2199 2520 230731 442 126 111 7772 822 913 7716 385295
internal_value=-5.58276e-06 -0.000408948 0.000239054 -0.00299552 -0.000563069 -0.000619868 0.0024133 -0.00137135 -0.0214234 0.00368461 0.00876969 0.00333007 -0.000564913 0.000311171
internal_weight=679889 256675 423214 9230 243384 240864 13291 3342 237 9949 2177 1355 238447 413984
internal_count=679889 256675 423214 9230 243384 240864 13291 3342 237 9949 2177 1355 238447 413984
is_linear=0
shrinkage=0.05


Tree=82
num_leaves=15
num_cat=0
split_feature=3 14 13 8 4 4 7 14 14 10 1 8 14 2
split_gain=23.9223 40.8815 44.0649 33.9721 47.8392 32.8568 32.8167 37.3782 32.7627 48.1873 34.7153 28.1164 27.9551 27.1933
threshold=0.65912902999227374 0.50058651046568603 0.22420418333031475 0.99369615437600023 0.009311615520391418 0.91550271156022023 0.64324823899685279 0.50053909624800641 0.50058651046568603 0.69446631671041137 0.3690840068691319 0.88418393668289863 0.5005112479782704 0.5956890396591954
decision_type=2 2 2 2 2 2 2 2 2 2 2 2 2 2
left_child=3 2 5 6 -5 -2 8 12 9 10 -1 -9 -8 -14
right_child=1 -3 -4 4 -6 -7 7 11 -10 -11 -12 -13 13 -15
leaf_value=-0.00031769362146692818 0.0056936985576794656 -0.00053528136485721939 0.00087436796368665155 0.025061956846454583 0.0034439897921935171 0.02008142314385623 0.0030538151777289506 0.0014494321996484623 8.7471532089512225e-05 0.0023615270167729688 -0.0067105632446754623 -0.0020784058733123519 0.0068735858440573385 0.036174824716885191
leaf_weight=3319 1579 224838 5824 280 2975 530 342 57084 367274 3678 5896 6268 139 184
leaf_count=3319 1579 224838 5824 280 2975 530 342 57084 367274 3678 5896 6268 139 184
internal_value=2.8991e-07 -0.000410815 0.00311683 0.000214159 0.0053036 0.00930939 0.000176863 0.00122417 5.04541e-07 -0.00247686 -0.00440802 0.00110039 0.0130165 0.0235653
internal_weight=680210 232771 7933 447439 3255 2109 444184 64017 380167 12893 9215 63352 665 323
internal_count=680210 232771 7933 447439 3255 2109 444184 64017 380167 12893 9215 63352 665 323
is_linear=0
shrinkage=0.05


Tree=83
num_leaves=15
num_cat=0
split_feature=7 14 3 16 4 14 11 9 14 1 14 17 14 2
split_gain=27.1646 31.9244 28.1055 38.9205 29.1242 26.6431 27.3796 25.7617 27.8544 25.2479 28.1057 24.5947 23.5364 32.1304
threshold=0.016719866627359692 0.50086281341194694 0.0090689271360503577 0.052664597503797143 0.0055020736838918673 0.50151745417702875 0.88824096112433415 0.65075205495417066 0.5008176620348086 0.95075837519170447 0.50058105772087635 0.27313067623956805 0.5005112479782704 0.72638342082239726
decision_type=2 2 2 2 2 2 2 2 2 2 2 2 2 2
left_child=1 7 3 -3 -5 -4 -7 -1 -9 11 -11 12 13 -2
right_child=9 2 5 4 -6 6 -8 8 -10 10 -12 -13 -14 -15
leaf_value=-0.0023072775755279729 -0.0013653313844614397 0.0082086679750536448 -0.0055591656101700556 -0.03365584577502985 -0.010433592124004886 -0.0003115625515197012 0.01720057414267908 0.0035923738628344522 0.024300921505694177 -0.0094684456793277128 -0.0010330852575960339 0.00018325562941063004 -0.0013936743835013662 0.035426285878746112
leaf_weight=2275 140 263 2819 148 1539 1541 261 1382 184 1018 32934 605675 30358 103
leaf_count=2275 140 263 2819 148 1539 1541 261 1382 184 1018 32934 605675 30358 103
internal_value=3.12188e-06 -0.00253117 -0.00464793 -0.00968179 -0.0124709 -0.00252371 0.00222488 0.00109007 0.00602556 4.24922e-05 -0.00128601 0.000113382 -0.00126961 0.0142295
internal_weight=680640 10412 6571 1950 1687 4621 1802 3841 1566 670228 33952 636276 30601 243
internal_count=680640 10412 6571 1950 1687 4621 1802 3841 1566 670228 33952 636276 30601 243
is_linear=0
shrinkage=0.05


Tree=84
num_leaves=15
num_cat=0
split_feature=10 5 14 6 17 17 6 14 16 8 6 14 14 8
split_gain=21.2181 23.1691 34.5325 31.1712 30.2821 36.5161 31.0413 35.5044 27.1267 27.0741 36.8215 24.2984 37.6741 32.3835
threshold=0.99377914514038046 0.98572560561467071 0.50122699571229001 0.98285518322555376 0.47340009323077953 0.40989799307088887 0.84906747239370495 0.50065574475404206 0.87252435949319807 0.95028263021748172 0.89675276051014474 0.50059988023986579 0.50058651046568603 0.90355706517646006
decision_type=2 2 2 2 2 2 2 2 2 2 2 2 2 2
left_child=1 8 3 4 5 -3 7 -6 -1 -7 -11 12 -10 -14
right_child=-2 2 -4 -5 6 9 -8 -9 11 10 -12 -13 13 -15
leaf_value=5.5915910354430981e-05 -0.0032138477875291458 0.0034417869813002607 -0.0012738048359551282 -0.0082432886339563576 0.029647027289182167 0.0090087047713953722 -0.0074687408250378442 0.0018553204860911818 -0.00012071901445806716 0.012708016182794012 0.039552690653663285 -0.0011005654055585518 0.0074154102139612505 0.032454686659077803
leaf_weight=581676 5266 2334 4127 441 137 1458 782 713 2764 374 194 78923 928 150
leaf_count=581676 5266 2334 4127 441 137 1458 782 713 2764 374 194 78923 928 150
internal_value=-5.23288e-05 -2.76643e-05 0.00229597 0.00458612 0.00553034 0.00770501 -0.000279454 0.00633469 -6.45941e-05 0.0126163 0.0218768 -0.000911543 0.00297138 0.0108995
internal_weight=680267 675001 10560 6433 5992 4360 1632 850 664441 2026 568 82765 3842 1078
internal_count=680267 675001 10560 6433 5992 4360 1632 850 664441 2026 568 82765 3842 1078
is_linear=0
shrinkage=0.05


Tree=85
num_leaves=15
num_cat=0
split_feature=5 14 7 17 17 3 1 7 2 17 9 2 15 1
split_gain=23.1059 38.7931 37.8533 35.9703 54.9449 28.281 27.8735 29.1752 26.3558 26.8107 34.3645 38.4627 42.2241 30.056
threshold=0.98572560561467071 0.50124223794180478 0.20202414157172352 0.47405002405002411 0.40214827727645613 0.97476034424673064 0.036814333601380603 0.99768785818150729 0.23812276355628959 0.73102592031901936 0.974529665015334 0.91971316952811766 0.47918271700051368 0.032960789210789217
decision_type=2 2 2 2 2 2 2 2 2 2 2 2 2 2
left_child=8 2 -2 4 -4 -6 -3 -8 -1 -10 13 -12 -13 -11
right_child=1 6 3 -5 5 -7 7 -9 9 10 11 12 -14 -15
leaf_value=0.00055999767775101776 0.012085125796160294 -0.020227752329421936 -0.00047547282429430968 -0.0048413459188246487 0.0078189506423232066 0.022174883224246381 -0.0016048982784520644 0.017381853993686143 -0.0003475844410410688 0.0050700388081847837 0.003217487115492833 0.032635294295695803 0.0043999030859969727 0.00024129640933893433
leaf_weight=160740 1378 189 2137 1197 1454 449 3709 214 414423 3345 2323 258 272 88054
leaf_count=160740 1378 189 2137 1197 1454 449 3709 214 414423 3345 2323 258 272 88054
internal_value=3.87799e-05 0.00234096 0.00471163 0.00277145 0.00502703 0.0112061 -0.00147274 -0.000569169 1.88872e-06 -0.000174472 0.000586696 0.0059905 0.0181447 0.000418018
internal_weight=680142 10727 6615 5237 4040 1903 4112 3923 669415 508675 94252 2853 530 91399
internal_count=680142 10727 6615 5237 4040 1903 4112 3923 669415 508675 94252 2853 530 91399
is_linear=0
shrinkage=0.05


Tree=86
num_leaves=15
num_cat=0
split_feature=5 3 17 1 4 17 11 11 11 7 8 1 11 17
split_gain=21.4015 56.6017 25.5958 27.2516 36.4735 25.3435 26.6358 24.4246 27.3031 27.09 26.8426 22.2379 19.8565 19.382
threshold=0.99763313277985066 0.080218892170165229 0.40011337868480729 0.40868914345222601 0.99378237674286762 0.41087092731829578 0.19559706917661465 0.55451920527606557 0.42036795280920614 0.87639669163545586 0.97457059877929808 0.55626553795343614 0.84153590526673006 0.27313067623956805
decision_type=2 2 2 2 2 2 2 2 2 2 2 2 2 2
left_child=13 11 3 4 -3 -4 -7 8 9 -8 12 -2 -9 -1
right_child=1 2 5 -5 -6 6 7 10 -10 -11 -12 -13 -14 -15
leaf_value=-0.0011733937888212176 0.037127831699326638 0.0071934199279044255 -0.026299672298929069 0.0017231641512996745 0.041420886557755353 -0.017457943825968474 0.015673264276061284 -0.0063356161024075977 0.028712149494057222 -0.017674203341808713 -0.019138346166679792 0.011475319170273383 0.012686282292715918 8.0471469828107377e-05
leaf_weight=32366 160 215 103 583 122 199 149 293 155 103 192 179 258 645347
leaf_count=32366 160 215 103 583 122 199 149 293 155 103 192 179 258 645347
internal_value=3.83253e-05 0.00447196 0.00174071 0.0082658 0.0195844 -0.00239365 -0.000568355 0.00235428 0.0121996 0.00204315 -0.00303881 0.0235827 0.00257119 2.05898e-05
internal_weight=680424 2711 2372 920 337 1452 1349 1150 407 252 743 339 551 677713
internal_count=680424 2711 2372 920 337 1452 1349 1150 407 252 743 339 551 677713
is_linear=0
shrinkage=0.05


Tree=87
num_leaves=15
num_cat=0
split_feature=16 14 13 0 14 13 8 17 17 16 2 9 11 1
split_gain=20.0386 30.1547 42.5249 27.2121 38.2656 56.4576 30.9532 36.0649 44.9075 36.1223 30.8206 46.6479 26.8376 26.6951
threshold=0.86502039104449613 0.50066357029882258 0.71839869900214737 0.075909999759100011 0.50069300102581449 0.18862869901479071 0.95028263021748172 0.4305585607863745 0.49743481806940465 0.28191194181406004 0.95848403734412757 0.66245391260365516 0.35311876421796273 0.35671580974076578
decision_type=2 2 2 2 2 2 2 2 2 2 2 2 2 2
left_child=3 2 -2 4 6 10 13 12 9 -9 -6 -12 -8 -1
right_child=1 -3 -4 -5 5 -7 7 8 -10 -11 11 -13 -14 -15
leaf_value=0.0027188571415608753 0.0034991862757130913 -0.0010175717259763451 -0.0042032839807551597 1.2958953996652314e-06 -0.0015229554397094105 0.001791969122180743 0.0041947474926892743 -0.03261425208528871 0.015760910066155452 0.0058126835297819569 0.00085235507571182793 -0.017042989631806733 0.034645325144805221 0.022399992156731951
leaf_weight=5375 8239 82455 2290 546229 6479 26112 102 108 436 141 630 863 249 178
leaf_count=5375 8239 82455 2290 546229 6479 26112 102 108 436 141 630 863 249 178
internal_value=-1.38458e-05 -0.000695814 0.00182394 9.41997e-05 0.00134188 0.000667573 0.00482996 0.0127641 0.00608614 -0.0108544 -0.00301535 -0.00949171 0.0257964 0.00334973
internal_weight=679886 92984 10529 586902 40673 34084 6589 1036 685 249 7972 1493 351 5553
internal_count=679886 92984 10529 586902 40673 34084 6589 1036 685 249 7972 1493 351 5553
is_linear=0
shrinkage=0.05


Tree=88
num_leaves=15
num_cat=0
split_feature=16 5 11 7 12 12 14 13 5 17 12 14 17 2
split_gain=25.6311 26.96 32.4439 24.0424 23.4674 32.6001 22.6135 42.0465 26.0708 22.2827 22.2551 21.9091 22.6934 21.2558
threshold=0.87252435949319807 0.98961231646691605 0.24253973324041275 0.47929784090819322 0.90984227521112782 0.95259642098382102 0.50065061836259217 0.29870887572171123 0.040827589313871253 0.36640092643928968 0.54033672891907203 0.50064557806118204 0.44568158795151708 0.94294532250158247
decision_type=2 2 2 2 2 2 2 2 2 2 2 2 2 2
left_child=-1 6 3 10 -4 -6 7 8 -2 -10 -3 12 -11 -14
right_child=1 2 4 -5 5 -7 -8 -9 9 11 -12 -13 13 -15
leaf_value=0.00013772645503978498 -0.015142556631352997 0.019107625353391527 0.0044954541061988651 -0.014649270398095451 0.039507928326105085 0.0049392474063707495 -0.0012194145082731636 -0.0012177930691434661 0.0017792689805409658 0.015441871543629672 -0.011422836968553401 0.03029479303848789 0.0070322392648117463 -0.014215688267556419
leaf_weight=591830 137 135 2341 371 120 158 76135 5153 1158 761 107 132 739 140
leaf_count=591830 137 135 2341 371 120 158 76135 5153 1158 761 107 132 739 140
internal_value=1.95837e-05 -0.000778713 0.00370285 -0.00665187 0.00612646 0.019861 -0.000950421 0.00154104 0.00617629 0.00717311 0.00560862 0.010698 0.00912067 0.00364804
internal_weight=679417 87587 3232 613 2619 278 84355 8220 3067 2930 242 1772 1640 879
internal_count=679417 87587 3232 613 2619 278 84355 8220 3067 2930 242 1772 1640 879
is_linear=0
shrinkage=0.05


Tree=89
num_leaves=15
num_cat=0
split_feature=0 8 4 17 17 17 17 16 6 7 8 0 8 15
split_gain=23.5025 33.4079 26.0441 21.3327 33.5739 33.6094 51.4522 49.6725 49.384 48.9737 41.895 32.3109 32.4363 29.1219
threshold=0.26079990566424677 0.26953962951976856 0.009311615520391418 0.39153093311663079 0.37823299888517287 0.36877874749380829 0.35273038771073589 0.93092363463604078 0.2660146348462385 0.60397452255098538 0.97457059877929808 0.10789727208193896 0.93474257549753392 0.017449109783680337
decision_type=2 2 2 2 2 2 2 2 2 2 2 2 2 2
left_child=1 2 -1 4 5 6 7 8 11 -8 -11 12 -3 -6
right_child=-2 3 -4 -5 13 -7 9 -9 -10 10 -12 -13 -14 -15
leaf_value=-0.018606573369886196 -0.00010031382609117761 0.0097962152597504057 0.0019986426113903556 0.00057865605997481655 -0.018115382246291525 0.0045283466608851625 -0.0002574271943789369 -0.0049473875972620013 0.00025960534335872892 -0.0082839734864293673 -0.032494310864037472 0.0029916668719547545 0.031000661736953535 -0.003424625869008345
leaf_weight=154 503610 943 36573 104018 360 3379 2477 3713 14807 2410 193 1660 223 5360
leaf_count=154 503610 943 36573 104018 360 3379 2477 3713 14807 2410 193 1660 223 5360
internal_value=7.36076e-05 0.000570508 0.00191224 0.00021737 -0.000840484 -0.000167109 -0.0007675 0.000308792 0.00141559 -0.00529004 -0.0100791 0.00747245 0.0138516 -0.00434922
internal_weight=679880 176270 36727 139543 35525 29805 26426 21346 17633 5080 2603 2826 1166 5720
internal_count=679880 176270 36727 139543 35525 29805 26426 21346 17633 5080 2603 2826 1166 5720
is_linear=0
shrinkage=0.05


Tree=90
num_leaves=15
num_cat=0
split_feature=3 14 0 13 14 5 14 5 2 5 7 5 11 12
split_gain=22.4085 45.3383 26.4797 29.2884 34.7665 43.7679 46.0406 30.897 30.7076 25.1287 23.2463 22.1401 36.9102 24.5531
threshold=0.90373947384596487 0.50058651046568603 0.013284624514125118 0.26351819919781089 0.50106723707469991 0.15159759417630872 0.50144300444770218 0.20645740429721435 0.98963346766455584 0.83765230073962027 0.020782220089379445 0.50026232948583427 0.88034603744720485 0.42722119212057297
decision_type=2 2 2 2 2 2 2 2 2 2 2 2 2 2
left_child=2 -2 3 4 -1 6 -6 -5 9 -9 -4 -7 13 -13
right_child=1 -3 10 7 5 11 -8 8 -10 -11 -12 12 -14 -15
leaf_value=0.0039513681784755228 0.0060602934075042018 -0.0011514406326807139 -0.0021389180270848878 0.012704619910280313 -0.051703675447980747 0.0098790038135075902 -0.0070698956438288918 0.0012720652623213846 -0.023618063323486312 0.012124568446806594 7.1155888161271395e-05 0.020343506443636993 -0.032292419928126037 -0.008752769865240569
leaf_weight=1340 2256 64140 12141 1163 106 242 127 2083 104 717 594930 101 123 257
leaf_count=1340 2256 64140 12141 1163 106 242 127 2083 104 717 594930 101 123 257
internal_value=-3.38535e-05 -0.000906401 6.0588e-05 0.0032693 -0.00124549 -0.00852979 -0.0273754 0.0058181 0.00306018 0.00405108 2.69559e-05 -0.00245645 -0.00866265 -0.000544044
internal_weight=679830 66396 613434 6363 2296 956 233 4067 2904 2800 607071 723 481 358
internal_count=679830 66396 613434 6363 2296 956 233 4067 2904 2800 607071 723 481 358
is_linear=0
shrinkage=0.05


Tree=91
num_leaves=15
num_cat=0
split_feature=10 17 16 11 3 16 14 17 14 1 17 7 3 15
split_gain=17.8172 21.7604 19.5968 18.262 18.5247 15.3906 23.5271 25.6467 39.5521 45.8175 41.6298 23.2951 28.1188 23.0573
threshold=0.013183192425367056 0.33489419424850791 0.024829142990581459 0.44341872402557753 0.85622563443199906 0.84932518564982507 0.50059988023986579 0.4985141797258778 0.50057636906755121 0.06780787955283088 0.31857632813046827 0.38065019374968551 0.33350392357557151 0.0054185861468582187
decision_type=2 2 2 2 2 2 2 2 2 2 2 2 2 2
left_child=1 3 -3 -1 -5 13 7 8 9 -7 -10 -11 -13 -2
right_child=5 2 -4 4 -6 6 -8 -9 10 11 -12 12 -14 -15
leaf_value=-0.014908264887645462 0.0051971121536425347 -0.014635632779643394 -0.00092511617934089806 0.0071193664425152764 -0.018285482654841069 0.025416718722639106 -0.00075817857497528817 -0.0082404981829985319 -0.0086142703970322112 -0.0082487072576421933 0.01266299541489219 0.021474272590695009 -0.00050530634564527105 5.6814220947975758e-05
leaf_weight=590 2190 271 6808 242 102 164 97319 471 269 893 1581 165 1232 567835
leaf_count=590 2190 271 6808 242 102 164 97319 471 269 893 1581 165 1232 567835
internal_value=-5.26373e-05 -0.00239643 -0.00144999 -0.00956971 -0.000413467 -2.46947e-05 -0.00059005 0.00283658 0.00404877 -0.000112892 0.00956917 -0.00194121 0.00209071 7.65629e-05
internal_weight=680132 8013 7079 934 344 672119 102094 4775 4304 2454 1850 2290 1397 570025
internal_count=680132 8013 7079 934 344 672119 102094 4775 4304 2454 1850 2290 1397 570025
is_linear=0
shrinkage=0.05


Tree=92
num_leaves=15
num_cat=0
split_feature=5 11 14 10 0 0 12 8 12 12 8 7 3 1
split_gain=27.7468 31.1817 28.0529 34.8724 24.8561 24.276 30.8358 30.5492 22.6086 34.2612 25.6808 26.8052 24.9031 24.8092
threshold=0.9626284610281538 0.91586602492252933 0.50076045671353175 0.34025135560692427 0.90356236403190737 0.032801041932104542 0.60095025279884451 0.4980314655506472 0.23218517264725799 0.14088872434546526 0.89181446334411318 0.83623008594958115 0.9427343538503189 0.731813456813457
decision_type=2 2 2 2 2 2 2 2 2 2 2 2 2 2
left_child=-1 2 4 5 -2 6 7 -4 9 -3 -10 13 -13 -12
right_child=1 8 3 -5 -6 -7 -8 -9 10 -11 11 12 -14 -15
leaf_value=-3.5941315140753683e-05 0.0051564358591817787 0.0076685352334323349 0.0019846081593166199 0.0020195878828038433 -0.006253441244659555 -0.0016899024008157747 0.0026016199246755448 -0.028874914759969835 0.0032992742049430253 -0.018303101277810388 0.012186170031836053 -0.0082774517242796726 0.012408469425612237 0.030317263356129873
leaf_weight=653728 4886 282 111 9174 529 7380 232 289 1857 231 649 248 352 266
leaf_count=653728 4886 282 111 9174 529 7380 232 289 1857 231 649 248 352 266
internal_value=2.83368e-05 0.00161485 0.000903567 -8.523e-05 0.00404179 -0.00249531 -0.0119003 -0.0203114 0.00575275 -0.0040263 0.00724049 0.0120714 0.00385829 0.0174571
internal_weight=680214 26486 22601 17186 5415 8012 632 400 3885 513 3372 1515 600 915
internal_count=680214 26486 22601 17186 5415 8012 632 400 3885 513 3372 1515 600 915
is_linear=0
shrinkage=0.05


Tree=93
num_leaves=15
num_cat=0
split_feature=11 14 3 0 14 2 16 11 17 2 17 17 2 14
split_gain=20.266 30.4878 30.0707 28.58 28.4017 29.0885 28.1223 24.409 24.3686 22.4777 18.9211 18.4254 35.7628 29.8148
threshold=0.96187429163892524 0.50263854079643566 0.064539269681121877 0.017311854811854818 0.50108460380199527 0.93909442925940401 0.0054483611626468783 0.98252087718107151 0.43803986710963461 0.16765142258683891 0.23102592031901933 0.3406353471855656 0.85247471892469073 0.50105596738655334
decision_type=2 2 2 2 2 2 2 2 2 2 2 2 2 2
left_child=9 2 4 7 5 -2 -5 -4 -9 -1 -8 12 -12 -14
right_child=1 -3 3 6 -6 -7 10 8 -10 -11 11 -13 13 -15
leaf_value=0.00061860734325535477 0.0079756978838568127 -0.0037989888737021112 7.5375312448652579e-05 0.024280713248426899 0.00017287181830650167 0.02568919957506732 -0.0068393823031919756 -0.0040808201411841665 -0.033798665540841787 -0.0001652993364637873 0.0028623360236243911 0.0012603884641650873 0.026516816478779716 0.0010943734797380737
leaf_weight=109935 862 2581 317 137 727 317 651 127 151 543722 2082 18409 331 177
leaf_count=109935 862 2581 317 137 727 317 651 127 151 543722 2082 18409 331 177
internal_value=2.18617e-05 0.00136766 0.0019167 0.0014033 0.00794554 0.0127384 0.00169857 -0.00940835 -0.0202225 -3.34584e-05 0.00155567 0.00181593 0.00576454 0.017659
internal_weight=680526 26869 24288 22382 1906 1179 21787 595 278 653657 21650 20999 2590 508
internal_count=680526 26869 24288 22382 1906 1179 21787 595 278 653657 21650 20999 2590 508
is_linear=0
shrinkage=0.05


Tree=94
num_leaves=15
num_cat=0
split_feature=2 5 14 6 3 13 11 4 4 14 10 3 13 14
split_gain=20.3178 25.7344 36.3613 44.9859 37.6434 37.2672 28.6659 25.4559 25.2371 28.9765 32.5946 27.154 23.7052 51.5981
threshold=0.1360247814491036 0.9312540531776915 0.50058105772087635 0.79334379425345725 0.83257399642990582 0.22420418333031475 0.41271015309476849 0.055930307511470066 0.67545906543856749 0.50057142931778531 0.75424282707433266 0.005249347850048376 0.63868872714435543 0.50219781281397335
decision_type=2 2 2 2 2 2 2 2 2 2 2 2 2 2
left_child=-1 8 3 5 -5 -3 -4 -8 9 10 -2 -10 -11 -14
right_child=1 2 6 4 -6 -7 7 -9 11 12 -12 -13 13 -15
leaf_value=0.00063826403471970827 -0.0046908073922002557 0.048326189071709713 -0.0010421766444850243 -0.0030222817270058565 0.015992777749567255 0.0084859411567122789 0.0097412265741921022 0.0013637177518970799 0.019502328267112855 -0.00026122469233867798 0.0025613252291458383 -0.00079133472798952401 0.00019822030306775051 0.0031958958488102355
leaf_weight=91577 6383 121 15168 629 444 114 936 29040 165 238170 2046 166455 112719 16450
leaf_count=91577 6383 121 15168 629 444 114 936 29040 165 238170 2046 166455 112719 16450
internal_value=-5.45658e-05 -0.000162315 0.000967172 0.00918551 0.00484602 0.0289994 0.000729054 0.00162531 -0.000259049 -3.19377e-05 -0.00293047 -0.000771238 3.45724e-05 0.000579982
internal_weight=680417 588840 46452 1308 1073 235 45144 29976 542388 375768 8429 166620 367339 129169
internal_count=680417 588840 46452 1308 1073 235 45144 29976 542388 375768 8429 166620 367339 129169
is_linear=0
shrinkage=0.05


end of trees

feature_importances:
Column_14=207
Column_17=108
Column_0=105
Column_3=102
Column_8=94
Column_5=88
Column_15=70
Column_6=69
Column_13=60
Column_10=59
Column_9=58
Column_1=56
Column_2=55
Column_11=55
Column_4=50
Column_16=48
Column_7=34
Column_12=12

parameters:
[boosting: gbdt]
[objective: regression]
[metric: l2]
[tree_learner: serial]
[device_type: cpu]
[data_sample_strategy: bagging]
[data: ]
[valid: ]
[num_iterations: 95]
[learning_rate: 0.05]
[num_leaves: 15]
[num_threads: 6]
[seed: 2]
[deterministic: 0]
[force_col_wise: 0]
[force_row_wise: 0]
[histogram_pool_size: -1]
[max_depth: -1]
[min_data_in_leaf: 100]
[min_sum_hessian_in_leaf: 0.001]
[bagging_fraction: 0.8]
[pos_bagging_fraction: 1]
[neg_bagging_fraction: 1]
[bagging_freq: 1]
[bagging_seed: 29216]
[bagging_by_query: 0]
[feature_fraction: 0.8]
[feature_fraction_bynode: 1]
[feature_fraction_seed: 17795]
[extra_trees: 0]
[extra_seed: 19650]
[early_stopping_round: 0]
[early_stopping_min_delta: 0]
[first_metric_only: 0]
[max_delta_step: 0]
[lambda_l1: 0]
[lambda_l2: 0]
[linear_lambda: 0]
[min_gain_to_split: 0]
[drop_rate: 0.1]
[max_drop: 50]
[skip_drop: 0.5]
[xgboost_dart_mode: 0]
[uniform_drop: 0]
[drop_seed: 24198]
[top_rate: 0.2]
[other_rate: 0.1]
[min_data_per_group: 100]
[max_cat_threshold: 32]
[cat_l2: 10]
[cat_smooth: 10]
[max_cat_to_onehot: 4]
[top_k: 20]
[monotone_constraints: ]
[monotone_constraints_method: basic]
[monotone_penalty: 0]
[feature_contri: ]
[forcedsplits_filename: ]
[refit_decay_rate: 0.9]
[cegb_tradeoff: 1]
[cegb_penalty_split: 0]
[cegb_penalty_feature_lazy: ]
[cegb_penalty_feature_coupled: ]
[path_smooth: 0]
[interaction_constraints: ]
[verbosity: -1]
[saved_feature_importance_type: 0]
[use_quantized_grad: 0]
[num_grad_quant_bins: 4]
[quant_train_renew_leaf: 0]
[stochastic_rounding: 1]
[linear_tree: 0]
[max_bin: 255]
[max_bin_by_feature: ]
[min_data_in_bin: 3]
[bin_construct_sample_cnt: 200000]
[data_random_seed: 45]
[is_enable_sparse: 1]
[enable_bundle: 1]
[use_missing: 1]
[zero_as_missing: 0]
[feature_pre_filter: 1]
[pre_partition: 0]
[two_round: 0]
[header: 0]
[label_column: ]
[weight_column: ]
[group_column: ]
[ignore_column: ]
[categorical_feature: ]
[forcedbins_filename: ]
[precise_float_parser: 0]
[parser_config_file: ]
[objective_seed: 29484]
[num_class: 1]
[is_unbalance: 0]
[scale_pos_weight: 1]
[sigmoid: 1]
[boost_from_average: 1]
[reg_sqrt: 0]
[alpha: 0.9]
[fair_c: 1]
[poisson_max_delta_step: 0.7]
[tweedie_variance_power: 1.5]
[lambdarank_truncation_level: 30]
[lambdarank_norm: 1]
[label_gain: ]
[lambdarank_position_bias_regularization: 0]
[eval_at: ]
[multi_error_top_k: 1]
[auc_mu_weights: ]
[num_machines: 1]
[local_listen_port: 12400]
[time_out: 120]
[machine_list_filename: ]
[machines: ]
[gpu_platform_id: -1]
[gpu_device_id: -1]
[gpu_device_id_list: ]
[gpu_use_dp: 0]
[num_gpu: 1]

end of parameters

pandas_categorical:null
